s1_id,target_id,country,s1_name,s1_addr,tgt_name,tgt_addr,tgt_addr_missing,s1_len,tgt_len,extreme_len_diff
S1-182885247,S3-208972047,India,Supreme Lakshmi Agro Pvt Ltd,"Shree Gopal Smruti, Ram Maruti Road, Near New English School, Naupada, Thane, Maharashtra, Thane, 2",सुप्रीम लक्ष्मी एग्रो प्रा. लि.,"2, Thane, MH",False,28,31,False
S1-638722125,S3-673842082,India,Lakshmi Engineering Limited,"804, 8Th Floor, Times Square Arcade, Opp Rambaug Nr. Ravija Plaza, Thaltej - Shilaj Road, Ahmedabad, Gujarat",લક્ષ્મી એન્જિનિયરિંગ લિમિટેડ,"804, Ahmedabad, Ahmadabad, ગુજરાત",False,27,28,False
S1-621016028,S3-287246537,US,Feify L.L.C.,"AL, 7201 4th Avenue, Birmingham",Bélodrexnex,"Fourth Ave, N/A, Birmingham, Alabama",False,12,11,False
S1-166453176,S3-727780765,India,Dynamic Software Private Limited,"403 B, Woodland Chs Ltd New Link Rd, Lokhandwala Complx Andheri, W Mumbai, Mumbai, Mumbai City, Maharashtra",डायनामिक सॉफ्टवेयर प्राइवेट लिमिटेड,"Mumbai City, 403 B, महाराष्ट्र, Mumbai",False,32,35,False
S1-47142230,S3-673940676,India,Indore Financial Limited,"A 604, Bcm Paradise, Nipaniya, Indore, Madhya Pradesh",Ind0re Financial,,True,24,16,False
S1-304623536,S3-172990261,India,Arihant Vijay Builders Private Limited,"Shop No. 156, Opp Post Office, Tonk Road, Jaipur, Rajasthan",अरिहंत विजय बिल्डर्स प्राइवेट लिमिटेड,"Shop No. 156, Jaipur, Chittaurgarh, RJ",False,38,37,False
S1-22633084,S3-912074059,India,Premier Foundation Limited,"Gurgaon, Sushant Lok Phase 1 Near Park Plaza, Gurgaon, Haryana, C-329",प्रीमियर फाउंडेशन लिमिटेड,"No. 616 C-329, Gurgaon, HR",False,26,25,False
S1-328237064,S2-215242750,India,South Power,"501, Shetty Tower, Plot No-28, Nutan Laxmi Chs Ltd N S Road 10, Jvpd, Vile Parle-West, Mumbai, Mumbai City, Maharashtra",साउथ पावर,"501, MUMBAI CITY, BOMBAY, Maharashtra",False,11,9,False
S1-411872571,S3-449389769,India,Lotus Solutions Pvt Ltd,"201, Noida, Uttar Pradesh, Gautam Buddha Nagar, Ocean Complex, P-6, Sector 18",Deltazeta,"201, Gautam Buddha Nagar, UP",False,23,9,False
S1-418595391,S3-670539763,India,All North Consultancy Limited,"No.15, 1St Floor, 3Rd Cross, Deepa Hospital Road, Vinayaka Layout, K.R.Puram, Bengaluru, Bangalore, Karnataka",ಆಲ್ ನಾರ್ತ್ ಕನ್ಸಲ್ಟೆನ್ಸಿ ಲಿಮಿಟೆಡ್,"No.15., Bangalore, Bengaluru, ಕರ್ನಾಟಕ",False,29,32,False
S1-787524353,S2-576970217,India,Creative Infrastructure Private Limited,"Fl No F 1302, Ganga Orchid Ph 2 S 83/A/B Hno 1/2A3 Mundhwa Hadapsar, Pune, Maharashtra",क्रिएटिव इंफ्रास्ट्रक्चर प्राइवेट लिमिटेड,"FL NO F 5302, PUNE, Maharashtra",False,39,41,False
S1-700941357,S3-909494839,India,Alpha It Private Limited,"Office No. 814, Iconic Shyamal, Shyamal Cross Road, 132 Ring Road, Satellite, Ahmadabad City, Ahmedabad, Gujarat",Alpha Private Limited Service Enterprises,,True,24,41,False
S1-291013830,S2-249129368,India,Smart Constructions Limited,"#21, 1St A Main, 5Th Block, 3Rd Phase, Banashankari 3Rd Stage, Bangalore, Karnataka",ಸ್ಮಾರ್ಟ್ ಕನ್‌ಸ್ಟ್ರಕ್ಷನ್ಸ್ ಲಿಮಿಟೆಡ್,"#21, BANGALORE, ಕರ್ನಾಟಕ",False,27,34,False
S1-541969879,S3-603892243,India,Royal Foundation Pvt Ltd,"4, Andal Nagar, 2Nd Cross St. Extension Velachery, Chennai, Tamil Nadu",Miraciraveo,"Block A-4 4, Chennai, தமிழ்நாடு",False,24,11,False
S1-93440407,S3-843975144,India,Real Technologies Private Limited,"Flat No.52, Building No 4, Vijay Vatika, G B Road, Waghbill, Thane, Maharashtra",रियल टेक्नोलॉजीज प्राइवेट लिमिटेड,"#52, Majiwade, Thane, Thane, MH",False,33,33,False
S1-517681658,S3-186626769,India,North Technology Limited,"No.25 2Nd Floor, 1St Cross Wheller Road, Coxtown, Bengaluru, Bangalore, Karnataka",North Tecsheolorog Limited #57086,,True,24,33,False
S1-710829842,S2-886105147,India,Unique Hospitality Private Limited,"No.16, 1St Cross, 1St Main Sampige Layout, Bangalore, Karnataka",ಯುನೀಕ್ ಹಾಸ್ಪಿಟಾಲಿಟಿ ಪ್ರೈವೇಟ್ ಲಿಮಿಟೆಡ್,"NO.##16, BANGALORE, Karnataka",False,34,37,False
S1-530822968,S3-754690190,India,Balaji Estate,"770-A, Basement Floor, Dewa Tower I, Anna Salai, Chennai, Tamil Nadu",பாலாஜி எஸ்டேட்,"No 24 770-A, Chennai, TN",False,13,14,False
S1-280383353,S2-192849438,India,Ajmer Law Chambers,"B-231/D Greater Kailash-I, New Delhi, South Delhi, Delhi",ajmerlawchambers.com,"B-0231/D GREATER KAILASH-I, NEW DELHI, दिल्ली",False,18,20,False
S1-54832240,S3-85128985,US,Cascade,"811 Brittany Drive, Unit 1, Cheyenne, WY",Cáscade Enterprises,,True,7,19,False
S1-904427739,S2-527270701,India,Lotus Hospitality Limited,"Gujarat, G.I.D.C., Pandesara, Surat, 436",લોટસ હોસ્પિટાલિટી લિમિટેડ,"SURAT, ગુજરાત, 4-36, SURAT",False,25,25,False
S1-100981966,S3-595405227,India,Star Engineering Private Limited,"Flat No 203, Sree Nilayam A/B Sampoorna Market, Manikonda, Hyderabad, Rangareddy, Telangana",స్టార్ ఇంజనీరింగ్ ప్రైవేట్ లిమిటెడ్,"H.no 03, Hyderabad, Rangareddy, తెలంగాణ",False,32,35,False
S1-685083516,S3-810044272,India,Seven Infotech Private Limited,"Pragadadheeshwar Apartment, Cit Nagar, First Main Road, Chennai, Chennai City Corporation, Tamil Nadu, No 50",Seven Infomttbh Private Limited,"No 0050, Chennai, TN",False,30,31,False
S1-26199798,S2-773676634,India,Laxmi Care Private Limited,"84, 8Th Floor, Plot-223, Maker Chambers Iii, Jamnalal Bajaj Marg, Mumbai, Maharashtra",लक्ष्मी केयर प्राइवेट लिमिटेड,"84, GREATER BOMBAY, MUMBAI, Maharashtra",False,26,29,False
S1-271981725,S3-402757413,India,High Engineering LLP,"Jaipur, Rajasthan, Goms Defence Colony First Avenue, Vaishali Nagar, Jaipur, Plot No.140",हाई इंजीनियरिंग एलएलपी,"Pnot No.140, Jaipur, राजस्थान",False,20,22,False
S1-532722335,S3-732617544,India,Om Vidyalaya,"H-20-A, S/F Kalkaji New Delhi, New Delhi, South Delhi, Delhi",Om Vidyalaya Corporation | www.omvidyala.com,"H-20-a, South Delhi, DL",False,12,44,True
S1-539154089,S2-254400743,India,Balaji Food Private Limited,"Bl-Ii, Kkrs Smr Vinay Fountain Head, Vasanthanagar, Telangana, Hyderabad, Flat No. 1206",బాలాజీ ఫుడ్ ప్రైవేట్ లిమిటెడ్,"FLAT NO. 01206, HYDERABAD, తెలంగాణ",False,27,29,False
S1-758334455,S3-429963155,India,Raj Marketing Private Limited,"Flat No., Gwal Pahadi Faridabad Road, Gurgaon, Haryana",राज मार्केटिंग प्राइवेट लिमिटेड,"Hn 7-68 Flat No., Divreportingcircle, Gurgaon, HR",False,29,31,False
S1-275572535,S2-645825956,India,Shiva It Private Limited,"New No.11, Old No.6, Mahalingam Street Mahalingapuram, Nungambakkam, Chennai, Tamil Nadu",சிவா ஐடி பிரைவேட் லிமிடெட்,"DOOR NO 11, CHENNAI, NUNGAMBAKKAM, தமிழ்நாடு",False,24,26,False
S1-328237064,S3-159185598,India,South Power,"501, Shetty Tower, Plot No-28, Nutan Laxmi Chs Ltd N S Road 10, Jvpd, Vile Parle-West, Mumbai, Mumbai City, Maharashtra",साउथ पावर,"Door No 700 501, Mumbai, Mumbai City, MH",False,11,9,False
S1-588290605,S3-710377266,India,Dk & Sons Private Limited,"No.63, Katha No.6, Agara, Tataguni Post, Kengeri, Bangalore South, Bangalore, Karnataka",Nexgild,"No.063, Bangalore South, Bangalore, KA",False,25,7,True
S1-809914262,S2-949876131,India,Hitech Finance Private Limited,"2, Govind Tower, Shanti Ashram, Borivali (West), Mumbai, Maharashtra",हाईटेक फाइनेंस प्राइवेट लिमिटेड,"7-2, BORIVALI (WEST), BABHAI NAKA, महाराष्ट्र",False,30,31,False
S1-761894358,S3-845711063,US,Limoa Equity Partners LLC,"900 Bell Avenue, Des Moines, IA",pelimoa.com,"900 Bell Ave, PMB 4097, DES Monies, Iowa",False,25,11,False
S1-45800054,S2-79320186,India,All Construction Pvt Ltd,"Plot No. 82, Sanjay Gandhi Nagar Naubasta, Kanpur, Uttar Pradesh",ऑल कंस्ट्रक्शन प्रा. लि.,"NO ##82, KANPUR, उत्तर प्रदेश",False,24,24,False
S1-74870652,S3-998656263,India,Maa Lotus Marketing Limited,"B-16/B, Acharya Niketan, Mayur Vihar Phase-I, East Delhi, Delhi",मां लोटस मार्केटिंग लिमिटेड,"Hn 69 B-16/b, East Delhi, दिल्ली",False,27,27,False
S1-102464707,S3-106702918,US,Western Acadia Inc,"318 7th Street, Port Angeles, WA",Western Inc Partners,,True,18,20,False
S1-312549462,S2-594469388,India,Unique Consultancy,"Gali No-9, B Block, Fauji Colony, Part-2, Delhi, House No. 33, North West Delhi",यूनिक कंसल्टेंसी,"HOUSE NO. 33, DELHI, दिल्ली",False,18,16,False
S1-30228323,S2-628585311,India,Vision Consulting Pvt Ltd,"New Delhi, H.No.- A, Delhi, 16/2 First Floor, Plot No 503 Thokar No 6, Shaheen Bagh, Jamia Nagar",विजन कंसल्टिंग प्रा. लि.,"H.NO.- A, NEW DELHI, Delhi",False,25,24,False
S1-902642824,S2-880189446,India,My Products Private Limited,"Sterling House, 85, Nagdevi Cross Lane, Mumbai, Mumbai, Mumbai City, Maharashtra",माय प्रोडक्ट्स प्राइवेट लिमिटेड,"STERLONG HOUSE, MUMBAI (SUBURBAN), MUMBAI CITY, Maharashtra",False,27,31,False
S1-581247429,S3-97079219,India,Shiv Products Limited,"No. 493, Karmayogi Society-2, Bamroli Road, Pandesara, Surat, Gujarat",Shiv પ્રોડક્ટ્સ લિમિટેડ,,True,21,23,False
S1-60067021,S2-594002362,India,City Hospitality Pvt Ltd,"Laxmi Niwas, Room No.4, 1St Floor, 113 Bazar Gate Street, (Perin Nariman Street) Fort, Mumbai, Mumbai City, Maharashtra",सिटी हॉस्पिटैलिटी प्रा. लि.,"LAXMI NIWAS, KOLHAPUR, BOMBAY, Maharashtra",False,24,27,False
S1-488392988,S3-543549128,US,Clean Beacon Canary LLC,"3125 45th Avenue, Portland, OR",#cleanbeacon,"3125 45rd Ave, Portlland CITY, Oregon",False,23,12,False
S1-577680845,S2-44210939,India,Premier Jai Media Private Limited,"61, Sathy Road, Athipalayam Pirivu Ganapathy, Coimbatore, Tamil Nadu",பிரீமியர் ஜெய் மீடியா பிரைவேட் லிமிடெட்,"DOOR NO 117 61, COIMBATORE, Tamil Nadu",False,33,39,False
S1-36372216,S2-994736411,India,Hotel Infrastructure Private Limited,"Shop No. 1-2, First Floor, Bhoja Market, Near Vinayak Hospital, Sector-27, Noida, Gautam Buddha Nagar, Uttar Pradesh",होटल इंफ्रास्ट्रक्चर प्राइवेट लिमिटेड,"SHOP NO. 1-2, NOIDA, BISRAKH JALALPUR, Uttar Pradesh",False,36,37,False
S1-578178207,S3-439393514,India,Traders Herbal Ltd,"Plot No. 76/77, Village Kapashera, New Delhi, South Delhi, Delhi",Traders Hbmrbl [Ltd],,True,18,20,False
S1-519729373,S2-456773502,India,East Investments Private Limited,"03Rd Floor, Videocon Tower, Jhandewalan Extension, New Delhi, Central Delhi, Delhi",ईस्ट इन्वेस्टमेंट्स प्राइवेट लिमिटेड,"FLOOR, NEW DELHI, Delhi",False,32,36,False
S1-534775944,S3-846322004,India,Green Healthcare Private Limited,"Gala No.34 C, Rashid Compound Survey No.4, Cts No.161, Khairani Rd, Saki Naka, Mumbai, Mumbai City, Maharashtra",Green हेल्थकेयर Private Limited,"C, Mumbai, MH",False,32,31,False
S1-803092903,S3-777400662,India,Premier Real Solutions Private Limited,"Office No. 601 B, S No 207, Phoenix East Court, Pune, Maharashtra",प्रीमियर रियल सॉल्यूशंस प्राइवेट लिमिटेड,"Office No. 60 B, Pune, महाराष्ट्र, Kamshet",False,38,40,False
S1-907452520,S2-154283152,India,Urban Infra,"1St Floor, Blayees Avenue Edappally Toll, Nethaji Nagar, Edapally, Ernakulam, Kerala",URBAN SERVICES,,True,11,14,False
S1-681683041,S3-985118978,India,Super Infrastructure Private Limited,"Plot No. G/9/3/1, Phase Iii, Midc Chakan, Nighoje, Pune, Maharashtra",सुपर इंफ्रास्ट्रक्चर प्राइवेट लिमिटेड,"Plot No. G//3/1, Pune, MH",False,36,37,False
S1-232066750,S2-309229015,US,Coastal Tokyo Inc,"10250 Mackenzie Road, Fl 1, Saint Louis, MO",Coastal Inc Services,,True,17,20,False
S1-422774663,S3-686092959,India,Vom Professionals Limited,"16, Second Floor, 2Nd Cross Street, Katurba Nagar, Adyar, Chennai, Tamil Nadu",Dr Orbimira,"Plot G-439 16, Chennai, TN",False,25,11,False
S1-411872571,S3-449837790,India,Lotus Solutions Pvt Ltd,"201, Noida, Uttar Pradesh, Gautam Buddha Nagar, Ocean Complex, P-6, Sector 18",लोटस सॉल्यूशंस प्रा. लि.,"201, Gautam Buddha Nagar, UP",False,23,24,False
S1-758334455,S3-59434058,India,Raj Marketing Private Limited,"Flat No., Gwal Pahadi Faridabad Road, Gurgaon, Haryana",राज मार्केटिंग प्राइवेट लिमिटेड,"Hn 7-68 Flta No., Divreportingcircle, Gurgaon, HR",False,29,31,False
S1-726443403,S3-526453374,India,One Engineering Limited,"Green Acres, Paisifica Green, Nr. Vastrapur Rly. Crossing, Vejalpur, B-2/304, Ahmedabad, Gujarat",વન એન્જિનિયરિંગ લિમિટેડ,"B-2/304, null, Ahmedabad, GJ",False,23,23,False
S1-93555045,S2-864459226,India,Green Aditya Finance Private Limited,"Jaipur, Janpath, Rani Sati Nagar Near Dcm, Off Ajmer Road, 497, Jaipur, Rajasthan",ग्रीन आदित्य फाइनेंस प्राइवेट लिमिटेड,"497, JAIPUR, राजस्थान",False,36,37,False
S1-697496809,S3-840057416,India,Arihant Management Private Limited,"B-47, Lawrance Road Industrial Estate, Delhi, North Delhi, Delhi",अरिहंत मैनेजमेंट प्राइवेट लिमिटेड,"B-47, Delhi, Tri Nagar, DL",False,34,33,False
S1-30228323,S3-660230462,India,Vision Consulting Pvt Ltd,"New Delhi, H.No.- A, Delhi, 16/2 First Floor, Plot No 503 Thokar No 6, Shaheen Bagh, Jamia Nagar",विजन कंसल्टिंग प्रा. लि.,"H.no.- A, New Delhi, DL",False,25,24,False
S1-17637020,S3-60067856,India,Innovative Technologies Private Limited,"629, Sadashiv Peth, Vishwanath Market, Phadtare Chowk Bh Shrimilli Sadi Centre, Pune, Maharashtra",इनोवेटिव टेक्नोलॉजीज प्राइवेट लिमिटेड,"Plot 00119 629, Pune, Commercial Pune, महाराष्ट्र",False,39,37,False
S1-768994354,S2-887345598,India,Digital Developers Private Limited,"Shop No. 25, Orchid Centre, Opp. Safal Parisar - Ii Nr. Sobo Center, South Bopal, Bopal, Ahmedabad, Gujarat",ડિજિટલ ડેવલપર્સ પ્રાઇવેટ લિમિટેડ,"25, AHMEDABAD, Gujarat",False,34,32,False
S1-45477322,S3-942756054,India,Al Properties Private Limited,"Shop No. 273, Plot No. 30, 2Nd Floor, Vardhman Market Plaza, Community Centre, Rani Bagh, New Delhi, North Delhi, Delhi",अल प्रॉपर्टीज प्राइवेट लिमिटेड,"73, New Delhi, North Delhi, DL",False,29,30,False
S1-187733925,S3-912465323,India,Dynamic Projects Pvt Ltd,"Plot No 15, Veeralakshmi Nagar Old Perungalathur, Chennai, Tamil Nadu",டைனமிக் புராஜெக்ட்ஸ் பிரைவேட் லிமிடெட்,"No B3/15, Chennai, TN",False,24,38,False
S1-415507632,S2-144677502,India,Guru Builders Private Limited,"4/1, G A A Khan 7Th Street Thousand Lights, Chennai, Tamil Nadu",குரு பில்டர்ஸ் பிரைவேட் லிமிடெட்,"4/1, CHENNAI CITY REGION, CHENNAI, Tamil Nadu",False,29,32,False
S1-998508835,S2-677640984,India,Good Dynamic It Private Limited,"No.59, 1St Floor Chowdeshwari Arcade 2Nd Stage West Of Chord Road, Basaveshwara Nagar Opp Rajajinagar Metro Station, Bangalore North, Bangalore, Karnataka",ಗುಡ್ ಡೈನಾಮಿಕ್ ಐಟಿ ಪ್ರೈವೇಟ್ ಲಿಮಿಟೆಡ್,"H.NO 59, BANGALORE, ಕರ್ನಾಟಕ",False,31,35,False
S1-712129251,S3-197897391,India,Energy Sriram India Limited,"Shop No.11, Mahalaxmi City Type A Chsl, Bldg No. 1 A Wing, Vihighar, Panvel, Raigad, Panvel, Raigarh, Maharashtra",Energy Siam India Limited,,True,27,25,False
S1-129812802,S2-553471094,India,Aditya Consultancy Pvt Ltd,"D-56/A Moti Nagar, New Delhi, South West Delhi, Delhi",आदित्य कंसल्टेंसी प्रा. लि.,"D-5-6/A MOTI NAGAR, NEW DELHI, KUNDLI, Delhi",False,26,27,False
S1-392796760,S3-609159608,India,Jain Foods,"1006, Building No.1, Shree Saranam E 1, Nr. Jangid Complex, R B K College, Mira Road East Thane, Thane, Maharashtra",Jain [Center],,True,10,13,False
S1-4952778,S3-515183290,India,Laxmi Immigration Public Limited,"No.432, 4Th Cross, 2Nd Block Hrbr Layout, Kalyan Nagar, Bangalore, Karnataka",Quobelo,"#G-432, Bangalore, KA",False,32,7,True
S1-275572535,S3-275790075,India,Shiva It Private Limited,"New No.11, Old No.6, Mahalingam Street Mahalingapuram, Nungambakkam, Chennai, Tamil Nadu",சிவா ஐடி பிரைவேட் லிமிடெட்,"No ##11, Chennai, TN",False,24,26,False
S1-740386477,S2-988417665,India,South Software Private Limited,"Rawdon Street Shubham''10Th Floor, Roomno.-1004, Kolkata, West Bengal, Howrah, Kolkata, 1",সাউথ সফটওয়্যার প্রাইভেট লিমিটেড,"PLOT B3/164 1, HOWRAH, West Bengal",False,30,32,False
S1-188655602,S2-490585581,US,Health Association,"2115 17th Avenue, Unit UNIT 412, Bozeman, MT",healthassociation.com,"17TH AVE, BZEMAN, MT",False,18,21,False
S1-40521666,S2-630202518,India,Silver Solutions Private Limited,"Chennai, Tamil Nadu, Karumari Street, Devinagar, Rcc Post Avadi, Chennai, 10, Chennai",சில்வர் சொல்யூஷன்ஸ் பிரைவேட் லிமிடெட்,"10, CHENNAI, UTHIRAMERUR, Tamil Nadu",False,32,37,False
S1-77545943,S3-513296355,India,Laxmi Healthcare Private Limited,"402, Suncity Arcade Suncity Sector-54, Gurgaon, Haryana",लक्ष्मी हेल्थकेयर प्राइवेट लिमिटेड,"402, Gurgaon, HR",False,32,34,False
S1-509442507,S2-204227760,India,Bright Infotech Private Limited,"608, Floor-6, Plot-306, Kakad Market, Kalbadevi Road, Swadeshi Market, Kalbadevi, Mumbai, Mumbai, Maharashtra",ब्राइट इंफोटेक प्राइवेट लिमिटेड,"BLOCK C-291 608, MUMBAI, Maharashtra",False,31,31,False
S1-213374340,S3-760890235,India,Red Technology Pvt Ltd,"Mumbai, Gold Mist Building 36, Carter Road, Bandra (W), Maharashtra, 1St Floor, Mumbai City",redtechnology.com,"1St Floor, Mumbai, MH",False,22,17,False
S1-397095777,S2-411971855,US,"Primary Care Associates, LLC","3403 Nova Scotia Road, Aberdeen, MD","Primary Ci Associates, LLC",,True,28,26,False
S1-44635123,S3-226764795,India,Tech Enterprises Private Limited,"Plot No. 117 & 118, Bommasandra Jigani Link Road Kiadb Industrial Area, Bandenallasandra, Bangalore, Karnataka",ಟೆಕ್ ಎಂಟರ್‌ಪ್ರೈಸಸ್ ಪ್ರೈವೇಟ್ ಲಿಮಿಟೆಡ್,"Plot No. 117 & 118, Bangalore, KA",False,32,36,False
S1-275572535,S3-371225459,India,Shiva It Private Limited,"New No.11, Old No.6, Mahalingam Street Mahalingapuram, Nungambakkam, Chennai, Tamil Nadu",சிவா ஐடி பிரைவேட் லிமிடெட்,"New No.##11, Chennai, TN",False,24,26,False
S1-333823187,S3-103370517,India,South Systems Private Limited,"Sh-1, 1St Flr, Ramdev Chitanya Chs Ltd, Padmavati Ngr Maxcus Mall, 150Ft Rd, Bhayandar West, Thane, Maharashtra",साउथ सिस्टम्स प्राइवेट लिमिटेड,"Sh-4-1, Thane, MH",False,29,30,False
S1-789681674,S2-73508302,India,Ss Enterprises Private Limited,"101, 1St Floor, Parkend, Apartment, Sector 72, Noida, Gautam Buddha Nagar, Uttar Pradesh",एसएस एंटरप्राइजेज प्राइवेट लिमिटेड,"101, NOIDA, GAUTAM BUDDHA NAGAR, उत्तर प्रदेश",False,30,34,False
S1-300773965,S2-555403937,India,Life Star Engineering Private Limited,"No.1, James Street, Thiruvalluvar Nagar, Pammal, Chennai, Tamil Nadu",லைஃப் ஸ்டார் இன்ஜினியரிங் பிரைவேட் லிமிடெட்,"CHENNAI, தமிழ்நாடு, NO.G-1",False,37,43,False
S1-59178286,S3-767136135,India,BH Infosec Pvt Ltd,"18/4, Mathura Road, Faridabad, Haryana",8H Iigse Pvt Ltd,"18, Faridabad, HR",False,18,16,False
S1-891257891,S2-443479225,US,Dental Associates LLC,"Fort Smith, 5215 Rogers Avenue, AR",Denta1 Associates,,True,21,17,False
S1-333823187,S3-979449259,India,South Systems Private Limited,"Sh-1, 1St Flr, Ramdev Chitanya Chs Ltd, Padmavati Ngr Maxcus Mall, 150Ft Rd, Bhayandar West, Thane, Maharashtra",साउथ सिस्टम्स प्राइवेट लिमिटेड,"Sh-4-1, Thane, MH",False,29,30,False
S1-966619338,S2-277885698,India,Southern Business Private Limited,"No 128, 1St Floor, Kamarajar Nagar Road Kamarajar Nagar, Avadi, Chennai, Tamil Nadu",சதர்ன் பிசினஸ் பிரைவேட் லிமிடெட்,"NO 128, MADRAS, CHENNAI, Tamil Nadu",False,33,32,False
S1-480933653,S3-234572175,India,Creative Hotel Infra Private Limited,"Mumbai, Mumbai City, Kailash Esplanade, L B S Marg Opp Shreyas Cinema, Ghatkopar West, Maharashtra, C/404",क्रिएटिव होटल इंफ्रा प्राइवेट लिमिटेड,"C/0404, Mumbai City, महाराष्ट्र",False,36,37,False
S1-685083516,S3-975620565,India,Seven Infotech Private Limited,"Pragadadheeshwar Apartment, Cit Nagar, First Main Road, Chennai, Chennai City Corporation, Tamil Nadu, No 50",Private Seven Inothfhc Limited,"H.no 0050, Chennai, TN",False,30,30,False
S1-935273786,S2-176963492,India,Siva Services Limited,"402 New Mohan Puri Meerut, Uttar Pradesh, Meerut, Uttar Pradesh",Mr Siva Srvfacfs Limited,,True,21,24,False
S1-190942442,S2-469183348,India,Swastik Infra LLP,"17, Floor 4, Plot No. 22, Joothica, Naushir Bharucha Marg, Grant Road, Mumbai, Mumbai City, Maharashtra",स्वस्तिक इंफ्रा एलएलपी,"H.NO 40 17, GREATER BOMBAY, Maharashtra",False,17,22,False
S1-741862558,S2-364611449,India,Good Exports,"15/30, Kidwai Gali East Babar Pur, Delhi, East Delhi, Delhi",गुड एक्सपोर्ट्स,"PLOT 953 15/30, DELHI",False,12,15,False
S1-176448091,S2-65218845,India,Shiv Power Private Limited,"E- 304, Sumel Business Park-8, Ajitmill Char Rasta, Rakhiyal Road, Ahmedabad, Gujarat",શિવ પાવર પ્રાઇવેટ લિમિટેડ,"E- 304, AHMEDABAD, ગુજરાત",False,26,25,False
S1-851930866,S3-115682408,India,Dream Solutions Private Limited,"B 461, 2Nd Floor, New Friends Colony, Delhi, New Delhi, Delhi",ड्रीम सॉल्यूशंस प्राइवेट लिमिटेड,"B 461, Delhi, South Delhi, दिल्ली",False,31,32,False
S1-392796760,S2-566834657,India,Jain Foods,"1006, Building No.1, Shree Saranam E 1, Nr. Jangid Complex, R B K College, Mira Road East Thane, Thane, Maharashtra",Jain Service,,True,10,12,False
S1-36372216,S2-347081092,India,Hotel Infrastructure Private Limited,"Shop No. 1-2, First Floor, Bhoja Market, Near Vinayak Hospital, Sector-27, Noida, Gautam Buddha Nagar, Uttar Pradesh",होटल इंफ्रास्ट्रक्चर प्राइवेट लिमिटेड,"NO 1-2, NOIDA, BISRAKH JALALPUR, Uttar Pradesh",False,36,37,False
S1-748848193,S3-410774870,India,First & Co,"Plot No.3, Sai Enclave Road No.12, Banjara Hills, Hyderabad, Telangana",Mr First-+ Co #21568,,True,10,20,False
S1-581979555,S2-830352459,India,First Indo Care Pvt Ltd,"No. 10 & 11, Vikas Nagar Link Road, Tumkur Main Road, Nagasandra Post, Bangalore, Karnataka",ಫಸ್ಟ್ ಇಂಡೋ ಕೇರ್ ಪ್ರೈವೇಟ್ ಲಿಮಿಟೆಡ್,"& 11, BENGALURU URBAN, BANGALORE, Karnataka",False,23,33,False
S1-290811080,S3-754242193,India,First Media Private Limited,"S-148, 2Nd Floor, Haware Fantasia Business Park, Sector -30A, Plot No 47, Thane, Maharashtra",फर्स्ट मीडिया प्राइवेट लिमिटेड,"S-148, Thane, MH",False,27,30,False
S1-459400445,S3-511651223,India,Life Industries LLP,"Kolkata, West Bengal, Bangur Avenue Block A, Ground Floor, Kolkata, Howrah, 90",Lifeindustries.Com,"90, Howrah, Kolkata, WB",False,19,18,False
S1-901911932,S2-930419890,India,Great Solutions Private Limited,"9-B, Hill Road, M.R.Chowk, Bandra (West), Mumbai, Mumbai, Mumbai City, Maharashtra",ग्रेट सॉल्यूशंस प्राइवेट लिमिटेड,"9-B, MUMBAI CITY, MUMBAI, महाराष्ट्र",False,31,32,False
S1-775802857,S2-153877328,India,Vision Engineering Limited,"Sy No. 130/2-3, Shop No. 2026, 2Nd Floor Jash Market, Ring Road, Surat, Gujarat",Mr Vision Limited Center,,True,26,24,False
S1-943970070,S3-942331350,India,Tech Technology,"Coimbatore, 801, Tamil Nadu, Rangaigowder St, Coimbatore-1 Coimbatore, Coimbatore",டெக் டெக்னாலஜி,"801, Coimbatore, தமிழ்நாடு",False,15,14,False
S1-185608334,S3-384443452,India,Indian Technologies Private Limited,"No.364, 2Nd Main Hmt Layout Ananda Nagar, Karnataka, Bangalore, Bengaluru",ಇಂಡಿಯನ್ ಟೆಕ್ನಾಲಜೀಸ್ ಪ್ರೈವೇಟ್ ಲಿಮಿಟೆಡ್,"No.364, Bangalore, KA",False,35,37,False
S1-754943211,S2-500005513,India,Vision Smart Foundation Pvt Ltd,"C-94, Sector-63, Noida, Uttar Pradesh",विजन स्मार्ट फाउंडेशन प्रा. लि.,"C-##94, GAUTAM BUDH NAGAR, NOIDA, उत्तर प्रदेश",False,31,31,False
S1-777873812,S2-163319411,India,Swastik Products Private Limited,"2Nd Floor, Office No 202, Business Square, Lane No 5 Koregaon Park, Opp Hotel Great Punjab, Pune, Maharashtra",स्वस्तिक प्रोडक्ट्स प्राइवेट लिमिटेड,"FLOOR, PUNE, Maharashtra",False,32,36,False
S1-985772182,S2-821718804,India,Blue Infra Private Limited,"House No 56, Block F Pkt 3, Sector 11, Rohini, Delhi, North West, Delhi",ब्लू इंफ्रा प्राइवेट लिमिटेड,"HOUHE NO 56, DELHI, NORTH WEST, Delhi",False,26,28,False
S1-865649072,S3-987016189,India,Hari Services Private Limited,"Telangana, Tirumalagiri, Hyderabad, Plotno133, Sriharinilayam, Vaishali Nagar, Madinaguda",హరి సర్వీసెస్ ప్రైవేట్ లిమిటెడ్,"Poltno133, తెలంగాణ, Medchal Malkajgiri",False,29,31,False
S1-933456104,S3-336579324,India,Bombay Real Business Limited,"Shop No.4 Ground Floor, Wz 1204-1206 Main Pankha Road, Nangal Raya, New Delhi, Delhi, South Delhi, Delhi",बॉम्बे रियल बिजनेस लिमिटेड,"No 4 Groud Floor, Delhi, South Delhi, DL",False,28,26,False
S1-874483026,S3-505197100,India,Future Foundation,"No. 29, 1St Main Road, 3Rd Stage, 3Rd Block, Bangalore North, Bangalore, Karnataka",ಫ್ಯೂಚರ್ ಫೌಂಡೇಶನ್,"H.no 29, Bangalore, Bangalore North, KA",False,17,16,False
S1-853883900,S2-380920320,India,Classic Projects Limited,"#10, Krishna Krupa, 7Th Cross, J Block, Koramangala 3Rd Bloc, K, Bangalore, Karnataka",ಕ್ಲಾಸಿಕ್ ಪ್ರಾಜೆಕ್ಟ್ಸ್ ಲಿಮಿಟೆಡ್,"BANGALORE, BENGALURU URBAN, ಕರ್ನಾಟಕ, 10",False,24,30,False
S1-737787745,S2-347254249,India,Sky Impex Private Limited,"Plot No. 18/2, Chinchwad, Pune, D-1 Block, Pune, Maharashtra",स्काई इम्पेक्स प्राइवेट लिमिटेड,"D-1 BLOCK, महाराष्ट्र, PUNE",False,25,31,False
S1-871285992,S3-144917995,US,Allied Preparatory Academy,"9965 Vieux Carre Dr, Louisville, KY",Allied Preparat0ry Academy,,True,26,26,False
S1-905216973,S3-139128102,India,My Media Private Limited,"2Nd Floor, Haryana, Platinum Tower, Plot Number 184 Udyog Vihar, Phase 1, Gurgaon, Haryana, Gurgaon",My Mediea Private Limited,,True,24,25,False
S1-459400445,S3-393682621,India,Life Industries LLP,"Kolkata, West Bengal, Bangur Avenue Block A, Ground Floor, Kolkata, Howrah, 90",লাইফ ইন্ডাস্ট্রিজ এলএলপি,"90, Bangur Avenue, WB",False,19,24,False
S1-534775944,S2-398397552,India,Green Healthcare Private Limited,"Gala No.34 C, Rashid Compound Survey No.4, Cts No.161, Khairani Rd, Saki Naka, Mumbai, Mumbai City, Maharashtra",ग्रीन हेल्थकेयर प्राइवेट लिमिटेड,"H.NO 034 C, BOMBAY, MUMBAI CITY, महाराष्ट्र",False,32,32,False
S1-64881526,S2-801955211,India,Vijay Modern Technologies Private Limited,"A2/3, F.F., Safdarjung Enclave, South Delhi, Delhi",विजय मॉडर्न टेक्नोलॉजीज प्राइवेट लिमिटेड,"A002/3, NEW DELHI, SOUTH DELHI, Delhi",False,41,40,False
S1-304410874,S3-312725058,US,Cardiology Group,"WV, 859 Saint Marys Street, Unit 202, Morgantown",Cardiology Trading,,True,16,18,False
S1-764458391,S3-702568363,India,Indian Producer Private Limited,"Flat No 2, Lunawat Reality Pl No 4B, Neena Society, S N O 148, Near, Vanaz, Pune, Maharashtra",इंडियन प्रोड्यूसर प्राइवेट लिमिटेड,"MH, Pune, #2, Pune",False,31,34,False
S1-832735174,S2-646327322,India,Seven Properties Private Limited,"H.N., Ram Nagar A, Udai Mode, Gangapur City, Sawai Madhopur, Rajasthan",सेवन प्रॉपर्टीज प्राइवेट लिमिटेड,"H.N. 41445, GANGAPUR CITY, AMARGARH, Rajasthan",False,32,32,False
S1-345034155,S2-394867809,India,Adamas Marketing (India) Private Limited,"H No 198Street No 6 Dhawan Colony, Firozepur City, Punjab",Sri Calomira,"180 NO 6 DIAWAN COLONY, FAZILKA, Punjab",False,40,12,True
S1-622561153,S3-949118748,India,Ss Food,"B-13, Basement, Motinagar, Central Delhi, Delhi",एसएस फूड,"Door No ##491 B-13, Central Delhi, Farid Nagar, DL",False,7,8,False
S1-859043879,S2-725230009,India,Alpha It Private Limited,"Plot No.49, Chinnasamy Nagar, Periya Mathur, Chennai, Tamil Nadu",ஆல்ஃபா ஐடி பிரைவேட் லிமிடெட்,"397, THIRUVALLUR, CHENNAI, Tamil Nadu",False,24,28,False
S1-859377946,S3-732054458,India,Digital Finance Private Limited,"1/7, New Palasia, Indore, Madhya Pradesh",डिजिटल फाइनेंस प्राइवेट लिमिटेड,"Indore, MP, Indore, #457 1/7",False,31,31,False
S1-232066750,S2-176542774,US,Coastal Tokyo Inc,"10250 Mackenzie Road, Fl 1, Saint Louis, MO",Coastal Toyo Inc,,True,17,16,False
S1-770093536,S2-155639524,India,Karma Communications-Ghaziabad,"F 708, A 12, 7Th Floor, Aditya Corporate Rdc, Ghaziabad, Uttar Pradesh",Smt Karma Center,,True,30,16,False
S1-204167162,S3-579480326,India,Tirupati Solutions,"S-106, V-Jai Residency, Plot No. A2/354, Sector-2, Chitrakoot, Jaipur, Rajasthan",तिरुपति सॉल्यूशंस,"S-106, Divreportingcircle, RJ",False,18,17,False
S1-136139104,S3-182369740,India,Shree Systems Limited,"Flat No 207, Second Floor, Block-A Kh No-298/33/2. 298/34, 298/35, Ghitorni, New Delhi, South Delhi, Delhi",Shree Limited Center Enterprises,,True,21,32,False
S1-223767990,S2-526451473,India,Shree Software,"House 13-A, 1St Floor, Sunny Enclave, Sector 125, Kharar, Kharar, Rupnagar, Punjab",Shree Saftae,,True,14,12,False
S1-388992286,S2-484882472,India,Krishna Marketing Limited,"Old No-803/3 Second And Third Floor Arjun Nagar, Kotla Mubarak Pur, Delhi, 7, New Delhi, South Delhi",कृष्णा मार्केटिंग लिमिटेड,"7, NEW DELHI, SOUTH DELHI, Delhi",False,25,25,False
S1-213848866,S2-484658172,India,Fortune Technologies Private Limited,"Plot No.A 15/16, Central, Cross Road B, Midc, Mumbai, Maharashtra",फॉर्च्यून टेक्नोलॉजीज प्राइवेट लिमिटेड,"Maharashtra, MUMBAI, PLOT NO.A 17/16, GUNTUR",False,36,38,False
S1-970468638,S2-169743009,India,Fortune Power Private Limited,"Omkar Alta Monte, Western Express Highway, A/1404, Malad East, Maharashtra, Mumbai",फॉर्च्यून पावर प्राइवेट लिमिटेड,"A/#1404, MUMBAI REGION, महाराष्ट्र",False,29,31,False
S1-704264872,S2-813629081,India,Krishna Global Infotech Private Limited,"P.No.111, Prashashan Nagar Jubilee Hills, Hyderabad, Telangana",కృష్ణ గ్లోబల్ ఇన్ఫోటెక్ ప్రైవేట్ లిమిటెడ్,"Andhra Pradesh, <NULL>, HYDERABAD, GUNTUR, HN 19 P.NO.111",False,39,41,False
S1-291013830,S3-456936422,India,Smart Constructions Limited,"#21, 1St A Main, 5Th Block, 3Rd Phase, Banashankari 3Rd Stage, Bangalore, Karnataka",Smart  Constructions #93927,"19, Bengaluru, Bangalore, KA",False,27,27,False
S1-568535874,S2-697764947,India,My Consulting Private Limited,"H. No - F - 324, Utkal Appartment, Kalyani Nagar, Cuttack, Orissa",ମାଇ କନସଲଟିଂ ପ୍ରାଇଭେଟ୍ ଲିମିଟେଡ୍,"H. NO - F - 00324, CUTTACK, Odisha",False,29,30,False
S1-40736251,S3-644583140,India,Royal Hospitality Private Limited,"G-112, 113, Industrial Area, Riico, Sikar, Rajasthan",R0yal Private Limited Center,"G-12, Sikar, Beri, राजस्थान",False,33,28,False
S1-278078435,S3-733323716,India,Shree Properties Private Limited,"Shop No-3, Palak-2, Nr.Devpriy Bunglows Settelite, Ahmadabad City, Ahmedabad, Gujarat",શ્રી પ્રોપર્ટીઝ પ્રાઇવેટ લિમિટેડ,"Shop No-003, Ahmedabad, Vastrapur, ગુજરાત",False,32,32,False
S1-924237224,S3-839119632,India,One Engineering Private Limited,"Plot No 423, Sector-8, Imt Manesar Gurgaon, Gurgaon, Haryana",वन Engineering प्राइवेट लिमिटेड,"Gurugram, Gurgaon, HR, 423",False,31,31,False
S1-683472981,S3-589227023,India,Vijay Projects Private Limited,"Unit 221-222, 2Nd Floor, Tower B4, Spaze I-Tech Park, Sector 49, Sohna Road, Gurgaon, Haryana",विजय प्रोजेक्ट्स प्राइवेट लिमिटेड,"Gurgaon, हरियाणा, Gurgaon, Unit 221-222",False,30,33,False
S1-298353031,S3-270584251,US,Q 9 Classic Alphabet,"UT, 2060 Delmont Drive, City Of Holladay",q9classic.com,"SALT LAKE CITY CDP, 2060 Deemont Dr, PO Box 7499, Utah",False,20,13,False
S1-685083516,S3-233706205,India,Seven Infotech Private Limited,"Pragadadheeshwar Apartment, Cit Nagar, First Main Road, Chennai, Chennai City Corporation, Tamil Nadu, No 50",Keloflux,"No 0050, Chennai, TN",False,30,8,True
S1-689965205,S2-215431506,India,Maa Innovative Private Limited,"790, I Block, Iii Road, Newthippasandra, Bangalore, Karnataka",Maa Inn0vative Limited Center,,True,30,29,False
S1-813095857,S2-219851340,India,All Infotech Private Limited,"149/B, 3Rd Main, 10Th Cross Bikasipura (Next To Isro Layout), Bangalore, Karnataka",ಆಲ್ ಇನ್‌ಫೋಟೆಕ್ ಪ್ರೈವೇಟ್ ಲಿಮಿಟೆಡ್,"149/B, BANGALORE, ಕರ್ನಾಟಕ",False,28,32,False
S1-266803735,S2-610975182,India,Sky Technology LLP,"B-2/64, Vibhuti Khand Gomti Nagar, Lucknow, Uttar Pradesh",स्काई टेक्नोलॉजी एलएलपी,"DOOR NO 599 B-2/64, LUCKNOW, उत्तर प्रदेश",False,18,23,False
S1-164081713,S2-940155859,US,ZH Acquisition Inc,"30445 1st Place, Federal Way, WA",zhacquisition.com,"FIRST PL, FEDERLA WAY, WA",False,18,17,False
S1-39486667,S3-339870039,US,Dental Associates,"6936 Sarria, Grand Prairie, TX",Dental Associate,,True,17,16,False
S1-565055627,S2-983493713,India,Gk Management Private Limited,"Shop No. 9, Kukreja Estate, Sector 11, Plot No. 36, Cbd Belapur, Navi Mumbai, Mumbai, Mumbai City, Maharashtra",#gkmanagement,"DOOR NO 9., BOMBAY, MUMBAI CITY, महाराष्ट्र",False,29,13,False
S1-842027739,S2-799518444,India,Golden Finance Pvt Ltd,"138, Trichy Road, Namakkal, Namakkal, Salem, Tamil Nadu",கோல்டன் ஃபைனான்ஸ் பிரைவேட் லிமிடெட்,"WESTERN REGION COIMBATORE, 138, தமிழ்நாடு, SALEM",False,22,35,False
S1-101949823,S3-627771419,India,Sai Welfare Society,"6, Waterloo Street 5Th Floor, Suite No. 506, Kolkata, Howrah, West Bengal",saiwelfaresociety.com,"6, N/A, Kolkata, WB",False,19,21,False
S1-474524144,S3-875019032,India,Shiv Builders Private Limited,"No.5, New No.2610, 36Th Cross, 26Th Main, 9Th Block, Jayanagar, Bangalore, Karnataka",ಶಿವ್ ಬಿಲ್ಡರ್ಸ್ ಪ್ರೈವೇಟ್ ಲಿಮಿಟೆಡ್,"Door No #5, Bengaluru, Bangalore, ಕರ್ನಾಟಕ",False,29,32,False
S1-405126000,S3-6120686,India,Sun Management Private Limited,"Haryana, V-330, Gurgaon, New Palam Vihar, Ph-1, Gurugram",सन मैनेजमेंट प्राइवेट लिमिटेड,"V-33, Gurugram, Gurgaon, हरियाणा",False,30,29,False
S1-619232164,S3-391395713,US,Family Partners,"4 Oak Court, Morgantown, WV",Family Parthners,,True,15,16,False
S1-390609903,S3-734112825,India,Bright Agro Private Limited,"Flat No. 1201, T-8, Emmar Gurgaon Greens Near Dwarka Expressway Sector-102, Gurgaon, Haryana",ब्राइट एग्रो प्राइवेट लिमिटेड,"Fat No. 1201, Gurgaon, HR",False,27,29,False
S1-994017477,S2-757177080,India,South Systems Private Limited,"House No. 92, Sector 29 Tehsil Dadri, Noida, Uttar Pradesh",साउथ सिस्टम्स प्राइवेट लिमिटेड,"HOUSE NO. 92, NOIDA, NULL, उत्तर प्रदेश",False,29,30,False
S1-786905411,S3-401134212,India,Life Business Private Limited,"Rz-B 19, 20/1-A, Vijay Enclave, Palam, Dabri Road, Delhi, South West Delhi, Delhi",लाइफ बिजनेस प्राइवेट लिमिटेड,"Rz-b 19, Delhi, DL",False,29,28,False
S1-763363947,S2-988985066,India,Sunrise Enterprises Private Limited,"Malapuram, Vee Pee Tower, Nh, Road, Kanhippura, Valanche, Tirur, Malappuram, 32/268, Kerala",സൺറൈസ് എന്റർപ്രൈസസ് പ്രൈവറ്റ് ലിമിറ്റഡ്,"Kerala, 33/268, MALAPURAM",False,35,39,False
S1-64881526,S2-779284030,India,Vijay Modern Technologies Private Limited,"A2/3, F.F., Safdarjung Enclave, South Delhi, Delhi",विजय मॉडर्न टेक्नोलॉजीज प्राइवेट लिमिटेड,"A002/3, NEW DELHI, SOUTH DELHI, Delhi",False,41,40,False
S1-740386477,S2-108898330,India,South Software Private Limited,"Rawdon Street Shubham''10Th Floor, Roomno.-1004, Kolkata, West Bengal, Howrah, Kolkata, 1",সাউথ সফটওয়্যার প্রাইভেট লিমিটেড,"CALCUTTA, West Bengal, PLOT B3/164 1, HOWRAH",False,30,32,False
S1-857814119,S2-316690972,India,Pioneer Energy Private Limited,"Telangana, Rd No-44 Jhills Co-Op Hbs, P No-770E, Hyderabad",పయనీర్ ఎనర్జీ ప్రైవేట్ లిమిటెడ్,"P NO-7-70E, HYDERABAD, Andhra Pradesh",False,30,31,False
S1-94071576,S2-867563739,India,Modern Gujarat Finance Private Limited,"No 5, 1St Cross, 3Rd Main, Maruthi Nagar, J P Nagar 7Th Phase, Bangalore, Karnataka",ಮಾಡರ್ನ್ ಗುಜರಾತ್ ಫೈನಾನ್ಸ್ ಪ್ರೈವೇಟ್ ಲಿಮಿಟೆಡ್,"NO 5, BANGALORE, Karnataka",False,38,42,False
S1-241757307,S3-735322559,India,Modern Developers Limited,"Flat No.201, Tara-I, Srineevasa Village, Yousufguda, Hyderabad, Hyderabad, Telangana",m0dern developers limited,"Fat No.201, Hyderabad, TG",False,25,25,False
S1-787524353,S2-561525393,India,Creative Infrastructure Private Limited,"Fl No F 1302, Ganga Orchid Ph 2 S 83/A/B Hno 1/2A3 Mundhwa Hadapsar, Pune, Maharashtra",क्रिएटिव इंफ्रास्ट्रक्चर प्राइवेट लिमिटेड,"PUNE, Maharashtra, FL NO F 5302",False,39,41,False
S1-443270426,S2-326293592,India,Tech Investments Private Limited,"A, 11Th Floor, Ratnakar-9 Square, Opp. Keshavbaug, Mansi Circle Road, Vastrapur, Ahmadabad City, Ahmedabad, Gujarat",ટેક ઇન્વેસ્ટમેન્ટ્સ પ્રાઇવેટ લિમિટેડ,"A, ગુજરાત, AHMEDABAD",False,32,36,False
S1-136449913,S3-358619079,India,Classic Products Private Limited,"Shop No.3, Ground Sunshine Heights, 243 P.L. Kale Guruji Marg, Dadar West, Mumbai, Mumbai City, Maharashtra",क्लासिक प्रोडक्ट्स प्राइवेट लिमिटेड,"H.no 3, Bombay, NULL, MH",False,32,35,False
S1-493097333,S2-717589622,India,Great Marketing Pvt Ltd,"G-2, Empire Business Centre, Empire Complex, G-2, Empi414 Senapati Bapat Marg, Near Shreeniwas Mill, Delisle Road, Mumbai, Maharashtra",ग्रेट मार्केटिंग प्रा. लि.,"G-2, KARJATH, MUMBAI, Maharashtra",False,23,26,False
S1-205691483,S3-201865950,India,New Foundation Private Limited,"P. No. 12, Nit Hill Top Layout Ambazari, Nagpur, Maharashtra",न्यू फाउंडेशन प्राइवेट लिमिटेड,"Plto 016 P. No. 12, Nagpur, MH",False,30,30,False
S1-380698906,S3-284913849,India,Lakshmi Investments Private Limited,"No.58, 7Th Main Road, Lakshman Nagar Hegganahalli, Vishwaneedam Post, Bangalore, Karnataka",ಲಕ್ಷ್ಮಿ ಇನ್ವೆಸ್ಟ್‌ಮೆಂಟ್ಸ್ ಪ್ರೈವೇಟ್ ಲಿಮಿಟೆಡ್,"Bangalore, KA, Bengaluru, No.58",False,35,43,False
S1-389266667,S2-210335414,India,Al Enterprises Private Limited,"T C 82/3934[1], Zephyr, Madhrubhoomi Road, Thiruvananthapuram, Thiruvananthapuram, Trivandrum, Kerala",അൽ എന്റർപ്രൈസസ് പ്രൈവറ്റ് ലിമിറ്റഡ്,"639. T C 82/3934[1], TRIVANDRUM, GRANDHASALA  VANCHIYOOR, കേരളം",False,30,35,False
S1-225776255,S2-982281480,India,Jay Systems Private Limited,"921, Tamil Nadu, Chennai, 13Th, Main Road Anna Nagar, West Chennai, Chennai",ஜெய் சிஸ்டம்ஸ் பிரைவேட் லிமிடெட்,"DOOR NO 770  921, CHENNAI, TAMILNADU, தமிழ்நாடு",False,27,32,False
S1-964547597,S3-106410021,US,Desert Biosciences LLC,"Town Of Oak Grove, WI, 2206 24th Avenue",Desert LLC Services,"2184 24st Ave, RICE LAKE, Wisconsin",False,22,19,False
S1-758279254,S3-114874752,US,Nexum LLC,"50537 Newberry Avenue, Kenai Peninsula Borough, AK",Neanxfum LLC,"0537 Newberry Ave, Kenai, Alaska",False,9,12,False
S1-341231428,S3-656093679,India,Good Investment Private Limited,"C-81, Shiv Gali, Kotla Mubarakpur, New Delhi, South Delhi, Delhi",गुड इन्वेस्टमेंट प्राइवेट लिमिटेड,"C-8-1, South Delhi, South East, दिल्ली",False,31,33,False
S1-860935892,S3-43821668,India,Silver Tech Limited,"Unit No. 401 & 402, Opal Square, Plot No. C-1, Midc, Wagle Industrial Estate, Road No. 1, Thane, Thane, Maharashtra",सिल्वर टेक लिमिटेड,"#280 Unet No. 401 & 402, Thane, MH",False,19,18,False
S1-743777524,S2-54241935,India,Royal Technology Private Limited,"B-67, Flat-602, Sector-1 Shanti Nagar, Mira Road (East), Thane, Maharashtra",रॉयल टेक्नोलॉजी प्राइवेट लिमिटेड,"महाराष्ट्र, THANE, B-67, THANE",False,32,32,False
S1-210311995,S3-815111860,India,Future Global Private Limited,"Maharashtra, 712, Mumbai City, Mumbai, Tulsiani Chambers, 212, Free Press Journal Marg, Nariman Point",फ्यूचर ग्लोबल प्राइवेट लिमिटेड,"Mumbai City, MH, 712",False,29,30,False
S1-812438706,S2-210527227,India,Modern Investments LLP,"West Bengal, 86/4, Howrah, Biplabi Ullaskar Dutta Road P.O- Baghajatin, P.S-Patuli, Kolkata, Kolkata",মডার্ন ইনভেস্টমেন্টস এলএলপি,"086/4, HOWRAH, KOLKATA, পশ্চিমবঙ্গ",False,22,27,False
S1-89839880,S3-641392230,India,My Energy Pvt Ltd,"205, Shree Amar Heights, E-10, Nirman Nagar, Jaipur, Rajasthan",myenergy.com,"05, Jaipur, RJ",False,17,12,False
S1-154527537,S3-633930411,India,Tirupati Constructions Private Limited,"Plot No.195A, Road No.13 Jubilee Hills, Hyderabad, Telangana",తిరుపతి కన్‌స్ట్రక్షన్స్ ప్రైవేట్ లిమిటెడ్,"No 95A, Hyderabad, TG",False,38,42,False
S1-958515461,S2-826643271,India,Sunrise Foundation,"216, Kohinoor Arcade, 2Nd Floor Tilak Chowk, Mumbai Pune Road, Nigdi, Pune, Maharashtra",सनराइज फाउंडेशन,"216, PUNE, महाराष्ट्र",False,18,15,False
S1-710989481,S2-188161919,India,White Industries Pvt Ltd,"Dream Apartments, Plot No.14 Sector 22, Dwarka, New Delhi, C 803, Delhi",व्हाइट इंडस्ट्रीज प्रा. लि.,"H.NO 728 C 803, NULL, DELHI, NEW DELHI, Delhi",False,24,27,False
S1-859043879,S2-86461114,India,Alpha It Private Limited,"Plot No.49, Chinnasamy Nagar, Periya Mathur, Chennai, Tamil Nadu",ஆல்ஃபா ஐடி பிரைவேட் லிமிடெட்,"POLT NO.49, MADRAS, CHENNAI, Tamil Nadu",False,24,28,False
S1-17997279,S2-817025522,India,Jay Food Private Limited,"No. 399, Ii Floor, 14Th Cross, Ii Block, Viswapriya Layout, Begur, Bangalore South, Bangalore, Karnataka",Shri Jay For  Private Limited,,True,24,29,False
S1-93692431,S2-331996962,India,Future Foundation Limited,"202, Dheeraj Devika, 23-C Hill Road, Bandra West, Mumbai, Mumbai City, Maharashtra",फ्यूचर फाउंडेशन लिमिटेड,"202, MUMBAI CITY, <NULL>, Maharashtra",False,25,23,False
S1-409934425,S3-116703083,India,New Media Private Limited,"20Th Floor, Wework Oberoi Commerz Ii, Cts No. 95, 4 B 3 & 4 590, Off Western Express Highway, Oberoi Garden City, Goregaon East, Mumbai, Maharashtra",न्यू मीडिया प्राइवेट लिमिटेड,"50Th Floor, Goregaon East, Mumbai, महाराष्ट्र",False,25,28,False
S1-88833811,S2-819207964,India,Jay City Builders,"Delhi, Ohini, 311, Delhi, 3Rd Floor, Vikas Surya Shopping Mall Plot No.18, Sector-03, Mangalam Place, R",जय सिटी बिल्डर्स,"311, DELHI, दिल्ली",False,17,16,False
S1-183974782,S3-338009903,India,Royal Services Limited,"Unit-126, First Floor, Vipul Business Park, Sector-48, Sohan Road, Gurgaon, Haryana",रॉयल सर्विसेज लिमिटेड,"Unit-26, Gurgaon, HR",False,22,21,False
S1-879449750,S3-317908687,US,Federal Intelligent LLC,"718 Marston Road, Gardiner, ME",Federal LLC Services Enterprises,,True,23,32,False
S1-147900157,S2-530215789,India,Al Sun Trading Private Limited,"Plot No. 1, Sy No. 23 Abdullapurmet, Hyderabad, Telangana",అల్ సన్ ట్రేడింగ్ ప్రైవేట్ లిమిటెడ్,"PLTO NO. 1, N/A, HYDERABAD, RANGAREDDY DIST, Telangana",False,30,35,False
S1-308907389,S2-308179710,India,One Swastik Energy Private Limited,"F-117, Phase-7 Industrial Area, Mohali, Punjab",ਵਨ ਸਵਾਸਤਿਕ ਐਨਰਜੀ ਪ੍ਰਾਈਵੇਟ ਲਿਮਟਿਡ,"F-117/9, MOHALI, ਪੰਜਾਬ",False,34,32,False
S1-718260051,S3-539155318,US,Continental Charities,"391 Dean Street, Coquille, OR",Continental Service Trading,,True,21,27,False
S1-192743276,S3-685645496,India,Sai Media Private Limited,"F-07, Ist Floor, Abhishek Plaza, Plot No-16 Lsc, Pocket-B, Mayur Vihar, Phase-Ii, Delhi, New Delhi, Delhi",साईं मीडिया प्राइवेट लिमिटेड,"F-07, Delhi, East Delhi, दिल्ली",False,25,28,False
S1-878252611,S3-552202953,India,Sun Infrastructure Private Limited,"Office No- A- 102, First Floor, Ganesh Glory 11, Off S G Highway, Jagatpur, Ahmedabad, Gujarat",સન ઇન્ફ્રાસ્ટ્રક્ચર પ્રાઇવેટ લિમિટેડ,"Office No- A- 102, Ahmedabad, GJ",False,34,36,False
S1-521017362,S3-600399091,India,Universal Estate Private Limited,"A/5, Madhav Bunglows, Nr Suryadeep Bunglow B/H Badshah Villa Farm, Thaltej-Shilaj Rd, Ahmedabad, Gujarat",યુનિવર્સલ એસ્ટેટ પ્રાઇવેટ લિમિટેડ,"A/5, Ahmedabad, GJ",False,32,33,False
S1-430221659,S2-995802745,India,Arihant Investment Private Limited,"F-7, Sai Madhura Swarnnima, 5Th Cross, Venkatadri Layout, Panduranga Nagar, Bangalore, Karnataka",ಅರಿಹಂತ್ ಇನ್ವೆಸ್ಟ್‌ಮೆಂಟ್ ಪ್ರೈವೇಟ್ ಲಿಮಿಟೆಡ್,"Karnataka, F-7, BANGALORE, null",False,34,41,False
S1-168000012,S2-565309382,India,Jay Bombay Enterprises Private Limited,"Ist Floor, # 438, 27Th Main, 13Th Cross Sector - 1, Hsr Layout, Karnataka, Bangalore, Bengaluru, 677",ಜಯ್ ಬಾಂಬೆ ಎಂಟರ್‌ಪ್ರೈಸಸ್ ಪ್ರೈವೇಟ್ ಲಿಮಿಟೆಡ್,"#991 677, BANGALORE, BENGALURU, Karnataka",False,38,41,False
S1-596469743,S2-934872875,India,Golden Investments,"Building No 4, 1981 2Nd Floor, Anjikath Lane, Near Vallathol Junction, Ernakulam, Kerala",ഗോൾഡൻ ഇൻവെസ്റ്റ്മെന്റ്സ്,"BUILDING NO ##4, KOCHI REGION, ERNAKULAM, കേരളം",False,18,24,False
S1-140207929,S2-102704892,India,Perfect Finance Private Limited,"Surat, No. 5, Gujarat, New Adajan, Shyamal Bunglows, Nr. Tgb Restaurant L. P. Savani School Road",પરફેક્ટ ફાઇનાન્સ પ્રાઇવેટ લિમિટેડ,"5, VADODARA, NEW ADAJAN, ગુજરાત",False,31,33,False
S1-119811850,S3-577727462,India,All Producer Private Limited,"A Bda, Complex, Bhopal, Flat No. 505, Madhya Pradesh, Huzur",ऑल प्रोड्यूसर Private Limited,"0505, Huzur, Bhopal, MP",False,28,29,False
S1-830195415,S2-403287722,US,"Pediatric Specialists, LLC","188 Whittlesey Avenue, Wallingford, CT","Pediatric 5pecialists, LLC",,True,26,26,False
S1-292680829,S3-907578527,India,(india) Jhaveri Factory Private Limited,"62/2-1, 8 Main, Malleswaram, 132, Embassy Heritage, Bangalore North, Bangalore, Karnataka",Drexveo,"9-62/2-1, Bengaluru, Bangalore, ಕರ್ನಾಟಕ",False,39,7,True
S1-151172058,S2-492711351,India,East Marketing Private Limited,"A-25, 2Nd Floor, Aristocrate, Mogra Village Road, Andheri East, Mumbai, Mumbai City, Maharashtra",ईस्ट मार्केटिंग प्राइवेट लिमिटेड,"A-025, N/A, MUMBAI, MUMBAI CITY, Maharashtra",False,30,32,False
S1-741350861,S2-182740151,India,Perfect Classic Consulting,"Maharashtra, Ground Floor, Mumbai City, Mumbai, Dinanath Apartments M G Road, Dahanukar Wadi, Kandivali West",परफेक्ट क्लासिक कंसल्टिंग,"GOUND FLOOR, MUMBAI CITY, महाराष्ट्र",False,26,25,False
S1-468510336,S3-649931379,India,Creative Infrastructure Private Limited,"P-43, Rabindra Sarani 1St Floor, Kolkata, Howrah, West Bengal",ক্রিয়েটিভ ইনফ্রাস্ট্রাকচার প্রাইভেট লিমিটেড,"#336 P-43, Kolkata, Howrah, WB",False,39,44,False
S1-60775369,S2-810777474,US,Pediatric Dentistry Care LLC,"41 Keene Road, Chester, ME",PEDIATRIC CARE LLC CENTER Enterprises,,True,28,37,False
S1-974397583,S3-588730169,India,Eastern Tech Private Limited,"Khno- 821, Loni Ghaziabad, Ghaziabad, Uttar Pradesh",easterntech.com,"Khno- B3/821, Banda, UP",False,28,15,False
S1-361570703,S2-134315445,India,Dynamic Global Private Limited,"Khasra No. 33/9/12, Main Bawana Road, Same Pur Near Amar Jyoti Colony. Opp. Sector-17, Rohini, Delhi, North Delhi, Delhi",डायनामिक ग्लोबल प्राइवेट लिमिटेड,"NO 33/9/12, DELHI, PEHLADPUR BANGER, Delhi",False,30,32,False
S1-994017477,S2-522168286,India,South Systems Private Limited,"House No. 92, Sector 29 Tehsil Dadri, Noida, Uttar Pradesh",साउथ सिस्टम्स प्राइवेट लिमिटेड,"HOUSE NO. 92, NOIDA, NOIDA II SECTOR SIXTY THREE, उत्तर प्रदेश",False,29,30,False
S1-45429674,S3-93775478,India,One Business Private Limited,"B.No.11, Flat No.1133, Vijay Nagari Ghodbunder Road, Thane, Maharashtra",वन बिजनेस प्राइवेट लिमिटेड,"B.no.11, Mumbai Thane, महाराष्ट्र",False,28,26,False
S1-388992286,S2-854203026,India,Krishna Marketing Limited,"Old No-803/3 Second And Third Floor Arjun Nagar, Kotla Mubarak Pur, Delhi, 7, New Delhi, South Delhi",कृष्णा मार्केटिंग लिमिटेड,"SOUTH DELHI, 7, Delhi, NEW DELHI",False,25,25,False
S1-321511020,S2-781454953,India,Dynamic Consulting Limited,"Shop No. 2, Plot No. 13 Indra Park Extn., Uttam Nagar, Delhi, West Delhi, Delhi",डायनामिक कंसल्टिंग लिमिटेड,"H.NO ##2, WEST DELHI, DELHI, दिल्ली",False,26,26,False
S1-359184033,S2-915455016,India,Services Shree Tech Limited,"12/666, Street Robin Cinema, Subzi Mandi, Near Clock Tower, New Delhi, North Delhi, Delhi",Services Sbee Tech Limited,,True,27,26,False
S1-409300771,S2-80433265,India,Galaxy Engineering Private Limited,"9/25, Avvai Street, Tmp Nagar, Padi, Chennai-50 Padi, Chennai-50, Padi, Chennai-50, Chennai, Tamil Nadu",கேலக்ஸி இன்ஜினியரிங் பிரைவேட் லிமிடெட்,"9/25, CHENNAI-50, TIRUVALLUR, Tamil Nadu",False,34,38,False
S1-944413854,S2-193863709,India,Laxmi Engineering Private Limited,"Maharashtra, 3Rd Floor-5, Mumbai City, Plot-39 Marine Chambers Thackarsey Marg, New Marine Lines, Churc, Hgate, Mumbai",लक्ष्मी इंजीनियरिंग प्राइवेट लिमिटेड,"3RD FLOOR-5, MUMBAI CITY, MUMBAI, Maharashtra",False,33,36,False
S1-942481365,S3-905624887,India,Shyam Marketing Private Limited,"5, Prafulla Sarkar Street, (Opp. Anand Bazar Patrika), Kolkata, Howrah, West Bengal",শ্যাম মার্কেটিং প্রাইভেট লিমিটেড,"5, Kolkata, WB",False,31,32,False
S1-991625422,S3-30030265,India,City Energy Private Limited,"P-41/1, C.I.T Road Vii M, Kolkata, Howrah, West Bengal",সিটি এনার্জি প্রাইভেট লিমিটেড,"Kolkata, Howrah, WB, #387 P-41/1",False,27,29,False
S1-944662550,S2-837604250,US,Scholarship Center,"159 Hilltop Drive, Lake In The Hills, IL",Scho1arship Center Inc.,,True,18,23,False
S1-138768136,S2-466221314,India,Big Systems,"#86, 1St D Main Road, Near Ayurvedic Hospital Binny Layout, Vijaynagar, Bangalore, Bangalore Rural, Karnataka",ಬಿಗ್ ಸಿಸ್ಟಮ್ಸ್,"#84, BANGALORE, NAGARABAVI, Karnataka",False,11,14,False
S1-803092903,S2-815035085,India,Premier Real Solutions Private Limited,"Office No. 601 B, S No 207, Phoenix East Court, Pune, Maharashtra",प्रीमियर रियल सॉल्यूशंस प्राइवेट लिमिटेड,"OFFICE NO. 60 B, PUNE, महाराष्ट्र",False,38,40,False
S1-101196293,S3-616251907,India,New Properties LLP,"547B, 4Th Phase, Peenya Indsustrial Area, Bangalore, Karnataka",newproperties.com,"5-47B, Bangalore, KA",False,18,17,False
S1-768118303,S2-547762359,India,Shakti Care Pvt Ltd,"Old No 3, New No 5, Brahamdambal Street Nungambakkam, Chennai, Tamil Nadu",சக்தி கேர் பிரைவேட் லிமிடெட்,"OLD NO 3, CHENNAI, Tamil Nadu",False,19,28,False
S1-680113556,S3-1925816,India,United Consultancy Private Limited,"397-Gf, Nyay Khand-Iii, Indirapuram, Distt-Ghaziabad, Ghaziabad, Uttar Pradesh",यूनाइटेड कंसल्टेंसी प्राइवेट लिमिटेड,"397-G, Ghaziabad, Dadri, UP",False,34,36,False
S1-716247630,S2-665749369,India,Black Developers Private Limited,"C 55 Sector 4, Noida, Gautam Buddha Nagar, Uttar Pradesh",ब्लैक डेवलपर्स प्राइवेट लिमिटेड,"BLOCK G-665 C 55 SECTOR 4, GAUTHAM BUDH NAGAR, GAUTAM BUDDHA NAGAR, उत्तर प्रदेश",False,32,31,False
S1-686543770,S2-16284303,India,Shakti Healthcare Limited,"Maharashtra, Thane, 2Nd Floor, Sector 17, Shiv Shakti Bldg, Washi, A-9, Thane",शक्ति हेल्थकेयर लिमिटेड,"PLOT 941- A-9, THANE, MUMBAI VASHI, Maharashtra",False,25,23,False
S1-743648127,S2-110433405,US,Gulf Pearl Care,"636 25th Street, Arlington County, VA",Paerl Gulf Care,"636A 25RD STREET, ARLIGNTON CITY, VA",False,15,15,False
S1-98972120,S3-799533731,India,Sky Infotech Private Limited,"A 1/C, Khasra No-65/1, Village Dhargal Ghaziabad, Ghaziabad, Uttar Pradesh",M/s Sky Inffhocesrlch Private Private Limited,,True,28,45,False
S1-167473485,S2-260896628,US,Horizon Kogyo LLC,"205 Begonia Drive, Pinehurst, NC",Horizon Kooyo  LLC,,True,17,18,False
S1-853883900,S2-702703121,India,Classic Projects Limited,"#10, Krishna Krupa, 7Th Cross, J Block, Koramangala 3Rd Bloc, K, Bangalore, Karnataka",ಕ್ಲಾಸಿಕ್ ಪ್ರಾಜೆಕ್ಟ್ಸ್ ಲಿಮಿಟೆಡ್,"#10, BANGALORE, BENGALURU URBAN, Karnataka",False,24,30,False
S1-849546759,S3-392660230,India,Premier Foods LLP,"No 123, Yeshashwini Layout, Manachanahalli Attibele Hobli, Mayasandra Post, Bengaluru, Bangalore, Karnataka",ಪ್ರೀಮಿಯರ್ ಫುಡ್ಸ್ ಎಲ್ಎಲ್‌ಪಿ,"123, Bangalore, KA",False,17,26,False
S1-87831212,S3-586860478,US,Behavioral Health Associates LLC,"Fergus Falls, 102 N Lakeside Dr, MN",Behavioral Health Associates [L.L.C.],,True,32,37,False
S1-266803735,S3-348346764,India,Sky Technology LLP,"B-2/64, Vibhuti Khand Gomti Nagar, Lucknow, Uttar Pradesh",Sky  Techn0logy LLP,"B-2/64, Lucknow, UP",False,18,19,False
S1-622561153,S2-728317358,India,Ss Food,"B-13, Basement, Motinagar, Central Delhi, Delhi",एसएस फूड,"REWARI, B-13, दिल्ली, CENTRAL DELHI",False,7,8,False
S1-692867793,S3-564014361,India,Bangalore South Agro Private Limited,"No.1838, A Block, Aecs Layout, Singasandra, Bommanahalli, Bangalore South, Bangalore, Karnataka",Bangalore Seth Agro Private Limited,,True,36,35,False
S1-335166392,S3-852519257,India,South Agro Pvt Ltd,"Se-146, Jaipuria Sunrise Plaza, Ahinsa Khand-1 Indirapuram, Ghaziabad, Uttar Pradesh",साउथ एग्रो प्रा. लि.,"Se-146, Ghaziabad, उत्तर प्रदेश",False,18,20,False
S1-925076609,S2-383664377,US,Physical Therapy Partners,"822 Janice Street, Grandview Plaza, KS",physicaltherapypartners.com,"822 JACICE ST, JUNCTION CITY DP, KS",False,25,27,False
S1-493097333,S2-153215879,India,Great Marketing Pvt Ltd,"G-2, Empire Business Centre, Empire Complex, G-2, Empi414 Senapati Bapat Marg, Near Shreeniwas Mill, Delisle Road, Mumbai, Maharashtra",ग्रेट मार्केटिंग प्रा. लि.,"G-2, KARJATH, MUMBAI, Maharashtra",False,23,26,False
S1-28505298,S3-303040655,India,Super Constructions Limited,"Flat No. 62, Block B-11 Sector 18, Rohini, New Delhi, West Delhi, Delhi",सुपर कंस्ट्रक्शंस लिमिटेड,"H.no 62, New Delhi, West Delhi, दिल्ली",False,27,25,False
S1-314355267,S2-690422019,India,Indian Industries Private Limited,"A-2/9-A, Dda Flats Inderlok, Delhi, North West, Delhi",इंडियन इंडस्ट्रीज प्राइवेट लिमिटेड,"PLOT 220 A-2/9-A, DELHI, NORTH WEST, दिल्ली",False,33,34,False
S1-375282755,S3-682198033,India,All Technology,"001, Damini Apartment, Juhu Tara Road, Juhu Vile Parle West, Mumbai, Mumbai City, Maharashtra",ऑल टेक्नोलॉजी,"001, Mumbai City, MH",False,14,13,False
S1-229967833,S3-183383636,US,ST Automotive,"4414 Mallory Lane, Wichita Falls, TX",ST Autgolotie,,True,13,13,False
S1-668558357,S3-237554272,India,Shiva Krishna Constructions Pvt Ltd,"F-15, Second Floor Vatsalya Chambers On Sapna Sangeeta Road, Indore, Madhya Pradesh",शिवा कृष्णा कंस्ट्रक्शंस प्रा. लि.,"F-d/15, Indore, MP",False,35,34,False
S1-868967557,S2-897810118,India,New United Construction Pvt Ltd,"H No.- 46, First Floor, Block - C Pkt 5 Sec 5, Rohini, Delhi, North West, Delhi",न्यू यूनाइटेड कंस्ट्रक्शन प्रा. लि.,"HN 548- H NO.- 46, NORTH WEST, DELHI",False,31,35,False
S1-350939226,S3-927530835,India,Jai North Logistics,"Unit No.3, Ground Floor, Kangra Bhavan, Dr. A.B. Road, Opp.Poddar Hospital, Worli, Mumbai, Maharashtra",जय नॉर्थ लॉजिस्टिक्स,"Unit No.3, Mumbai Ii, Mumbai, महाराष्ट्र",False,19,20,False
S1-230131285,S3-604835879,India,Green Food,"Jalandhar - I, Jalandhar, 144, Punjab, Hardyal Nagar",Green Fdsood,,True,10,12,False
S1-446060879,S2-675378095,India,Classic Green Properties Pvt Ltd,"Revenue Layout, Basapura Main Rd, Begur, 17/4, Bangalore South, Karnataka, Bangalore",ಕ್ಲಾಸಿಕ್ ಗ್ರೀನ್ ಪ್ರಾಪರ್ಟೀಸ್ ಪ್ರೈವೇಟ್ ಲಿಮಿಟೆಡ್,"17/4, BANGALORE SOUTH, BANGALORE, ಕರ್ನಾಟಕ",False,32,45,False
S1-558397189,S3-1958949,India,High Producer Private Limited,"No 32/1, M Anjinappa Main, Road, Kothanoor Village, Bangalore North, Bangalore, Karnataka",ಹೈ ಪ್ರೊಡ್ಯೂಸರ್ ಪ್ರೈವೇಟ್ ಲಿಮಿಟೆಡ್,"#32/1, Bangalore, KA",False,29,32,False
S1-504932091,S3-107818230,India,Pioneer Products Private Limited,"A-1, South Extension, Ring Road, New Delhi, South Delhi, Delhi",पायोनियर प्रोडक्ट्स प्राइवेट लिमिटेड,"#212 A-1, New Delhi, South Delhi, DL",False,32,36,False
S1-269719138,S2-96774753,US,Anchor Earth,"5426 Avondale Drive, Sugar Land, TX",Anchor Partners,,True,12,15,False
S1-474461235,S3-731169472,India,Jain Hospitality Private Limited,"A 201, Level 2, Marathon Nextgen Innova, Ganpatrao Kadam Marg, Lower Parel West, Mumbai, Maharashtra",जैन हॉस्पिटैलिटी प्राइवेट लिमिटेड,"00730 A 201, Mumbai, महाराष्ट्र",False,32,33,False
S1-688527943,S2-773604711,India,Indus Buildcon Private Limited,"Gautam Buddha Nagar, Noida, Sector-33, Gautam Budh Nagar, A-88, Uttar Pradesh",INDUS PRIVATE LIMITED SERVICES,,True,30,30,False
S1-225489886,S3-770994780,India,Life Global Private Limited,"Cabin No. 32, Mohali, Punjab, Mohali, 3Rd Floor, E-252, Industrial Area, Phase 8-B",ਲਾਈਫ਼ ਗਲੋਬਲ ਪ੍ਰਾਈਵੇਟ ਲਿਮਟਿਡ,"Cabin No. 32, Erode, Mohali, PB",False,27,27,False
S1-817345708,S2-237565820,India,Life Industries Private Limited,"New Delhi, East Delhi, Delhi, C-595, Defence Colony Delhi",लाइफ इंडस्ट्रीज प्राइवेट लिमिटेड,"FARRUKHNAGAR, 718 C-595, Delhi, NEW DELHI",False,31,32,False
S1-768994354,S2-640900698,India,Digital Developers Private Limited,"Shop No. 25, Orchid Centre, Opp. Safal Parisar - Ii Nr. Sobo Center, South Bopal, Bopal, Ahmedabad, Gujarat",ડિજિટલ ડેવલપર્સ પ્રાઇવેટ લિમિટેડ,"25, AHMEDABAD, Gujarat",False,34,32,False
S1-731719755,S2-902817916,US,Coastal Fund LLC,"320 Prairie Way, Bayport, MN",Coastal Fgu LLC,,True,16,15,False
S1-94342147,S2-236693030,India,Indo All Healthcare Private Limited,"Unit No. 4, Office No. 01, Desk No. 06 Wing 1 Gift Aspire 2, Block 12, Zone -1, Gift City Gandhinagar, Gandhinagar, Gandhi Nagar, Gujarat",ઇન્ડો ઓલ હેલ્થકેર પ્રાઇવેટ લિમિટેડ,"UNIT NO. #4, GANDHI NAGAR, Gujarat",False,35,34,False
S1-885900587,S3-477304163,India,Kolkata Services Private Limited,"Regent House, 1St Floor, 12, Government Place East, Kolkata, Kolkata, Howrah, West Bengal",Kolkata Services Private Ltd Trading,,True,32,36,False
S1-710829842,S3-384036687,India,Unique Hospitality Private Limited,"No.16, 1St Cross, 1St Main Sampige Layout, Bangalore, Karnataka",ಯುನೀಕ್ ಹಾಸ್ಪಿಟಾಲಿಟಿ ಪ್ರೈವೇಟ್ ಲಿಮಿಟೆಡ್,"No.16, Bangalore, ಕರ್ನಾಟಕ",False,34,37,False
S1-508196094,S3-44256341,India,Perfect Hospitality Private Limited,"W/O Santi Sarup C-68 Defence Colony, Uttar Pradesh, Meerut",M/s Perfect Hosipality Private Limited,,True,35,38,False
S1-494180931,S2-445306068,US,Smith Capital LLC,"16711 Silver Sky Lane, Houston, TX",Smith LLC Services,,True,17,18,False
S1-714700532,S3-427559677,India,Premier Management,"C/O Kuldeep Chand K.No-2, Street-4, Sadhu Nagar, Derabassi, Mohali, Punjab",Premier Sérvices,,True,18,16,False
S1-116012598,S2-57036677,India,Sai Products Private Limited,"A-10, B-1, Mohan Co-Operative Society Mohan Co-Operative Industrial Estate Ltd, Badarpur, Delhi, South Delhi, Delhi",साईं प्रोडक्ट्स प्राइवेट लिमिटेड,"A-#10, DELHI, SOUTH DELHI, दिल्ली",False,28,32,False
S1-451917816,S3-674142415,India,Ss Business Private Limited,"B 164, Sector 92, Noida, Gautam Buddha Nagar, Uttar Pradesh",एसएस बिजनेस प्राइवेट लिमिटेड,"B 164, Noida, UP",False,27,28,False
S1-435016685,S3-334576565,India,Creative Construction Private Limited,"Maharashtra, Flat No. 11, Deodatta Co-Op. Hsg. Society Ltd., Ambad Link Road, Cidco, Nashik, Nashik",क्रिएटिव Construction प्राइवेट लिमिटेड,"Flat No. 11, Nashik, Saikheda, महाराष्ट्र",False,37,38,False
S1-853488242,S3-894317109,US,Modern Printing Services Inc,"116 72nd Street, Springfield, OR",modernprintingservicescom,"116D 72th Street, Springfield, Oregon",False,28,25,False
S1-276207741,S2-46479435,India,Green Balaji Agro Limited,"9, Parsi Church Street, Kolkata, Kolkata, Howrah, West Bengal",গ্রীন বালাজি অ্যাগ্রো লিমিটেড,"9, HOWRAH, West Bengal",False,25,29,False
S1-763394488,S2-375386308,India,Sree Developers Private Limited,"No.8 First Floor, Velmurugan Street, Choolaipallam Mgr Nagar, Chennai City Corporation, Chennai, Tamil Nadu",Sree Private Limited Services,,True,31,29,False
S1-714592951,S3-193530489,India,Blue South Impex Private Limited,"Shop No 47, 1St Floor, Citi Mall, Ward No :K/West, New Link Road, Near Infiniti Mall, Andhe, Ri West, Mumbai, Mumbai City, Maharashtra",ब्लू साउथ इम्पेक्स प्राइवेट लिमिटेड,"Shop No 48, Mumbai, MH",False,32,35,False
S1-17526007,S2-944137398,India,Swastik Infra Limited,"5A First Floor Office No 3 Opp Fire Station, Main Mkt Madanpur Khadar Sarita Vihar, South Delhi, Delhi, India, New Delhi, South Delhi, Delhi",स्वस्तिक इंफ्रा लिमिटेड,"FIRST FLOOR OFFICE NO 3 OPP FIRE STATION, SOUTH EAST DELH, दिल्ली",False,21,23,False
S1-891772447,S2-194756237,India,Dream Impex Limited,"Shop No 5, Dinar Bldg 20, Station Rd, Op. City Plaza, Mumbai, Maharashtra",ड्रीम इम्पेक्स लिमिटेड,"#5, <NULL>, BOMBAY, MUMBAI, महाराष्ट्र",False,19,22,False
S1-206677756,S3-970038748,India,Green Systems,"42, Vijaypark Society, Opp Madhuvan Park Gor No Kuvo, Kans Bus Stop, Maninagar, Ahmedabad, Gujarat",ગ્રીન સિસ્ટમ્સ,"42, Ahmedabad, GJ",False,13,14,False
S1-469851703,S3-41216098,India,Royal Vision Enterprises Limited,"21, Dadu Colony, Near Vikash Public School, Bus Depot Link Road, Jaipur, Rajasthan",रॉयल विजन एंटरप्राइजेज लिमिटेड,"RJ, Jaipur, Jhalawar, #21",False,32,30,False
S1-500923945,S3-118194757,India,Sree Properties Private Limited,"7A Bentick Street, 2Nd Floor Room No 216, Kolkata, Kolkata, Howrah, West Bengal",শ্রী প্রপার্টিজ প্রাইভেট লিমিটেড,"Bentick Street, Howrah, পশ্চিমবঙ্গ",False,31,32,False
S1-514011355,S2-138637620,India,North Global Pvt Ltd,"714 A, Phase Ii, 7Th Floor, Spencer Plaza, Mount Road, Chennai, Tamil Nadu",நார்த் குளோபல் பிரைவேட் லிமிடெட்,"714 A, CHENNAI, தமிழ்நாடு",False,20,32,False
S1-246843007,S2-734006975,India,Sunrise Foods Private Limited,"C-7, Sheetal Chaya Chs Sheetal Nagar, Opp. Ganesh Mandir, Mira Road, Thane, Maharashtra",सनराइज फूड्स प्राइवेट लिमिटेड,"C-B3/7, THANE, MIRA ROAD, महाराष्ट्र",False,29,29,False
S1-907452520,S2-604187649,India,Urban Infra,"1St Floor, Blayees Avenue Edappally Toll, Nethaji Nagar, Edapally, Ernakulam, Kerala",അർബൻ ഇൻഫ്ര,"DOOR NO 1ST  FLOOR, ERNAKULAM, KOCHI, Kerala",False,11,10,False
S1-264010053,S2-790657066,India,Jai Global Limited,"119, 1St Floor, Dlf Prime Towers, F-79-80, Okhla Industrial Area Phase-I, New Delhi, South Delhi, Delhi",जय ग्लोबल लिमिटेड,"119, NEW DELHI, SOUTH DELHI, दिल्ली",False,18,17,False
S1-515236542,S2-774081293,India,Bharat Projects Limited,"C-2, Kali Kutir, Kautilya Nagar Near Alakhnanda Apartment, A.G.Colony, Patna, Bihar",भारत प्रोजेक्ट्स लिमिटेड,"PATNA, Bihar, RAMNAGRI MORE, C-C-2",False,23,24,False
S1-346222847,S3-323719990,India,Ap Services Private Limited,"B-24, Jodhpur, Rajasthan, Jodhpur, Roop Rajat Township, Bhadu Market Pal Road, Jodhpur",Ap Srdvices Private Limited,,True,27,27,False
S1-941340047,S3-665913293,India,High Business Private Limited,"Block B-1, Plot B-2 Mohan Co-Operative Industrial Estate, Ma, Thura Road, New Delhi, South Delhi, Delhi",हाई बिजनेस प्राइवेट लिमिटेड,"Block B-1, New Delhi, South Delhi, दिल्ली",False,29,27,False
S1-599898690,S3-924633726,US,Urban Tavern,"1009 Mississippi Street, South Houston, TX",Urban Tate,,True,12,10,False
S1-741862558,S2-847259134,India,Good Exports,"15/30, Kidwai Gali East Babar Pur, Delhi, East Delhi, Delhi",गुड एक्सपोर्ट्स,"PLOT 953 15/30, DELHI",False,12,15,False
S1-640841514,S3-225933433,India,White Consultancy Private Limited,"Door No.24-19-3/2, Mig-200, Vuda Colony, Vinayak Nagar, Pedagantyada, Visakhapatnam, Vishakhapatnam, Andhra Pradesh",వైట్ కన్సల్టెన్సీ ప్రైవేట్ లిమిటెడ్,"Door No.0024-19-3/2, Vizag, Vishakhapatnam, ఆంధ్రప్రదేశ్",False,33,35,False
S1-71946500,S3-427245095,India,Lotus Systems Pvt Ltd,"Bl-A, 3-Fr, 301, 47/1.Deshpran Sashmal Road, Howrah, West Bengal",লোটাস সিস্টেমস প্রাইভেট লিমিটেড,"Hn 78 Bl-a, Howrah, WB",False,21,31,False
S1-475902695,S2-790228837,India,Shiv Indian Producer Private Limited,"Sy No-41/1 To 41/5, Plot-U-L-1 R.D High Rise Aprt, Opp D. K.Park Soc, Bhatar Road, Surat, Gujarat",Shiv Indian પ્રોડ્યુસર પ્રાઇવેટ લિમિટેડ,,True,36,39,False
S1-107698214,S3-477749721,India,Gujarat Healthcare Private Limited,"#150/5, Ground Floor, Swathanthra, 3Rd Cross 10Th Main, Neethravathi Extension, Malle, Shpalya, Bangalore, Karnataka",ಗುಜರಾತ್ ಹೆಲ್ತ್‌ಕೇರ್ ಪ್ರೈವೇಟ್ ಲಿಮಿಟೆಡ್,"Door No C-150/5, Bangalore, ಕರ್ನಾಟಕ",False,34,37,False
S1-104785850,S2-341497964,India,Galaxy Builders,"P-12, First Floor, Industrial Estate, Pansal Choraha, Pansal Road, Bhilwara, Rajasthan",गैलेक्सी बिल्डर्स,"H.NO 386 P-12, BHILWARA, राजस्थान",False,15,17,False
S1-335166392,S2-960614583,India,South Agro Pvt Ltd,"Se-146, Jaipuria Sunrise Plaza, Ahinsa Khand-1 Indirapuram, Ghaziabad, Uttar Pradesh",साउथ एग्रो प्रा. लि.,"GHAZIABAD, Uttar Pradesh, GHAZIABAD, SE-1-46",False,18,20,False
S1-865649072,S3-88640432,India,Hari Services Private Limited,"Telangana, Tirumalagiri, Hyderabad, Plotno133, Sriharinilayam, Vaishali Nagar, Madinaguda",hariservices.com,"#133, Medchal Malkajgiri, TG",False,29,16,False
S1-610174747,S3-623098238,India,Hitech Foods Private Limited,"101, Ist Floor, C 2/4 Pragati Market, Ashok Vihar Phase-2, Delhi, North West, Delhi",hitechfoods.com,"101/5, Delhi, North West, DL",False,28,15,False
S1-774639813,S3-558859650,India,Bombay Impex Private Limited,"No. 56, Padmashree Nilaya, Block 1, Doddabommasandra, Bangalore North, Bangalore, Karnataka",ಬಾಂಬೆ ಇಂಪೆಕ್ಸ್ ಪ್ರೈವೇಟ್ ಲಿಮಿಟೆಡ್,"No. 56, Bengaluru, KA",False,28,32,False
S1-94342147,S2-183205897,India,Indo All Healthcare Private Limited,"Unit No. 4, Office No. 01, Desk No. 06 Wing 1 Gift Aspire 2, Block 12, Zone -1, Gift City Gandhinagar, Gandhinagar, Gandhi Nagar, Gujarat",ઇન્ડો ઓલ હેલ્થકેર પ્રાઇવેટ લિમિટેડ,"UNTI NO. #4, GANDHINAGAR, Gujarat",False,35,34,False
S1-190942442,S3-513357113,India,Swastik Infra LLP,"17, Floor 4, Plot No. 22, Joothica, Naushir Bharucha Marg, Grant Road, Mumbai, Mumbai City, Maharashtra",स्वस्तिक इंफ्रा एलएलपी,"17, Mumbai, Mumbai City, MH",False,17,22,False
S1-682929505,S2-80821396,India,Ace Ventures Private Limited,"Ahmedabad, Vasupujya Bunglows Near Hasubhai Bunglows, Jodhpur, Satellite, Gujarat, Ahmedabad, 16",એસ વેન્ચર્સ પ્રાઇવેટ લિમિટેડ,"AHMEDABAD, HN 669 16, ગુજરાત",False,28,28,False
S1-79406644,S2-619192741,India,Pioneer Ventures Private Limited,"49, Sir Hari Ram Goenka Street, 2Nd Floor, Kolkata, Howrah, West Bengal",পায়োনিয়ার ভেঞ্চারস প্রাইভেট লিমিটেড,"KOLKATA, West Bengal, <NULL>, H.NO 224 49",False,32,37,False
S1-509408721,S2-93446131,India,Shree Ventures Private Limited,"219, 2Nd Floor, Sg Shopping Mall, Sector-9 Rohini, North West Delhi, Delhi, North Erst Delhi, North West, Delhi",Mr Shree Veltnughis Private Limited,,True,30,35,False
S1-964576251,S2-65620648,India,Apex Technologies Private Limited,"Plot No. 46, Balamrai Society, Mahendrahills, East Maredpally, Secunderabad, Hyderabad, Telangana",ఏపెక్స్ టెక్నాలజీస్ ప్రైవేట్ లిమిటెడ్,"NO #46, HYDERABAD, Telangana",False,33,37,False
S1-37275391,S2-849448959,India,Star Infotech Limited,"135-137, Plot 215, Free Press House, Free Press Journal Marg, Nariman Point, Mumbai, Mumbai, Maharashtra",स्टार इंफोटेक लिमिटेड,"महाराष्ट्र, NARIMAN POINT, 135-137",False,21,21,False
S1-520941054,S2-572041171,India,Great Swastik Healthcare Limited,"Room No 602, Ganesh Tower, Near Platform No1, Stn Rd, Thane, Maharashtra",ग्रेट स्वस्तिक हेल्थकेयर लिमिटेड,"ROM NO 602, NULL, THANE, NAUPADA, Maharashtra",False,32,32,False
S1-748993376,S3-865331325,India,Smart Enterprises Private Limited,"1-2, Lalbhai Park, Opp. Airforce Main Gate, Makarpura Road, Vadodara, Gujarat",smartenterprises.c0m,"1-2, Vadodara, GJ",False,33,20,False
S1-652226833,S3-462355353,India,Dream Industries,"Plot No 42/A, Gali No. 7 Kadipurenclave, Gurugram, Gurgaon, Haryana",ड्रीम इंडस्ट्रीज,"H.no 42/A, Gurgaon, हरियाणा",False,16,16,False
S1-685083516,S2-625668375,India,Seven Infotech Private Limited,"Pragadadheeshwar Apartment, Cit Nagar, First Main Road, Chennai, Chennai City Corporation, Tamil Nadu, No 50",செவன் இன்ஃபோடெக் பிரைவேட் லிமிடெட்,"NO 50, CHENNAI, தமிழ்நாடு",False,30,34,False
S1-715145027,S2-846043193,India,Dream Media Private Limited,"House No 224, Floor 2Nd, Hakikat Nagar, Gtb Nagar, Delhi, North West Delhi, Delhi",ड्रीम मीडिया प्राइवेट लिमिटेड,"HOUCE NO 224, DELHI, NORTH WEST DELHI, दिल्ली",False,27,29,False
S1-361570703,S2-379150712,India,Dynamic Global Private Limited,"Khasra No. 33/9/12, Main Bawana Road, Same Pur Near Amar Jyoti Colony. Opp. Sector-17, Rohini, Delhi, North Delhi, Delhi",डायनामिक ग्लोबल प्राइवेट लिमिटेड,"33/9/12, DELHI, PEHLADPUR BANGER, Delhi",False,30,32,False
S1-943270787,S3-208391105,India,Lotus Media Private Limited,"1/50, 2Nd Floor, Ganga, Apartment, Laxmi Nagar, East Delhi, Delhi",लोटस मीडिया प्राइवेट लिमिटेड,"1/50, East Delhi, DL",False,27,28,False
S1-652894270,S3-755429144,India,Shakti Producer Private Limited,"202, Asha Dilpasand, Imperial 6/3 South Tukoganj, Indore, Madhya Pradesh",शक्ति प्रोड्यूसर प्राइवेट लिमिटेड,"##202, Indore, MP",False,31,33,False
S1-509442507,S2-638589651,India,Bright Infotech Private Limited,"608, Floor-6, Plot-306, Kakad Market, Kalbadevi Road, Swadeshi Market, Kalbadevi, Mumbai, Mumbai, Maharashtra",ब्राइट इंफोटेक प्राइवेट लिमिटेड,"BLOCK C-291 608, MUMBAI, Maharashtra",False,31,31,False
S1-503447466,S3-911760674,India,New Delhi Services Limited,"S-556, School Block Shakarpur, Near Baba Baqut Hall, New Delhi, East Delhi, Delhi",-- New Services Limited Center,"दिल्ली, East Delhi, New Delhi, S-00556",False,26,30,False
S1-745302431,S3-752723733,India,Gujarat Solutions,"Amar Complex Housing, Vadodara, Gujarat",Gujarat Center Trading,,True,17,22,False
S1-40101759,S2-33890080,US,Physical Therapy Empire Care,"5022 Murray Boulevard, Unit A5, Murray, UT",PHYSlCAL THERAPY EMPIRE CARE,,True,28,28,False
S1-827525104,S2-671137881,India,United Consulting Limited,"Telangana, First Floor, Near Elite Fitness Studio, Dullapally Road, Srinivas Colony, Kompally, Medchal- Malkajgiri, Hyderabad, Sy. No 201/A, Quthbullapur Mandal",యునైటెడ్ కన్సల్టింగ్ లిమిటెడ్,"#276 SY. NO 201/A, RANGAREDDY, HYDERABAD, తెలంగాణ",False,25,29,False
S1-651630159,S3-67799689,India,Th Foundation,"Mahagun Mywoods Plot No Gh-04, Dec 16C Greater Noida, Uttar Pradesh, Gautam Buddha Nagar, Flat No 24146 Tower Aspen, Bishrakh",Th Founeation,"H.no 24146 Tower Asgen, Surajpur, Gautam Buddha Nagar, UP",False,13,13,False
S1-742068150,S2-923934096,India,Ss Constructions Pvt Ltd,"G - 301, Prince Appartment Plot No. 54, I. P. Extension, Delhi, East Delhi, Delhi",एसएस कंस्ट्रक्शंस प्रा. लि.,"BLOCK D-459 G - 301, EAST DELHI, DELHI, दिल्ली",False,24,27,False
S1-668318377,S3-883018174,India,Arihant Producer Private Limited,"2-A/3, Second Floor (Front Side) Asaf Ali Road, Turkman Gate, Delhi, North East, Delhi",अरिहंत प्रोड्यूसर प्राइवेट लिमिटेड,"2-A/3, North East, दिल्ली, Delhi",False,32,34,False
S1-998508835,S2-812706387,India,Good Dynamic It Private Limited,"No.59, 1St Floor Chowdeshwari Arcade 2Nd Stage West Of Chord Road, Basaveshwara Nagar Opp Rajajinagar Metro Station, Bangalore North, Bangalore, Karnataka",ಗುಡ್ ಡೈನಾಮಿಕ್ ಐಟಿ ಪ್ರೈವೇಟ್ ಲಿಮಿಟೆಡ್,"#59, BENGALURU, BANGALORE NORTH, Karnataka",False,31,35,False
S1-225489886,S3-13375581,India,Life Global Private Limited,"Cabin No. 32, Mohali, Punjab, Mohali, 3Rd Floor, E-252, Industrial Area, Phase 8-B",ਲਾਈਫ਼ ਗਲੋਬਲ ਪ੍ਰਾਈਵੇਟ ਲਿਮਟਿਡ,"Cabin No. 32, Divreportingcircle, PB",False,27,27,False
S1-954682379,S3-108331638,India,Shree Trading Group,"No.2/13, 1St Floor, Thandavarayan Street, Royapettah, Chennai, Tamil Nadu",shreetrading.com,"#2/13, Chennai, TN",False,19,16,False
S1-85387824,S3-468569426,India,Life Trading Private Limited,"1102, Shrusti Apartments Old Prabhadevi Road, Mumbai, Mumbai City, Maharashtra",लाइफ ट्रेडिंग प्राइवेट लिमिटेड,"1101, Mumbai City, Mumbai, MH",False,28,30,False
S1-430221659,S2-76649411,India,Arihant Investment Private Limited,"F-7, Sai Madhura Swarnnima, 5Th Cross, Venkatadri Layout, Panduranga Nagar, Bangalore, Karnataka",ಅರಿಹಂತ್ ಇನ್ವೆಸ್ಟ್‌ಮೆಂಟ್ ಪ್ರೈವೇಟ್ ಲಿಮಿಟೆಡ್,"F-7, null, BANGALORE, Karnataka",False,34,41,False
S1-680113556,S3-624470397,India,United Consultancy Private Limited,"397-Gf, Nyay Khand-Iii, Indirapuram, Distt-Ghaziabad, Ghaziabad, Uttar Pradesh",यूनाइटेड कंसल्टेंसी प्राइवेट लिमिटेड,"397-G, Ghaziabad, Dadri, UP",False,34,36,False
S1-671053407,S3-500157460,India,Tech Sunrise Power Private Limited,"Maharashtra, Mumbai City, 5Th Floor, New Blue Heaven, Versova Link Road, Andheri West, Flat No. 503, Mumbai",टेक सनराइज पावर प्राइवेट लिमिटेड,"NULL, MH, Flat No. 503, Mumbai, Mumbai City",False,34,32,False
S1-267327365,S3-924287687,India,Sai High Systems Private Limited,"Gf - 2, 725, Sector - 5, Vaishali, Ghaziabad, Uttar Pradesh",साई हाई सिस्टम्स प्राइवेट लिमिटेड,"Ghaziabad, ###703 Gf - 2, उत्तर प्रदेश",False,32,33,False
S1-929948764,S2-819601981,US,"Continental Alliance, LLC","MA, Boston, Unit 1605, 16 Brookline Street",CONTINENTAL LLC CENTER Trading,,True,25,30,False
S1-740386477,S3-498910578,India,South Software Private Limited,"Rawdon Street Shubham''10Th Floor, Roomno.-1004, Kolkata, West Bengal, Howrah, Kolkata, 1",সাউথ সফটওয়্যার প্রাইভেট লিমিটেড,"1, Kolkata, Howrah, WB",False,30,32,False
S1-26175592,S3-927196948,US,"Cypress, LLC","124 Namequoit Road, Orleans, MA",cypress.com (ID: 76085),,True,12,23,False
S1-91641490,S3-351015935,India,Blue Systems Private Limited,"E/259, 1St Floor, Tagore Garden Extension Near Central School, New Delhi, Delhi",ब्लू सिस्टम्स प्राइवेट लिमिटेड,"186 E/259, New Delhi, दिल्ली",False,28,30,False
S1-742127796,S2-13317959,US,Metropolitan Trusted Xrp LLC,"11 Edwards Lane, Rockland, NY",MTXRP.COM,"51 EDWARDS LN, LIVINGSTON ANOR, NY",False,28,9,False
S1-937636188,S3-472414232,India,Tirupati Media Private Limited,"19, Bad Devri, Mansarovar, Jaipur, Rajasthan",तिरुपति मीडिया प्राइवेट लिमिटेड,"19, Jaipur, राजस्थान",False,30,31,False
S1-30787947,S2-441839351,India,Indian Engineering,"112, 1St Floor, Hariom Commercial Complex New Dak Bunlgow Road, Patna, Bihar",इंडियन इंजीनियरिंग,"110, बिहार, GARDANIBAGH, PATNA",False,18,18,False
S1-385816303,S2-61195484,India,Galaxy Tech Private Limited,"Pune, Maharashtra, 9, Jaiprakash Narayan Garden Near Pune Railway Station, Pune",गैलेक्सी टेक प्राइवेट लिमिटेड,"Maharashtra, 4-9, POONA",False,27,29,False
S1-545819818,S3-111172753,US,Family Partners,"1620 Sandy Hollow Circle, Essex, MD",fami1y partners Enterprises,,True,15,27,False
S1-225489886,S3-383822785,India,Life Global Private Limited,"Cabin No. 32, Mohali, Punjab, Mohali, 3Rd Floor, E-252, Industrial Area, Phase 8-B",ਲਾਈਫ਼ ਗਲੋਬਲ ਪ੍ਰਾਈਵੇਟ ਲਿਮਟਿਡ,"Cabin No. 32, Divreportingcircle, PB",False,27,27,False
S1-190588887,S2-837956904,India,Sree Business LLP,"C-11, Kadamb Flats, Near, Sarkari Tubewell, Daskroi, Ahmedabad, Gujarat",શ્રી બિઝનેસ એલએલપી,"C-11, AHMEDABAD, Gujarat",False,17,18,False
S1-582452296,S3-135007504,India,Laxmi It Private Limited,"Telangana, Hyderabad, Repunjaya Building, Khanamet, Plot No 1024, Shaikpet",లక్ష్మి ఐటీ ప్రైవేట్ లిమిటెడ్,"Ranga Reddy, Hyderabad, Door No 1024, తెలంగాణ",False,24,29,False
S1-322327655,S3-675547942,India,Swastik International Pvt Ltd,"Shop-2 81, Sahid Hemanta Kumar, Bose Sarani, Kolkata, Kolkata, Howrah, West Bengal",স্বস্তিক ইন্টারন্যাশনাল প্রাইভেট লিমিটেড,"Door No 694 Shop-2 81, Kolkata, Howrah, WB",False,29,40,False
S1-210311995,S2-882588510,India,Future Global Private Limited,"Maharashtra, 712, Mumbai City, Mumbai, Tulsiani Chambers, 212, Free Press Journal Marg, Nariman Point",फ्यूचर ग्लोबल प्राइवेट लिमिटेड,"712, MUMBAI, MUMBAI CITY, महाराष्ट्र",False,29,30,False
S1-669394271,S3-231254360,India,Golden Infotech Private Limited,"N-320, Dd Vyapar Bhavan, Kp, Vallon Rd, Kadavanthara, Ernakulam, Kerala",ഗോൾഡൻ ഇൻഫോടെക് പ്രൈവറ്റ് ലിമിറ്റഡ്,"Hn 8-1 N-320, null, Ernakulam, KL",False,31,34,False
S1-710140328,S2-124147810,India,Surya Tech Private Limited,"Flat No. 101, Plot No. 7 & 8, D K Nagar, Journalist Colony, Jubilee Hills, Road N, O. 70, Hyderabad, Telangana",సూర్య టెక్ ప్రైవేట్ లిమిటెడ్,"FLAT NO. 101, HYDERABAD, Telangana",False,26,28,False
S1-763363947,S2-188503516,India,Sunrise Enterprises Private Limited,"Malapuram, Vee Pee Tower, Nh, Road, Kanhippura, Valanche, Tirur, Malappuram, 32/268, Kerala",സൺറൈസ് എന്റർപ്രൈസസ് പ്രൈവറ്റ് ലിമിറ്റഡ്,"33/268, MALAPURAM, Kerala",False,35,39,False
S1-739752911,S2-814909041,India,Aditya Developers Private Limited,"No.38/4, 2Nd Floor, Rangarao Road, Shanakarapuram, Basavanagudi., Bangalore, Karnataka",ಆದಿತ್ಯ ಡೆವಲಪರ್ಸ್ ಪ್ರೈವೇಟ್ ಲಿಮಿಟೆಡ್,"NO.38/4, BANGALORE, ಕರ್ನಾಟಕ",False,33,34,False
S1-481376031,S3-88344723,India,Blue Infotech Pvt Ltd,"501, 5Th Floor, Lotus Plaza, Gokhale Road Opp. Titan Showroom, Thane West, Thane, Maharashtra",ब्लू इंफोटेक प्रा. लि.,"501, Navi Mumbai Region, Thane, महाराष्ट्र",False,21,22,False
S1-142650146,S3-586183106,India,Bangalore Management Private Limited,"No A 88, Ground Floor, 2Nd Cross Upkar Solitaire, Anekal Road, Attibele, Bangalore, Karnataka",Bangalore Private Limited Service Trading,,True,36,41,False
S1-647709654,S2-766509904,India,Shiva Systems Limited,"19, British Indian Street, Kolkata, Howrah, West Bengal",শিব সিস্টেমস লিমিটেড,"19, HOWRAH, CALCUTTA, West Bengal",False,21,20,False
S1-543990329,S2-916380849,India,Baba Consulting Limited,"23, Howrah, Kolkata, West Bengal, Canal Street Block-B, Ground Floor, Kolkata",বাবা কনসাল্টিং লিমিটেড,"23, KOLKATA, পশ্চিমবঙ্গ",False,23,22,False
S1-774445748,S2-409540211,India,Global Builders Private Limited,"Shop No - 6, Ground Floor, B-357/A, New Ashok Nagar, East Delhi, Delhi",ग्लोबल बिल्डर्स प्राइवेट लिमिटेड,"DOOR NO 306 SHOP NO - 6, EAST DELHI, Delhi",False,31,32,False
S1-931936452,S3-592327719,India,Tirupati Finance Pvt Ltd,"Rajasthan, Desuri, Hanuman Colony, No. 5195, Pali",तिरुपति फाइनेंस प्रा. लि.,"No., Pali, RJ",False,24,25,False
S1-766371910,S2-420616965,US,Vaclarex Inc.,"4000 Park Avenue, Richmond City, VA",Vadarex Incorporated,"VA, RICHMND, 3864 PARK AVE",False,13,20,False
S1-397828229,S3-624033330,India,Om Foundation Private Limited,"New Delhi, 258, New Delhi, Delhi, Satyam Tower, Paschim Vihar",>> Om Fudatin Private Limited,"00258, New Delhi, DL",False,29,29,False
S1-740386477,S2-138421814,India,South Software Private Limited,"Rawdon Street Shubham''10Th Floor, Roomno.-1004, Kolkata, West Bengal, Howrah, Kolkata, 1",সাউথ সফটওয়্যার প্রাইভেট লিমিটেড,"PLOT B3/164 1, HOWRAH, West Bengal",False,30,32,False
S1-766626502,S3-570127487,US,United School of Medicine,"6100 Fm 2354, Unit 1/2, Baytown, TX",United Sch0ol,,True,25,13,False
S1-409300771,S2-210546214,India,Galaxy Engineering Private Limited,"9/25, Avvai Street, Tmp Nagar, Padi, Chennai-50 Padi, Chennai-50, Padi, Chennai-50, Chennai, Tamil Nadu",கேலக்ஸி இன்ஜினியரிங் பிரைவேட் லிமிடெட்,"9/25, CHENNAI-50, TIRUVALLUR, Tamil Nadu",False,34,38,False
S1-657271318,S3-753177859,India,Silver Technology Pvt Ltd,"Plot Number B5, Gharkul Chs, Kalamboli Node Kalamboli, Navi Mumbai, Raigarh, Maharashtra",Silver Pvt Ltd Partners,,True,25,23,False
S1-557243289,S3-148325945,India,Hari Estate Private Limited,"309, Krishna Apra Business Square, Plot No. 4, 5, 6 Netaji Subhash Place Pitampura, Delhi, North West Delhi, Delhi",हरि एस्टेट प्राइवेट लिमिटेड,"#28 309, North West Delhi, Delhi, DL",False,27,27,False
S1-300773965,S3-675142913,India,Life Star Engineering Private Limited,"No.1, James Street, Thiruvalluvar Nagar, Pammal, Chennai, Tamil Nadu",லைஃப் ஸ்டார் இன்ஜினியரிங் பிரைவேட் லிமிடெட்,"Door No 1, Madras, Chennai, TN",False,37,43,False
S1-280650806,S3-490658916,India,Royal Foods Private Limited,"S. No. 9A, A/P Narayangaon, Near Prajapita Brahmakumari Ashram, Taluka Junnar, Pune, Maharashtra",रॉयल फूड्स प्राइवेट लिमिटेड,"Block C-g-651 S. No. 9A, Pune, महाराष्ट्र",False,27,27,False
S1-112068091,S3-348579226,India,Raj Solutions Private Limited,"Chamber No - 136, Old Dse Building Asaf Ali Road, New Delhi, Delhi",Raj Soltions Private Limited,"No 646 Cahmber No - 136, E Eh, New Delhi, DL",False,29,28,False
S1-206439895,S3-315330356,India,Dynamic Global Private Limited,"Bangalore, 9Th Cross, Hmt Layout Rt Nagar, Karnataka, 254, Bangalore",ಡೈನಾಮಿಕ್ ಗ್ಲೋಬಲ್ ಪ್ರೈವೇಟ್ ಲಿಮಿಟೆಡ್,"254, Bangalore, KA",False,30,34,False
S1-197200260,S2-309034362,India,East Guru Impex Private Limited,"G-44, Rajasthan, Jaipur, Vidhyadhar Enclave-2, Vidhyadhar Nagar",ईस्ट गुरु इम्पेक्स प्राइवेट लिमिटेड,"G-44, JAIPUR, Rajasthan",False,31,35,False
S1-445635594,S3-209573431,India,Good Power Private Limited,"F-1, First Floor, Tower-C, Spazedge, Sector-47 Near Malibu Town, Sohna Road, Dlf Qe, Gurgaon, Haryana",powerprivate.com,"F-1, Dlf Qe, Gurgaon, HR",False,26,16,False
S1-311645080,S3-724260015,India,Ts Brothers Care,"No. 8, 14/88, 2Nd Floor Galaxy Enclave, Jakkur Plantation Road Jakkur, Yelahanka, Bangalore, Karnataka",tsbrótherscare.com,"No. 8, Bengaluru, Bangalore, KA",False,16,18,False
S1-222550619,S2-229674240,US,"Bertrand Northwest, LLC","863 13th Street, Colorado City, TX",Ectovio,"585 13TH ST, COLOARDO CITY CDP, TX",False,23,7,False
S1-12179263,S3-52926798,India,Krish Academy,"Ghaziabad, B-39, Surya Enclave Opposite Loha Mandi, G T Road, Uttar Pradesh, Ghaziabad",Krish Aadey,,True,13,11,False
S1-91641490,S2-995078583,India,Blue Systems Private Limited,"E/259, 1St Floor, Tagore Garden Extension Near Central School, New Delhi, Delhi",ब्लू सिस्टम्स प्राइवेट लिमिटेड,"E/D/259, WEST, दिल्ली",False,28,30,False
S1-337896244,S3-886834008,India,Swastik Services Pvt Ltd,"Office No. 907, 9Th Flr, Costarica Tower Sector 18 Plot No. 1&2, Plam Beach Road Sanpada, Navi Mumbai, Thane, Maharashtra",स्वस्तिक सर्विसेज प्रा. लि.,"Office No. 907, New Mumbai, MH",False,24,27,False
S1-201727614,S3-468193167,India,Laxmi International Pvt Ltd,"227, Second Floor, Alpha 1, Krishna Apra Plaza, Greater Noida, Noida, Gautam Buddha Nagar, Uttar Pradesh",लक्ष्मी इंटरनेशनल प्रा. लि.,"227, Noida, Gautam Buddha Nagar, उत्तर प्रदेश",False,27,27,False
S1-680682839,S2-833106126,India,Shiv Trading,"Office No 2, 2Nd Floor 37Happy Plaza, Near Ratlami Namkeen, Shopp, Ing Centre, Kota, Rajasthan",शिव ट्रेडिंग,"OFFICE NO #2, SAWAI MADHOPUR, Rajasthan",False,12,12,False
S1-172732552,S2-285339877,India,Raj Systems,"167, Second Floor Virat Nagar, Panipat, Haryana",Raj  5ystems,,True,11,12,False
S1-810991999,S2-580450151,India,Al Trading Limited,"405C, 4Th Floor, Manjeera Majestic Commercial, Jntu-Hitech City Road, Kukatpally, Tirumalagiri, Hyderabad, Telangana",అల్ ట్రేడింగ్ లిమిటెడ్,"00405C, HYDERABAD URBAN, HYDERABAD, తెలంగాణ",False,18,22,False
S1-154629620,S2-745952855,India,Msp Healthcare Private Limited,"Flat No. 1, Urmila Society, Ganesh Chambers, S. No. 31, Dhankawadi, Pune, Maharashtra",healthcareprivate.com,"#C-1, NULL, PUNE, महाराष्ट्र",False,30,21,False
S1-874483026,S3-25599280,India,Future Foundation,"No. 29, 1St Main Road, 3Rd Stage, 3Rd Block, Bangalore North, Bangalore, Karnataka",ಫ್ಯೂಚರ್ ಫೌಂಡೇಶನ್,"No. 29, Bangalore, Bangalore North, KA",False,17,16,False
S1-581979555,S2-509644049,India,First Indo Care Pvt Ltd,"No. 10 & 11, Vikas Nagar Link Road, Tumkur Main Road, Nagasandra Post, Bangalore, Karnataka",ಫಸ್ಟ್ ಇಂಡೋ ಕೇರ್ ಪ್ರೈವೇಟ್ ಲಿಮಿಟೆಡ್,"H.NO 10 & 11, BENGALURU URBAN, BANGALORE, Karnataka",False,23,33,False
S1-789716464,S2-157452023,India,International Consulting Pvt Ltd,"C-19, Uppr Ground Floor Panchsheel Vihar, Malviya Nagar, New Delhi, South Delhi, Delhi",इंटरनेशनल कंसल्टिंग प्रा. लि.,"दिल्ली, C-19, MALVIYA NAGAR, SOUTH DELHI",False,32,29,False
S1-473918764,S3-689920878,India,Ram Engineering Limited,"Ep 16/388, Shahana Manzil, Sreeyettu, Malappuram, Edava P.O., Thiruvananthapuram, Trivandrum, Kerala",Ram Limited Center Enterprises,,True,23,30,False
S1-714818259,S3-517196599,US,"Serna, Gokey & Munn Vertical LLC","22 Elm Street, Oyster Bay, NY",Onyxflux,"22 Elm Streit, New York, Woodbury",False,32,8,True
S1-359546944,S3-454005319,India,New Infra Pvt Ltd,"Office No. 3/4, Sai Om D, B Wing, Near Saibaba Mandir, Kaju Wadi, Louis Wadi, Thane, Maharashtra",newinfra.com,"Office No. 003/4, Thane, MH",False,17,12,False
S1-614210817,S2-591055989,US,Pediatric Dental Medicine LLC,"820 21st Street, Temple, TX",Pediatric Medicine LLC Services Services,,True,29,40,False
S1-97416517,S3-116707819,India,Life Healthcare Private Limited,"Shop No. 2, Sector-D/7 Vasant Kunj, Delhi, South Delhi, Delhi",Lifehealthcare.Com,"Stop No. 2, NULL, दिल्ली",False,31,18,False
S1-89724518,S3-361307822,India,Indian Media Private Limited,"132, Jolly Maker Chambers Ii, 13Th Floor, Vinay K. Shah Marg, Nariman Point, Mumbai, Mumbai City, Maharashtra",इंडियन मीडिया प्राइवेट लिमिटेड,"132, Mumbai, Mumbai City, MH",False,28,30,False
S1-669293263,S3-964545659,India,Aurangabad Web Pvt Ltd,"F. No. 302 B P. No. 7, Kailash Arcade Aurangabad, Aurangabad, Maharashtra",aurangabadwebcom,"MH, Chhatrapati Sambhaji Nagar, Aurangabad, No 9-475 F. No. 302 B P. No. 7",False,22,16,False
S1-304493178,S3-313042043,India,Swastik Services Pvt Ltd,"Maharashtra, Mantra Majestica Co-Op Sty Sasane Nagar, Kale Padal Road, Hadapsar, C1-201, Pune",Dr *** sswastik.com,"Pune, MH, Cd/1-201",False,24,19,False
S1-666748379,S2-900107890,India,Dac Advisors Private Limited,"Ground Floor, Plot No. 36, Patel Colony, Sardar Patel Marg, Opp. Government Press, Jaipur, Rajasthan",Dac Advis0rs-Limited Private,,True,28,28,False
S1-408226176,S3-715127504,India,Land (India) Shine Private Limited,"Plot No-6, Survey No 208, Balaji Industrial Area, Chhapra, Lodhika, Rajkot, Gujarat",Ariaverapyra,"Plt No-1, Rajkot, GJ",False,34,12,False
S1-777056047,S2-822731252,India,North Silver Constructions Private Limited,"508, 5Th Flr, Ceejay House, Dr. Annie Besant Road, Mumbai, Maharashtra",नॉर्थ सिल्वर कंस्ट्रक्शंस प्राइवेट लिमिटेड,"BOMBAY, Maharashtra, 8-508, MUMBAI",False,42,42,False
S1-409382419,S2-948337290,India,Bombay Enterprises Private Limited,"2/292A, Kumarapuram P.O, Morakkala West, Pallikkara Kizhakkambalam, Kunnathunadu, Kseb Power, House, Kochi, Ernakulam, Kerala",ബോംബെ എന്റർപ്രൈസസ് പ്രൈവറ്റ് ലിമിറ്റഡ്,"2/292, KOCHI, ERNAKULAM, കേരളം",False,34,38,False
S1-158449740,S3-302911079,US,Fresh Bike Shop!,"414 2nd Street, Livingston, MT",Fresh-8ike,,True,16,10,False
S1-375014790,S2-588092105,India,South Consulting Private Limited,"Gala No. 10, Roop Nawal Estate, Near Vidya Vikasini School, Fatherwadi, Gokhiware, Vasai East, Thane, Maharashtra",Dr South Conultling Private Limited,,True,32,35,False
S1-536848971,S2-513079383,India,Digital Care Private Limited,"C 381A, Second Floor, Sector 7, Dwarka, New Delhi, Delhi",डिजिटल केयर प्राइवेट लिमिटेड,"C 381, NEW DELHI, दिल्ली",False,28,28,False
S1-474524144,S3-640963345,India,Shiv Builders Private Limited,"No.5, New No.2610, 36Th Cross, 26Th Main, 9Th Block, Jayanagar, Bangalore, Karnataka",ಶಿವ್ ಬಿಲ್ಡರ್ಸ್ ಪ್ರೈವೇಟ್ ಲಿಮಿಟೆಡ್,"Bangalore, No.#5, KA, Bengaluru",False,29,32,False
S1-411432291,S2-43104906,India,Ace Projects Pvt Ltd,"Kanchipuram, Tamil Nadu, Kanchipuram, B 304, Palmera Gardens, Sakthi Srinivasa Street",ஏஸ் புராஜெக்ட்ஸ் பிரைவேட் லிமிடெட்,"B 304, KANCHIPURAM, தமிழ்நாடு",False,20,34,False
S1-415754058,S2-547911357,India,Krishna Consultancy Private Limited,"Khasra No 521 G T Road Near Back Gate Ocm, Model Town, Amritsra, Amritsar, Punjab",Krishna Consutlacy Private Limited,,True,35,34,False
S1-291013830,S2-690683159,India,Smart Constructions Limited,"#21, 1St A Main, 5Th Block, 3Rd Phase, Banashankari 3Rd Stage, Bangalore, Karnataka",ಸ್ಮಾರ್ಟ್ ಕನ್‌ಸ್ಟ್ರಕ್ಷನ್ಸ್ ಲಿಮಿಟೆಡ್,"#21, BANGALORE, Karnataka",False,27,34,False
S1-710989481,S2-894511161,India,White Industries Pvt Ltd,"Dream Apartments, Plot No.14 Sector 22, Dwarka, New Delhi, C 803, Delhi",व्हाइट इंडस्ट्रीज प्रा. लि.,"NEW DELHI, NULL, Delhi, H.NO 728 C 803, DELHI",False,24,27,False
S1-312549462,S3-401241758,India,Unique Consultancy,"Gali No-9, B Block, Fauji Colony, Part-2, Delhi, House No. 33, North West Delhi",यूनिक कंसल्टेंसी,"House No. 0033, Delhi, North West Delhi, DL",False,18,16,False
S1-192743276,S2-14227468,India,Sai Media Private Limited,"F-07, Ist Floor, Abhishek Plaza, Plot No-16 Lsc, Pocket-B, Mayur Vihar, Phase-Ii, Delhi, New Delhi, Delhi",साईं मीडिया प्राइवेट लिमिटेड,"F-07, NEW DELHI, Delhi",False,25,28,False
S1-223752811,S3-429876076,India,Arihant Technology Private Limited,"Orchid Paradise, Safal Parisar-1 Road Vill: Bopal, Tal: Daskroi, Ahmedabad, Gujarat, A-1003, Ahmedabad",અરિહંત ટેક્નોલોજી પ્રાઇવેટ લિમિટેડ,"A-1003, Ahmedabad, GJ",False,34,34,False
S1-719443235,S2-744349309,US,"Prairie Value Bumrungrad, LLC","614 Tall Trees Drive, Ashtabula, OH",PRAlRIE VALUE LLC (SERVICES),,True,29,28,False
S1-308648648,S3-758902319,India,United Constructions,"Tola Ward No. 28, Panch - Muzaffarpur Block - Musahari, Muzaffarpur, Bihar",United Constructairons,,True,20,22,False
S1-465570474,S2-126297974,India,South Marketing Private Limited,"Plot No 6, Northern India Campus 20/3, Mathura Road, Faridabad, Haryana",साउथ मार्केटिंग प्राइवेट लिमिटेड,"PLOT NO 6, FARIDABAD, हरियाणा",False,31,32,False
S1-106211083,S2-211421308,India,Unique Developers Limited,"11, Bipin Pal Road, P.O.- Kalighat P.S.-Tollygunge, Kolkata, Kolkata, Howrah, West Bengal",ইউনিক ডেভেলপারস লিমিটেড,"HOWRAH, C-11, পশ্চিমবঙ্গ, KOLKATA",False,25,23,False
S1-181553529,S3-544495031,India,Gujarat Foods Private Limited,"Flat-1 A, 153, N.S.C Bose Road, Kolkata, Kolkata, Howrah, West Bengal",গুজরাট ফুডস প্রাইভেট লিমিটেড,"Plot 340/5 Flat-1 A, Calcutta, Howrah, WB",False,29,28,False
S1-187733925,S2-494926984,India,Dynamic Projects Pvt Ltd,"Plot No 15, Veeralakshmi Nagar Old Perungalathur, Chennai, Tamil Nadu",டைனமிக் புராஜெக்ட்ஸ் பிரைவேட் லிமிடெட்,"PLOT NO 15, MADRAS, CHENNAI, Tamil Nadu",False,24,38,False
S1-205691483,S3-306409888,India,New Foundation Private Limited,"P. No. 12, Nit Hill Top Layout Ambazari, Nagpur, Maharashtra",न्यू फाउंडेशन प्राइवेट लिमिटेड,"Plot 016 P. No. 12, Nagpur, महाराष्ट्र",False,30,30,False
S1-303718368,S3-646269169,India,Guru Investments Private Limited,"21 Shital Shopping Square, Bhatar Road Near Turning Point, Surat City, Surat, Gujarat",Shri Guru Invetmnts Private Limited,,True,32,35,False
S1-937636188,S3-656770339,India,Tirupati Media Private Limited,"19, Bad Devri, Mansarovar, Jaipur, Rajasthan",तिरुपति मीडिया प्राइवेट लिमिटेड,"19, Jaipur, RJ",False,30,31,False
S1-271828502,S3-324735534,India,South Indo Healthcare Private Limited,"H No 229, Hari Om Nagar Ali Nagar Sunhara Sarojini Nagar, Lucknow, Uttar Pradesh",साउथ इंडो हेल्थकेयर प्राइवेट लिमिटेड,"Door No 231, Lucknow, UP",False,37,36,False
S1-132976773,S3-445767880,India,All Jai Energy Private Limited,"Flat No 30, B Wing Sukhwani Paradise, Sn 41/1A Bhau Patil Rd Bopodi, Pune City, Pune, Maharashtra",All जय एनर्जी प्राइवेट लिमिटेड,,True,30,30,False
S1-105916117,S3-685100885,India,Blue Impex Private Limited,"Coimbatore, West Bashyakararulu Road Rs Puram, Opp Amul Shop, Coimbatore, Tamil Nadu, 105",புளூ இம்பெக்ஸ் பிரைவேட் லிமிடெட்,"Hn 152- 105, Coimbatore, தமிழ்நாடு",False,26,32,False
S1-580140920,S3-739369586,US,"Eastern Clear Chesapeake, Inc","312 8th Street, Gulf Shores, AL","Eastern C1ear Cfhesapekae, Inc","31 Eighth Street, Baldwin County, Alabama",False,29,30,False
S1-519000492,S3-993656303,US,Q+ Myers Inc.,"608 Pine Street, Crawford, NE",Q+ Melrtyrs Inc.,"08 Pine Saint, Carwford, Nebraska",False,13,16,False
S1-249580374,S2-165259440,US,Chiropractic Health,"5436 Reading Avenue, East Chicago, IN",Chiropractic Heth,,True,19,17,False
S1-375282755,S2-47309527,India,All Technology,"001, Damini Apartment, Juhu Tara Road, Juhu Vile Parle West, Mumbai, Mumbai City, Maharashtra",ऑल टेक्नोलॉजी,"001, MUMBAI CITY, MUMBAI, Maharashtra",False,14,13,False
S1-64002014,S3-864762889,India,Best Logistics Private Limited,"Pune, Shop No. 7, Maharashtra, Sagar Plaza 4A, Tukaramnagar, Talegaon D, /Telegaon, Pune",Best L0gistics Private  Limited,,True,30,31,False
S1-78392559,S2-81576595,India,Gd Trading Private Limited,"No.24/1701 Kc Arcade Neartv Centre Csez Kakkanad, Cochin Special Economic Zone, Ernakulam, Ernakulam, Kerala, India, Ernakulam, Kerala",GD TRADING PIVNAE LIMITED,,True,26,25,False
S1-638722125,S2-527234329,India,Lakshmi Engineering Limited,"804, 8Th Floor, Times Square Arcade, Opp Rambaug Nr. Ravija Plaza, Thaltej - Shilaj Road, Ahmedabad, Gujarat",લક્ષ્મી એન્જિનિયરિંગ લિમિટેડ,"804, ગુજરાત, AHMEDABAD",False,27,28,False
S1-572662136,S3-480533983,India,Seven Impex Private Limited,"Bangalore, Jubema Shalom Netaji Road, Frazer Town, Karnataka, Bengaluru, 33/1 2",Shri @sevenimpex,"#33/1 2, Bangalore, ಕರ್ನಾಟಕ",False,27,16,False
S1-325084512,S3-959025929,US,Pacific Animal Hospital,"MA, 1 Logan Street, Leicester",Pacific Animal H0spital,,True,23,23,False
S1-105916117,S3-670156833,India,Blue Impex Private Limited,"Coimbatore, West Bashyakararulu Road Rs Puram, Opp Amul Shop, Coimbatore, Tamil Nadu, 105",புளூ இம்பெக்ஸ் பிரைவேட் லிமிடெட்,"Hn 152- 105, Coimbatore, TN",False,26,32,False
S1-890168918,S2-491593609,India,My Hospitality Private Limited,"Flat No. 511, 5Th Floor, Arunachal Bldg. 19 Barakhamba Road, New Delhi, Delhi",myhospitality.com,"#511, NEW DELHI, Delhi",False,30,17,False
S1-116012598,S2-141095671,India,Sai Products Private Limited,"A-10, B-1, Mohan Co-Operative Society Mohan Co-Operative Industrial Estate Ltd, Badarpur, Delhi, South Delhi, Delhi",... saiproducts.com,"A-#10, DELHI, SOUTH DELHI, दिल्ली",False,28,19,False
S1-966786932,S3-56533924,India,Shyam Modern Power Limited,"2/B G C Avenue, Kolkata, Howrah, West Bengal",শ্যাম মডার্ন পাওয়ার লিমিটেড,"G C Avenue, Kolkata, Bamunia, WB",False,26,28,False
S1-235190481,S3-447220353,US,Pacific Elite One,"1022 10th Street, Phoenix, AZ",Pacificeliteone.Com,"1022 Tenth Street, null, Rio Salado, Arizona",False,17,19,False
S1-989848490,S3-598867180,India,Yashika Technology Limited,"P. No.13-A, F.No.301, Mahalaxmi Appt Anand Nagar, Nagpur, Maharashtra",Mr Solnovi,"#147- P. No.13-a, Nagpur, MH",False,26,10,False
S1-281288419,S3-367799473,India,Madhur Nursing Home Public Limited,"202 - A, Sai Capital, Kate Vasti Road Pimple Saudagar, Pcmc - Pune, Pune, Maharashtra",madhurnursinghome.com,"#202 - A, Pune, <NULL>, MH",False,34,21,False
S1-557243289,S2-943120708,India,Hari Estate Private Limited,"309, Krishna Apra Business Square, Plot No. 4, 5, 6 Netaji Subhash Place Pitampura, Delhi, North West Delhi, Delhi",हरि एस्टेट प्राइवेट लिमिटेड,"309, DELHI, NORTH WEST DELHI, Delhi",False,27,27,False
S1-261566638,S2-51778990,India,South Engineering Private Limited,"201, Saroj Plaza, 150 Feet Road, Near Padmavati Nagar Behind Maxus Mall, Bhayandar (W), Thane, Maharashtra",साउथ इंजीनियरिंग प्राइवेट लिमिटेड,"201., THANE, महाराष्ट्र",False,33,33,False
S1-990933948,S3-317102158,India,Eastern Infra,"6, Floor Grd, Plot 128, Razak Manzil Dimtimkar Road, Nagpada, Mumbai Central, Mumbai, Mumbai City, Maharashtra",ईस्टर्न इंफ्रा,"6, Mumbai, महाराष्ट्र",False,13,14,False
S1-682929505,S2-944594215,India,Ace Ventures Private Limited,"Ahmedabad, Vasupujya Bunglows Near Hasubhai Bunglows, Jodhpur, Satellite, Gujarat, Ahmedabad, 16",એસ વેન્ચર્સ પ્રાઇવેટ લિમિટેડ,"Gujarat, AHMEDABAD, HN 669 16, AHMEDABAD",False,28,28,False
S1-26199798,S3-170405898,India,Laxmi Care Private Limited,"84, 8Th Floor, Plot-223, Maker Chambers Iii, Jamnalal Bajaj Marg, Mumbai, Maharashtra",लक्ष्मी केयर प्राइवेट लिमिटेड,"84, East Garo Hills, Mumbai, MH",False,26,29,False
S1-655124544,S2-949418154,US,Smith Data LLC,"W6506 G, Town Of Lake, WI",SMITH DG LLC,"6219 G, CRIVITZ, WI",False,14,12,False
S1-803965077,S3-346893996,India,Southern Industries,"2Nd Floor, Lotus Tower, No. 85/86, Mount Road, Guindy, Chennai City Corporation, Chennai, Tamil Nadu",Southern [Service],"No 02Nd Floor, Chennai City Region, Chennai, TN",False,19,18,False
S1-740386477,S3-460447606,India,South Software Private Limited,"Rawdon Street Shubham''10Th Floor, Roomno.-1004, Kolkata, West Bengal, Howrah, Kolkata, 1",সাউথ সফটওয়্যার প্রাইভেট লিমিটেড,"1, Kolkata, Howrah, পশ্চিমবঙ্গ",False,30,32,False
S1-187755562,S2-390739563,India,Pioneer Properties Limited,"South West Delhi, Newdelhi, Delhi, 55 2Nd Floor Lane-2, Westend Marg Saidullajab Near Saket Metro Station",पायोनियर प्रॉपर्टीज लिमिटेड,"2ND FLOOR LANE-2, NEW DELHI, दिल्ली",False,26,27,False
S1-428245178,S3-128062540,India,Anusha & Co,"23A, Netaji Subhas Road, Calcutta-1., Kolkata, Howrah, West Bengal",Sri Aubhsa & Co,"WB, Howrah, Door No 444 23A",False,11,15,False
S1-666748379,S3-746242090,India,Dac Advisors Private Limited,"Ground Floor, Plot No. 36, Patel Colony, Sardar Patel Marg, Opp. Government Press, Jaipur, Rajasthan",Sri dacadvisors.com,"Ground Floor, NULL, Sawai Madhopur, राजस्थान",False,28,19,False
S1-511593002,S3-624477381,India,Radheshyam Service Partners,"H No - C - 70/A, Tyagi Vihar, Nangloi, Behind Police Quarter, New Delhi, Delhi, West Delhi, Delhi",rspartners.com,"H No - C - 070/A, Delhi, West Delhi, DL",False,27,14,False
S1-549522122,S2-536187490,US,St. Fellowship Corp,"21 Sherwood Drive, Augusta, ME",St. Corp Center,,True,19,15,False
S1-959225944,S2-198865311,India,All Constructions,"Jaipur, 10/168, Rajasthan, Jaipur, Malviya Nagar",ऑल कंस्ट्रक्शंस,"BLOCK B-334 10/168, JAIPUR, राजस्थान",False,17,15,False
S1-528671444,S3-797847818,India,Black Exports Limited,"F/F, D-41, South Delhi, New Delhi, Delhi",ब्लैक एक्सपोर्ट्स लिमिटेड,"D-31, New Delhi, South Delhi, DL",False,21,25,False
S1-372649174,S2-144073955,US,Family Health LLC,"16070 12, Unit Unit 60, Foley, AL",Family Henatlh  LLC,"15865 12, BON SECOUR, AL",False,17,19,False
S1-586154851,S2-91751802,India,Shyam Solutions Private Limited,"Plot No. 3, Second Floor, Block B-4, Rajouri Garden, New Delhi, West Delhi, Delhi",श्याम सॉल्यूशंस प्राइवेट लिमिटेड,"POT NO. 3, WEST DELHI, Delhi",False,31,32,False
S1-829828337,S3-969145106,India,Shree Tech Private Limited,"F-12A, Kailash Colony, New Delhi, South Delhi, Delhi",Shree Tech Proiate Limited,,True,26,26,False
S1-264010053,S3-760518402,India,Jai Global Limited,"119, 1St Floor, Dlf Prime Towers, F-79-80, Okhla Industrial Area Phase-I, New Delhi, South Delhi, Delhi",जय ग्लोबल लिमिटेड,"A-119, New Delhi, South Delhi, DL",False,18,17,False
S1-88043517,S3-75531117,India,Bright International,"P. No. 47, 2Nd Floor, Sivasakthi Nagar I, Tambaram, Kanchipuram, Tamil Nadu",பிரைட் இன்டர்நேஷனல்,"P. No. 47, Kanchipuram, தமிழ்நாடு",False,20,19,False
S1-853883900,S3-738085540,India,Classic Projects Limited,"#10, Krishna Krupa, 7Th Cross, J Block, Koramangala 3Rd Bloc, K, Bangalore, Karnataka",ಕ್ಲಾಸಿಕ್ ಪ್ರಾಜೆಕ್ಟ್ಸ್ Limited,"#10, Bangalore, Bengaluru, KA",False,24,29,False
S1-37275391,S2-134654348,India,Star Infotech Limited,"135-137, Plot 215, Free Press House, Free Press Journal Marg, Nariman Point, Mumbai, Mumbai, Maharashtra",5tar Infotech,"135-137, NARIMAN POINT, महाराष्ट्र",False,21,13,False
S1-898451104,S3-451927231,India,Smart Developers Private Limited,"Gat No. 699, Velu Fata, Pune-Satara Road, Velu, Taluka Bhor, Pune, Maharashtra",Smart Devieloers  Private Limited,,True,32,33,False
S1-744376081,S3-480172501,India,Hotel Black Consulting,"Flat No.411, 4Th Floor, B-Wing, Pearl Heights Chs, Yari Road, Versova, Andheri (West), Mumbai, Mumbai City, Maharashtra",होटल ब्लैक कंसल्टिंग,"Bombay, Flt No.2-411, महाराष्ट्र, Mumbai City",False,22,20,False
S1-242288479,S2-111776381,India,AL Construction Ltd,"Uttar Pradesh, Office No. 1 Ground Floor, Aligarh, Kk Market Jail Road, Aligarh",AL CAAONSDFRUCTOIN LTD,,True,19,22,False
S1-710140328,S2-86891265,India,Surya Tech Private Limited,"Flat No. 101, Plot No. 7 & 8, D K Nagar, Journalist Colony, Jubilee Hills, Road N, O. 70, Hyderabad, Telangana",సూర్య టెక్ ప్రైవేట్ లిమిటెడ్,"FLAT NO. 101, HYDERABAD, తెలంగాణ",False,26,28,False
S1-99995000,S2-911555480,India,Shiva Infotech Private Limited,"39, Sec-6, Panchkula, Panchkula, Haryana",शिवा इंफोटेक प्राइवेट लिमिटेड,"DOOR NO 855 39, PANCHKULA, SURAJPUR, Haryana",False,30,29,False
S1-706990202,S2-335865485,US,Select Vendome,"15073 Valhalla Court, Prince William County, VA",Select Partners,,True,14,15,False
S1-403456805,S3-143741993,India,Shiva Trading Limited,"Ss Iv, 208 Sector 2, Vashi, Navi Mumbai, Thane, Maharashtra",शिवा ट्रेडिंग लिमिटेड,"Ss Iv, Turbhe, MH",False,21,21,False
S1-875280137,S3-242259617,US,Pediatric Care Associates,"9556 Choctaw Drive, Baton Rouge City, LA",Pediatric Care Ventures,,True,25,23,False
S1-32178247,S3-335417099,India,Chaudhuri Holiday Private Limited,"Flat No 213, 214, Sagar View Complex Liberty, Himayathnagar, Hyderabad, Telangana",Ariaorbi,"19, Hyderabad, TG",False,33,8,True
S1-409398815,S3-32890376,India,India Conserve Garments Private Limited,"Block A, Office No. 604, Mondeal Heights, Ahmadabad City, Ahmedabad, Gujarat",Calokor,"Bock A, Ahmadabad City, Ahmedabad, GJ",False,39,7,True
S1-137132926,S3-121661891,India,Aditya Enterprises Private Limited,"305, Prathmesh Tower 'B' Wing, 3Rd Flr, Raghuvanshi Mill Compound, Senapati Bapat Marg, Lowe, R Parel, Mumbai, Maharashtra",आदित्य एंटरप्राइजेज प्राइवेट लिमिटेड,"Mumbai, R Parel, 305, MH",False,34,36,False
S1-119744270,S2-983078507,India,Innovative Impex Pvt Ltd,"No.308, Swiss Complex, Race Course Road, Bangalore, Karnataka",ಇನೋವೇಟಿವ್ ಇಂಪೆಕ್ಸ್ ಪ್ರೈವೇಟ್ ಲಿಮಿಟೆಡ್,"NO.308, BANGALORE, SAINT MARKS ROAD, Karnataka",False,24,36,False
S1-143928609,S2-637839126,US,Elianore's Apparel Corp,"20 York Street, Botetourt County, VA",Umbraverafaye,"20 York St, ROANOKE CP, VA",False,23,13,False
S1-588290605,S3-252771713,India,Dk & Sons Private Limited,"No.63, Katha No.6, Agara, Tataguni Post, Kengeri, Bangalore South, Bangalore, Karnataka",Pyraciravio,"No 063, Bangalore South, Bangalore, KA",False,25,11,False
S1-958758763,S3-374973935,India,Kolkata India Private Limited,"Howrah, West Bengal, 9, Kolkata, Weston Street, 1St Floor, 'Siddha Weston', Unit-116A, Kolkata",Privatekolkataindia.Com,"Hn 43 9, Kolkata, Howrah, WB",False,29,23,False
S1-627315014,S3-751691588,India,Davangere Solutions Private Limited,"#8/594/02, 15Th Cross, Ktj Nagar, Davangere, Davanagere, Karnataka",Orbizeta,"Thola Hunse, Door No 8/594/02, KA",False,35,8,True
S1-138902853,S3-970281909,India,Korattur Agrotech Ltd,"Plot No.7, Sree Sathya Nagar, Vivekananda Nagar Extn, Korattur, Chennai, Tamil Nadu",Vantagefaye,"Plot No.##7, Chennai, TN",False,21,11,False
S1-936460625,S2-885031170,India,My Tech Private Limited,"6Th Floor Wockhardt Towers, G Block, Plot C2 Bandra-Kurla Complex Bandra East, Mumbai, Mumbai City, Maharashtra",My Tech Enterprises,,True,23,19,False
S1-612850971,S3-539565215,India,Innovative Products,"Unit No. 15-A, 3Rd Floor, Souri Building, 74/80, Babu Genu Road, Mumbai, Mumbai, Mumbai City, Maharashtra",Innovative Preooducds,,True,19,21,False
S1-112632926,S2-553274848,US,West Holdco LLC,"439 Mahon Avenue, Tyler, TX",West LLC-Center,,True,15,15,False
S1-831542488,S2-349933027,India,Maa Infrastructure Pvt Ltd,"19, Shree Niketan, 16 Vithalbhai Road, Vile Parle (W), Mumbai, Maharashtra",माँ इंफ्रास्ट्रक्चर प्रा. लि.,"19, MUMBAI SUBURBAN, Maharashtra, MUMBAI",False,26,29,False
S1-224058573,S3-228093624,India,Southern Projects Private Limited,"22, Rupchand Roy Street 1St Floor, Kolkata, Kolkata, Howrah, West Bengal",সাউদার্ন প্রজেক্টস প্রাইভেট লিমিটেড,"22, Kolkata, Howrah, পশ্চিমবঙ্গ",False,33,35,False
S1-787524353,S2-897900560,India,Creative Infrastructure Private Limited,"Fl No F 1302, Ganga Orchid Ph 2 S 83/A/B Hno 1/2A3 Mundhwa Hadapsar, Pune, Maharashtra",क्रिएटिव इंफ्रास्ट्रक्चर प्राइवेट लिमिटेड,"FL NO F 5302, PUNE, Maharashtra",False,39,41,False
S1-905216973,S2-829829815,India,My Media Private Limited,"2Nd Floor, Haryana, Platinum Tower, Plot Number 184 Udyog Vihar, Phase 1, Gurgaon, Haryana, Gurgaon",माय मीडिया प्राइवेट लिमिटेड,"DOOR NO 2ND FLOOR, GURGAON, हरियाणा",False,24,27,False
S1-521203041,S2-920386745,India,Tech Consultancy Private Limited,"Plot No.20, Second Floor, Judges Colony, J.N. Road, Tiruvallur, Thiruvallur, Tamil Nadu",டெக் கன்சல்டன்சி பிரைவேட் லிமிடெட்,"DOOR NO ##20, THIRUVALLUR, தமிழ்நாடு",False,32,34,False
S1-623508537,S2-649734401,US,Orthopedic Associates,"1601 Larry Wadkins Drive, City Of El Paso, TX",ORTHOPEDIC ASSOCIATES Enterprises,,True,21,33,False
S1-627450169,S2-605340341,India,Shiva Tech Private Limited,"Chennai, Tamil Nadu, Chennai, Velachery Tambaram Main Road Pallikkaranai, No.214",சிவா டெக் பிரைவேட் லிமிடெட்,"CHENNAI, CHENNAI CITY REGION, தமிழ்நாடு, NO.214",False,26,27,False
S1-343886338,S2-544834131,India,Swastik Infrastructure Private Limited,"2078-1 S.S Towers, Fourth Floor, Trichy Road, Coimbatore South, Tamil Nadu, Coimbatore, 2078",Sri SWASTIK INFRSARTUCDTTURE PRIVATE LIMITED,,True,38,44,False
S1-190942442,S2-29196272,India,Swastik Infra LLP,"17, Floor 4, Plot No. 22, Joothica, Naushir Bharucha Marg, Grant Road, Mumbai, Mumbai City, Maharashtra",स्वस्तिक इंफ्रा एलएलपी,"#40 17, GREATER BOMBAY, महाराष्ट्र",False,17,22,False
S1-77545943,S2-424342564,India,Laxmi Healthcare Private Limited,"402, Suncity Arcade Suncity Sector-54, Gurgaon, Haryana",लक्ष्मी हेल्थकेयर प्राइवेट लिमिटेड,"402, GURGAON, URBAN, Haryana",False,32,34,False
S1-244120637,S2-141808947,India,Seven Projects Private Limited,"L-87, Vibrant Karambhumi, Zakvehlal Road, Nr.Zakgidc, Ahmadabad City, Ahmedabad, Gujarat",સેવન પ્રોજેક્ટ્સ પ્રાઇવેટ લિમિટેડ,"ગુજરાત, GANDHINAGAR, L-87",False,30,33,False
S1-388886895,S3-627339917,US,First Methodist Church,"2 Corchaug Trail, NY, Brookhaven",First Mehosdt Church,"2 Crochaug Trl, Riidge, New York",False,22,20,False
S1-695253619,S3-138944978,India,Think Developments Ltd,"Plot No. 7, 1St Floor, Block - A, Bhagwati Garden Extn., Uttam Nagar, Delhi, West Delhi, Delhi",Ciraorbi,"7-7, Delhi, Najafgarh, दिल्ली",False,22,8,False
S1-588290605,S3-80987706,India,Dk & Sons Private Limited,"No.63, Katha No.6, Agara, Tataguni Post, Kengeri, Bangalore South, Bangalore, Karnataka",Mr dksons.com,"No.063, Bangalore South, Bangalore, KA",False,25,13,False
S1-23190438,S3-911754066,India,City Industries,"No. 7, Bellary Road, Gangenahalli, Bangalore, Karnataka",ಸಿಟಿ ಇಂಡಸ್ಟ್ರೀಸ್,"No. 7, Bangalore, KA",False,15,16,False
S1-389587542,S2-982897808,India,Alpha Shivam Impex,"Plot No.62B, First Floor, Ramalinga Nagar Main Road, Madipakkam, Chennai, Tamil Nadu",ஆல்ஃபா சிவம் இம்பெக்ஸ்,"PLOT NO.6-2B, CHENNAI, Tamil Nadu",False,18,22,False
