s1_id,target_id,country,s1_name,tgt_name,s1_addr,tgt_addr,name_levenshtein,name_jaro_winkler,name_jaccard,addr_levenshtein,addr_jaccard,primary_root_cause
S1-182885247,S3-208972047,India,Supreme Lakshmi Agro Pvt Ltd,सुप्रीम लक्ष्मी एग्रो प्रा. लि.,"Shree Gopal Smruti, Ram Maruti Road, Near New English School, Naupada, Thane, Maharashtra, Thane, 2","2, Thane, MH",0.6786,0.8679,0.0,0.0978,0.1333,state_acronym_or_short_address
S1-638722125,S3-673842082,India,Lakshmi Engineering Limited,લક્ષ્મી એન્જિનિયરિંગ લિમિટેડ,"804, 8Th Floor, Times Square Arcade, Opp Rambaug Nr. Ravija Plaza, Thaltej - Shilaj Road, Ahmedabad, Gujarat","804, Ahmedabad, Ahmadabad, ગુજરાત",0.7778,0.7996,0.2,0.2828,0.1111,address_token_displacement
S1-621016028,S3-287246537,US,Feify L.L.C.,Bélodrexnex,"AL, 7201 4th Avenue, Birmingham","Fourth Ave, N/A, Birmingham, Alabama",0.0909,0.4545,0.0,0.3939,0.1,severe_name_typo_or_corruption
S1-166453176,S3-727780765,India,Dynamic Software Private Limited,डायनामिक सॉफ्टवेयर प्राइवेट लिमिटेड,"403 B, Woodland Chs Ltd New Link Rd, Lokhandwala Complx Andheri, W Mumbai, Mumbai, Mumbai City, Maharashtra","Mumbai City, 403 B, महाराष्ट्र, Mumbai",0.6765,0.8243,0.1429,0.1881,0.25,indic_phonetic_distance
S1-47142230,S3-673940676,India,Indore Financial Limited,Ind0re Financial,"A 604, Bcm Paradise, Nipaniya, Indore, Madhya Pradesh",,0.625,0.8979,0.25,0.0,0.0,missing_target_address
S1-304623536,S3-172990261,India,Arihant Vijay Builders Private Limited,अरिहंत विजय बिल्डर्स प्राइवेट लिमिटेड,"Shop No. 156, Opp Post Office, Tonk Road, Jaipur, Rajasthan","Shop No. 156, Jaipur, Chittaurgarh, RJ",0.7895,0.889,0.1111,0.3889,0.3333,indic_phonetic_distance
S1-22633084,S3-912074059,India,Premier Foundation Limited,प्रीमियर फाउंडेशन लिमिटेड,"Gurgaon, Sushant Lok Phase 1 Near Park Plaza, Gurgaon, Haryana, C-329","No. 616 C-329, Gurgaon, HR",0.6154,0.8318,0.2,0.2615,0.2143,other_residual
S1-328237064,S2-215242750,India,South Power,साउथ पावर,"501, Shetty Tower, Plot No-28, Nutan Laxmi Chs Ltd N S Road 10, Jvpd, Vile Parle-West, Mumbai, Mumbai City, Maharashtra","501, MUMBAI CITY, BOMBAY, Maharashtra",0.6364,0.8009,0.0,0.2523,0.1818,indic_phonetic_distance
S1-411872571,S3-449389769,India,Lotus Solutions Pvt Ltd,Deltazeta,"201, Noida, Uttar Pradesh, Gautam Buddha Nagar, Ocean Complex, P-6, Sector 18","201, Gautam Buddha Nagar, UP",0.1304,0.4879,0.0,0.3521,0.2857,state_acronym_or_short_address
S1-418595391,S3-670539763,India,All North Consultancy Limited,ಆಲ್ ನಾರ್ತ್ ಕನ್ಸಲ್ಟೆನ್ಸಿ ಲಿಮಿಟೆಡ್,"No.15, 1St Floor, 3Rd Cross, Deepa Hospital Road, Vinayaka Layout, K.R.Puram, Bengaluru, Bangalore, Karnataka","No.15., Bangalore, Bengaluru, ಕರ್ನಾಟಕ",0.6897,0.833,0.1429,0.2871,0.2222,indic_phonetic_distance
S1-787524353,S2-576970217,India,Creative Infrastructure Private Limited,क्रिएटिव इंफ्रास्ट्रक्चर प्राइवेट लिमिटेड,"Fl No F 1302, Ganga Orchid Ph 2 S 83/A/B Hno 1/2A3 Mundhwa Hadapsar, Pune, Maharashtra","FL NO F 5302, PUNE, Maharashtra",0.641,0.7564,0.1429,0.3373,0.25,indic_phonetic_distance
S1-700941357,S3-909494839,India,Alpha It Private Limited,Alpha Private Limited Service Enterprises,"Office No. 814, Iconic Shyamal, Shyamal Cross Road, 132 Ring Road, Satellite, Ahmadabad City, Ahmedabad, Gujarat",,0.439,0.8421,0.5,0.0,0.0,missing_target_address
S1-291013830,S2-249129368,India,Smart Constructions Limited,ಸ್ಮಾರ್ಟ್ ಕನ್‌ಸ್ಟ್ರಕ್ಷನ್ಸ್ ಲಿಮಿಟೆಡ್,"#21, 1St A Main, 5Th Block, 3Rd Phase, Banashankari 3Rd Stage, Bangalore, Karnataka","#21, BANGALORE, ಕರ್ನಾಟಕ",0.7407,0.8921,0.5,0.25,0.1538,other_residual
S1-541969879,S3-603892243,India,Royal Foundation Pvt Ltd,Miraciraveo,"4, Andal Nagar, 2Nd Cross St. Extension Velachery, Chennai, Tamil Nadu","Block A-4 4, Chennai, தமிழ்நாடு",0.125,0.4874,0.0,0.3231,0.1429,severe_name_typo_or_corruption
S1-93440407,S3-843975144,India,Real Technologies Private Limited,रियल टेक्नोलॉजीज प्राइवेट लिमिटेड,"Flat No.52, Building No 4, Vijay Vatika, G B Road, Waghbill, Thane, Maharashtra","#52, Majiwade, Thane, Thane, MH",0.697,0.8418,0.1429,0.2329,0.1333,state_acronym_or_short_address
S1-517681658,S3-186626769,India,North Technology Limited,North Tecsheolorog Limited #57086,"No.25 2Nd Floor, 1St Cross Wheller Road, Coxtown, Bengaluru, Bangalore, Karnataka",,0.6562,0.8754,0.4,0.0,0.0,missing_target_address
S1-710829842,S2-886105147,India,Unique Hospitality Private Limited,ಯುನೀಕ್ ಹಾಸ್ಪಿಟಾಲಿಟಿ ಪ್ರೈವೇಟ್ ಲಿಮಿಟೆಡ್,"No.16, 1St Cross, 1St Main Sampige Layout, Bangalore, Karnataka","NO.##16, BANGALORE, Karnataka",0.7353,0.7956,0.1429,0.4237,0.4444,indic_phonetic_distance
S1-530822968,S3-754690190,India,Balaji Estate,பாலாஜி எஸ்டேட்,"770-A, Basement Floor, Dewa Tower I, Anna Salai, Chennai, Tamil Nadu","No 24 770-A, Chennai, TN",0.7692,0.8906,0.0,0.2698,0.2,indic_phonetic_distance
S1-280383353,S2-192849438,India,Ajmer Law Chambers,ajmerlawchambers.com,"B-231/D Greater Kailash-I, New Delhi, South Delhi, Delhi","B-0231/D GREATER KAILASH-I, NEW DELHI, दिल्ली",0.7,0.9118,0.0,0.7358,0.6364,indic_phonetic_distance
S1-54832240,S3-85128985,US,Cascade,Cáscade Enterprises,"811 Brittany Drive, Unit 1, Cheyenne, WY",,0.3684,0.8737,0.5,0.0,0.0,missing_target_address
S1-904427739,S2-527270701,India,Lotus Hospitality Limited,લોટસ હોસ્પિટાલિટી લિમિટેડ,"Gujarat, G.I.D.C., Pandesara, Surat, 436","SURAT, ગુજરાત, 4-36, SURAT",0.92,0.9513,0.2,0.3714,0.0909,address_token_displacement
S1-100981966,S3-595405227,India,Star Engineering Private Limited,స్టార్ ఇంజనీరింగ్ ప్రైవేట్ లిమిటెడ్,"Flat No 203, Sree Nilayam A/B Sampoorna Market, Manikonda, Hyderabad, Rangareddy, Telangana","H.no 03, Hyderabad, Rangareddy, తెలంగాణ",0.6875,0.8666,0.3333,0.3953,0.1875,other_residual
S1-685083516,S3-810044272,India,Seven Infotech Private Limited,Seven Infomttbh Private Limited,"Pragadadheeshwar Apartment, Cit Nagar, First Main Road, Chennai, Chennai City Corporation, Tamil Nadu, No 50","No 0050, Chennai, TN",0.9032,0.9602,0.6,0.1373,0.125,state_acronym_or_short_address
S1-26199798,S2-773676634,India,Laxmi Care Private Limited,लक्ष्मी केयर प्राइवेट लिमिटेड,"84, 8Th Floor, Plot-223, Maker Chambers Iii, Jamnalal Bajaj Marg, Mumbai, Maharashtra","84, GREATER BOMBAY, MUMBAI, Maharashtra",0.6538,0.8395,0.1429,0.3924,0.2,indic_phonetic_distance
S1-271981725,S3-402757413,India,High Engineering LLP,हाई इंजीनियरिंग एलएलपी,"Jaipur, Rajasthan, Goms Defence Colony First Avenue, Vaishali Nagar, Jaipur, Plot No.140","Pnot No.140, Jaipur, राजस्थान",0.4545,0.6835,0.0,0.1807,0.2143,severe_name_typo_or_corruption
S1-532722335,S3-732617544,India,Om Vidyalaya,Om Vidyalaya Corporation | www.omvidyala.com,"H-20-A, S/F Kalkaji New Delhi, New Delhi, South Delhi, Delhi","H-20-a, South Delhi, DL",0.2857,0.8571,0.3333,0.375,0.5,name_acronym_or_extreme_truncation
S1-539154089,S2-254400743,India,Balaji Food Private Limited,బాలాజీ ఫుడ్ ప్రైవేట్ లిమిటెడ్,"Bl-Ii, Kkrs Smr Vinay Fountain Head, Vasanthanagar, Telangana, Hyderabad, Flat No. 1206","FLAT NO. 01206, HYDERABAD, తెలంగాణ",0.7778,0.9222,0.3333,0.2222,0.2,other_residual
S1-758334455,S3-429963155,India,Raj Marketing Private Limited,राज मार्केटिंग प्राइवेट लिमिटेड,"Flat No., Gwal Pahadi Faridabad Road, Gurgaon, Haryana","Hn 7-68 Flat No., Divreportingcircle, Gurgaon, HR",0.8621,0.9433,0.3333,0.34,0.2308,other_residual
S1-275572535,S2-645825956,India,Shiva It Private Limited,சிவா ஐடி பிரைவேட் லிமிடெட்,"New No.11, Old No.6, Mahalingam Street Mahalingapuram, Nungambakkam, Chennai, Tamil Nadu","DOOR NO 11, CHENNAI, NUNGAMBAKKAM, தமிழ்நாடு",0.6538,0.7831,0.0,0.3735,0.2857,indic_phonetic_distance
S1-328237064,S3-159185598,India,South Power,साउथ पावर,"501, Shetty Tower, Plot No-28, Nutan Laxmi Chs Ltd N S Road 10, Jvpd, Vile Parle-West, Mumbai, Mumbai City, Maharashtra","Door No 700 501, Mumbai, Mumbai City, MH",0.6364,0.8009,0.0,0.2703,0.1667,indic_phonetic_distance
S1-588290605,S3-710377266,India,Dk & Sons Private Limited,Nexgild,"No.63, Katha No.6, Agara, Tataguni Post, Kengeri, Bangalore South, Bangalore, Karnataka","No.063, Bangalore South, Bangalore, KA",0.1481,0.4021,0.0,0.4125,0.2308,name_acronym_or_extreme_truncation
S1-809914262,S2-949876131,India,Hitech Finance Private Limited,हाईटेक फाइनेंस प्राइवेट लिमिटेड,"2, Govind Tower, Shanti Ashram, Borivali (West), Mumbai, Maharashtra","7-2, BORIVALI (WEST), BABHAI NAKA, महाराष्ट्र",0.5806,0.8078,0.1429,0.377,0.2308,indic_phonetic_distance
S1-761894358,S3-845711063,US,Limoa Equity Partners LLC,pelimoa.com,"900 Bell Avenue, Des Moines, IA","900 Bell Ave, PMB 4097, DES Monies, Iowa",0.16,0.4959,0.0,0.6486,0.2727,severe_name_typo_or_corruption
S1-45800054,S2-79320186,India,All Construction Pvt Ltd,ऑल कंस्ट्रक्शन प्रा. लि.,"Plot No. 82, Sanjay Gandhi Nagar Naubasta, Kanpur, Uttar Pradesh","NO ##82, KANPUR, उत्तर प्रदेश",0.4167,0.5556,0.0,0.3833,0.25,severe_name_typo_or_corruption
S1-74870652,S3-998656263,India,Maa Lotus Marketing Limited,मां लोटस मार्केटिंग लिमिटेड,"B-16/B, Acharya Niketan, Mayur Vihar Phase-I, East Delhi, Delhi","Hn 69 B-16/b, East Delhi, दिल्ली",0.8889,0.9165,0.1429,0.3559,0.3077,indic_phonetic_distance
S1-102464707,S3-106702918,US,Western Acadia Inc,Western Inc Partners,"318 7th Street, Port Angeles, WA",,0.5,0.8437,0.5,0.0,0.0,missing_target_address
S1-312549462,S2-594469388,India,Unique Consultancy,यूनिक कंसल्टेंसी,"Gali No-9, B Block, Fauji Colony, Part-2, Delhi, House No. 33, North West Delhi","HOUSE NO. 33, DELHI, दिल्ली",0.3333,0.5759,0.0,0.2361,0.2667,severe_name_typo_or_corruption
S1-30228323,S2-628585311,India,Vision Consulting Pvt Ltd,विजन कंसल्टिंग प्रा. लि.,"New Delhi, H.No.- A, Delhi, 16/2 First Floor, Plot No 503 Thokar No 6, Shaheen Bagh, Jamia Nagar","H.NO.- A, NEW DELHI, Delhi",0.52,0.6105,0.0,0.1705,0.2941,severe_name_typo_or_corruption
S1-902642824,S2-880189446,India,My Products Private Limited,माय प्रोडक्ट्स प्राइवेट लिमिटेड,"Sterling House, 85, Nagdevi Cross Lane, Mumbai, Mumbai, Mumbai City, Maharashtra","STERLONG HOUSE, MUMBAI (SUBURBAN), MUMBAI CITY, Maharashtra",0.7778,0.9316,0.1429,0.6351,0.3636,indic_phonetic_distance
S1-581247429,S3-97079219,India,Shiv Products Limited,Shiv પ્રોડક્ટ્સ લિમિટેડ,"No. 493, Karmayogi Society-2, Bamroli Road, Pandesara, Surat, Gujarat",,0.9048,0.971,0.5,0.0,0.0,missing_target_address
S1-60067021,S2-594002362,India,City Hospitality Pvt Ltd,सिटी हॉस्पिटैलिटी प्रा. लि.,"Laxmi Niwas, Room No.4, 1St Floor, 113 Bazar Gate Street, (Perin Nariman Street) Fort, Mumbai, Mumbai City, Maharashtra","LAXMI NIWAS, KOLHAPUR, BOMBAY, Maharashtra",0.6667,0.6879,0.0,0.3182,0.1579,severe_name_typo_or_corruption
S1-488392988,S3-543549128,US,Clean Beacon Canary LLC,#cleanbeacon,"3125 45th Avenue, Portland, OR","3125 45rd Ave, Portlland CITY, Oregon",0.4783,0.8957,0.0,0.5714,0.1,address_token_displacement
S1-577680845,S2-44210939,India,Premier Jai Media Private Limited,பிரீமியர் ஜெய் மீடியா பிரைவேட் லிமிடெட்,"61, Sathy Road, Athipalayam Pirivu Ganapathy, Coimbatore, Tamil Nadu","DOOR NO 117 61, COIMBATORE, Tamil Nadu",0.6389,0.7593,0.0,0.4062,0.3333,indic_phonetic_distance
S1-36372216,S2-994736411,India,Hotel Infrastructure Private Limited,होटल इंफ्रास्ट्रक्चर प्राइवेट लिमिटेड,"Shop No. 1-2, First Floor, Bhoja Market, Near Vinayak Hospital, Sector-27, Noida, Gautam Buddha Nagar, Uttar Pradesh","SHOP NO. 1-2, NOIDA, BISRAKH JALALPUR, Uttar Pradesh",0.6944,0.8459,0.1429,0.3519,0.3333,indic_phonetic_distance
S1-578178207,S3-439393514,India,Traders Herbal Ltd,Traders Hbmrbl [Ltd],"Plot No. 76/77, Village Kapashera, New Delhi, South Delhi, Delhi",,0.8333,0.9431,0.5,0.0,0.0,missing_target_address
S1-519729373,S2-456773502,India,East Investments Private Limited,ईस्ट इन्वेस्टमेंट्स प्राइवेट लिमिटेड,"03Rd Floor, Videocon Tower, Jhandewalan Extension, New Delhi, Central Delhi, Delhi","FLOOR, NEW DELHI, Delhi",0.8125,0.8553,0.1429,0.2727,0.3333,indic_phonetic_distance
S1-534775944,S3-846322004,India,Green Healthcare Private Limited,Green हेल्थकेयर Private Limited,"Gala No.34 C, Rashid Compound Survey No.4, Cts No.161, Khairani Rd, Saki Naka, Mumbai, Mumbai City, Maharashtra","C, Mumbai, MH",0.8438,0.9339,0.6,0.1058,0.1111,state_acronym_or_short_address
S1-803092903,S3-777400662,India,Premier Real Solutions Private Limited,प्रीमियर रियल सॉल्यूशंस प्राइवेट लिमिटेड,"Office No. 601 B, S No 207, Phoenix East Court, Pune, Maharashtra","Office No. 60 B, Pune, महाराष्ट्र, Kamshet",0.6842,0.8388,0.1111,0.4333,0.2857,indic_phonetic_distance
S1-907452520,S2-154283152,India,Urban Infra,URBAN SERVICES,"1St Floor, Blayees Avenue Edappally Toll, Nethaji Nagar, Edapally, Ernakulam, Kerala",,0.4286,0.8347,0.3333,0.0,0.0,missing_target_address
S1-681683041,S3-985118978,India,Super Infrastructure Private Limited,सुपर इंफ्रास्ट्रक्चर प्राइवेट लिमिटेड,"Plot No. G/9/3/1, Phase Iii, Midc Chakan, Nighoje, Pune, Maharashtra","Plot No. G//3/1, Pune, MH",0.6944,0.8459,0.1429,0.3387,0.4286,indic_phonetic_distance
S1-232066750,S2-309229015,US,Coastal Tokyo Inc,Coastal Inc Services,"10250 Mackenzie Road, Fl 1, Saint Louis, MO",,0.45,0.8278,0.5,0.0,0.0,missing_target_address
S1-422774663,S3-686092959,India,Vom Professionals Limited,Dr Orbimira,"16, Second Floor, 2Nd Cross Street, Katurba Nagar, Adyar, Chennai, Tamil Nadu","Plot G-439 16, Chennai, TN",0.2,0.4959,0.0,0.2394,0.125,severe_name_typo_or_corruption
S1-411872571,S3-449837790,India,Lotus Solutions Pvt Ltd,लोटस सॉल्यूशंस प्रा. लि.,"201, Noida, Uttar Pradesh, Gautam Buddha Nagar, Ocean Complex, P-6, Sector 18","201, Gautam Buddha Nagar, UP",0.5652,0.6674,0.0,0.3521,0.2857,state_acronym_or_short_address
S1-758334455,S3-59434058,India,Raj Marketing Private Limited,राज मार्केटिंग प्राइवेट लिमिटेड,"Flat No., Gwal Pahadi Faridabad Road, Gurgaon, Haryana","Hn 7-68 Flta No., Divreportingcircle, Gurgaon, HR",0.8621,0.9433,0.3333,0.32,0.1429,address_token_displacement
S1-726443403,S3-526453374,India,One Engineering Limited,વન એન્જિનિયરિંગ લિમિટેડ,"Green Acres, Paisifica Green, Nr. Vastrapur Rly. Crossing, Vejalpur, B-2/304, Ahmedabad, Gujarat","B-2/304, null, Ahmedabad, GJ",0.7391,0.7,0.2,0.2273,0.2667,other_residual
S1-93555045,S2-864459226,India,Green Aditya Finance Private Limited,ग्रीन आदित्य फाइनेंस प्राइवेट लिमिटेड,"Jaipur, Janpath, Rani Sati Nagar Near Dcm, Off Ajmer Road, 497, Jaipur, Rajasthan","497, JAIPUR, राजस्थान",0.6389,0.8463,0.1111,0.2533,0.1538,indic_phonetic_distance
S1-697496809,S3-840057416,India,Arihant Management Private Limited,अरिहंत मैनेजमेंट प्राइवेट लिमिटेड,"B-47, Lawrance Road Industrial Estate, Delhi, North Delhi, Delhi","B-47, Delhi, Tri Nagar, DL",0.7059,0.8774,0.1429,0.2667,0.2727,indic_phonetic_distance
S1-30228323,S3-660230462,India,Vision Consulting Pvt Ltd,विजन कंसल्टिंग प्रा. लि.,"New Delhi, H.No.- A, Delhi, 16/2 First Floor, Plot No 503 Thokar No 6, Shaheen Bagh, Jamia Nagar","H.no.- A, New Delhi, DL",0.52,0.6105,0.0,0.1477,0.2778,severe_name_typo_or_corruption
S1-17637020,S3-60067856,India,Innovative Technologies Private Limited,इनोवेटिव टेक्नोलॉजीज प्राइवेट लिमिटेड,"629, Sadashiv Peth, Vishwanath Market, Phadtare Chowk Bh Shrimilli Sadi Centre, Pune, Maharashtra","Plot 00119 629, Pune, Commercial Pune, महाराष्ट्र",0.7179,0.8126,0.1429,0.2826,0.1176,indic_phonetic_distance
S1-768994354,S2-887345598,India,Digital Developers Private Limited,ડિજિટલ ડેવલપર્સ પ્રાઇવેટ લિમિટેડ,"Shop No. 25, Orchid Centre, Opp. Safal Parisar - Ii Nr. Sobo Center, South Bopal, Bopal, Ahmedabad, Gujarat","25, AHMEDABAD, Gujarat",0.7647,0.8416,0.1429,0.2083,0.1875,indic_phonetic_distance
S1-45477322,S3-942756054,India,Al Properties Private Limited,अल प्रॉपर्टीज प्राइवेट लिमिटेड,"Shop No. 273, Plot No. 30, 2Nd Floor, Vardhman Market Plaza, Community Centre, Rani Bagh, New Delhi, North Delhi, Delhi","73, New Delhi, North Delhi, DL",0.7931,0.9181,0.3333,0.2477,0.1579,state_acronym_or_short_address
S1-187733925,S3-912465323,India,Dynamic Projects Pvt Ltd,டைனமிக் புராஜெக்ட்ஸ் பிரைவேட் லிமிடெட்,"Plot No 15, Veeralakshmi Nagar Old Perungalathur, Chennai, Tamil Nadu","No B3/15, Chennai, TN",0.4706,0.6117,0.0,0.2424,0.25,state_acronym_or_short_address
S1-415507632,S2-144677502,India,Guru Builders Private Limited,குரு பில்டர்ஸ் பிரைவேட் லிமிடெட்,"4/1, G A A Khan 7Th Street Thousand Lights, Chennai, Tamil Nadu","4/1, CHENNAI CITY REGION, CHENNAI, Tamil Nadu",0.6552,0.7411,0.0,0.5,0.3571,other_residual
S1-998508835,S2-677640984,India,Good Dynamic It Private Limited,ಗುಡ್ ಡೈನಾಮಿಕ್ ಐಟಿ ಪ್ರೈವೇಟ್ ಲಿಮಿಟೆಡ್,"No.59, 1St Floor Chowdeshwari Arcade 2Nd Stage West Of Chord Road, Basaveshwara Nagar Opp Rajajinagar Metro Station, Bangalore North, Bangalore, Karnataka","H.NO 59, BANGALORE, ಕರ್ನಾಟಕ",0.697,0.8067,0.1111,0.1477,0.1304,indic_phonetic_distance
S1-712129251,S3-197897391,India,Energy Sriram India Limited,Energy Siam India Limited,"Shop No.11, Mahalaxmi City Type A Chsl, Bldg No. 1 A Wing, Vihighar, Panvel, Raigad, Panvel, Raigarh, Maharashtra",,0.9259,0.9852,0.6,0.0,0.0,missing_target_address
S1-129812802,S2-553471094,India,Aditya Consultancy Pvt Ltd,आदित्य कंसल्टेंसी प्रा. लि.,"D-56/A Moti Nagar, New Delhi, South West Delhi, Delhi","D-5-6/A MOTI NAGAR, NEW DELHI, KUNDLI, Delhi",0.5,0.8207,0.0,0.74,0.5,indic_phonetic_distance
S1-392796760,S3-609159608,India,Jain Foods,Jain [Center],"1006, Building No.1, Shree Saranam E 1, Nr. Jangid Complex, R B K College, Mira Road East Thane, Thane, Maharashtra",,0.4545,0.6515,0.3333,0.0,0.0,missing_target_address
S1-4952778,S3-515183290,India,Laxmi Immigration Public Limited,Quobelo,"No.432, 4Th Cross, 2Nd Block Hrbr Layout, Kalyan Nagar, Bangalore, Karnataka","#G-432, Bangalore, KA",0.0938,0.2827,0.0,0.2394,0.1429,name_acronym_or_extreme_truncation
S1-275572535,S3-275790075,India,Shiva It Private Limited,சிவா ஐடி பிரைவேட் லிமிடெட்,"New No.11, Old No.6, Mahalingam Street Mahalingapuram, Nungambakkam, Chennai, Tamil Nadu","No ##11, Chennai, TN",0.6538,0.7831,0.0,0.1928,0.2308,state_acronym_or_short_address
S1-740386477,S2-988417665,India,South Software Private Limited,সাউথ সফটওয়্যার প্রাইভেট লিমিটেড,"Rawdon Street Shubham''10Th Floor, Roomno.-1004, Kolkata, West Bengal, Howrah, Kolkata, 1","PLOT B3/164 1, HOWRAH, West Bengal",0.6061,0.7693,0.125,0.284,0.2667,indic_phonetic_distance
S1-188655602,S2-490585581,US,Health Association,healthassociation.com,"2115 17th Avenue, Unit UNIT 412, Bozeman, MT","17TH AVE, BZEMAN, MT",0.7619,0.9508,0.0,0.439,0.2222,other_residual
S1-40521666,S2-630202518,India,Silver Solutions Private Limited,சில்வர் சொல்யூஷன்ஸ் பிரைவேட் லிமிடெட்,"Chennai, Tamil Nadu, Karumari Street, Devinagar, Rcc Post Avadi, Chennai, 10, Chennai","10, CHENNAI, UTHIRAMERUR, Tamil Nadu",0.625,0.7832,0.0,0.2179,0.3636,indic_phonetic_distance
S1-77545943,S3-513296355,India,Laxmi Healthcare Private Limited,लक्ष्मी हेल्थकेयर प्राइवेट लिमिटेड,"402, Suncity Arcade Suncity Sector-54, Gurgaon, Haryana","402, Gurgaon, HR",0.6875,0.8589,0.1429,0.2692,0.25,state_acronym_or_short_address
S1-509442507,S2-204227760,India,Bright Infotech Private Limited,ब्राइट इंफोटेक प्राइवेट लिमिटेड,"608, Floor-6, Plot-306, Kakad Market, Kalbadevi Road, Swadeshi Market, Kalbadevi, Mumbai, Mumbai, Maharashtra","BLOCK C-291 608, MUMBAI, Maharashtra",0.6452,0.8496,0.1429,0.25,0.2,indic_phonetic_distance
S1-213374340,S3-760890235,India,Red Technology Pvt Ltd,redtechnology.com,"Mumbai, Gold Mist Building 36, Carter Road, Bandra (W), Maharashtra, 1St Floor, Mumbai City","1St Floor, Mumbai, MH",0.6364,0.7906,0.0,0.2048,0.2143,state_acronym_or_short_address
S1-397095777,S2-411971855,US,"Primary Care Associates, LLC","Primary Ci Associates, LLC","3403 Nova Scotia Road, Aberdeen, MD",,0.8889,0.9364,0.6,0.0,0.0,missing_target_address
S1-44635123,S3-226764795,India,Tech Enterprises Private Limited,ಟೆಕ್ ಎಂಟರ್‌ಪ್ರೈಸಸ್ ಪ್ರೈವೇಟ್ ಲಿಮಿಟೆಡ್,"Plot No. 117 & 118, Bommasandra Jigani Link Road Kiadb Industrial Area, Bandenallasandra, Bangalore, Karnataka","Plot No. 117 & 118, Bangalore, KA",0.7188,0.8428,0.1429,0.2991,0.375,indic_phonetic_distance
S1-275572535,S3-371225459,India,Shiva It Private Limited,சிவா ஐடி பிரைவேட் லிமிடெட்,"New No.11, Old No.6, Mahalingam Street Mahalingapuram, Nungambakkam, Chennai, Tamil Nadu","New No.##11, Chennai, TN",0.6538,0.7831,0.0,0.241,0.3077,state_acronym_or_short_address
S1-333823187,S3-103370517,India,South Systems Private Limited,साउथ सिस्टम्स प्राइवेट लिमिटेड,"Sh-1, 1St Flr, Ramdev Chitanya Chs Ltd, Padmavati Ngr Maxcus Mall, 150Ft Rd, Bhayandar West, Thane, Maharashtra","Sh-4-1, Thane, MH",0.7931,0.8898,0.1429,0.1346,0.15,state_acronym_or_short_address
S1-789681674,S2-73508302,India,Ss Enterprises Private Limited,एसएस एंटरप्राइजेज प्राइवेट लिमिटेड,"101, 1St Floor, Parkend, Apartment, Sector 72, Noida, Gautam Buddha Nagar, Uttar Pradesh","101, NOIDA, GAUTAM BUDDHA NAGAR, उत्तर प्रदेश",0.6875,0.7788,0.1429,0.4938,0.3333,indic_phonetic_distance
S1-300773965,S2-555403937,India,Life Star Engineering Private Limited,லைஃப் ஸ்டார் இன்ஜினியரிங் பிரைவேட் லிமிடெட்,"No.1, James Street, Thiruvalluvar Nagar, Pammal, Chennai, Tamil Nadu","CHENNAI, தமிழ்நாடு, NO.G-1",0.6579,0.7399,0.1111,0.1746,0.25,other_residual
S1-59178286,S3-767136135,India,BH Infosec Pvt Ltd,8H Iigse Pvt Ltd,"18/4, Mathura Road, Faridabad, Haryana","18, Faridabad, HR",0.7222,0.8449,0.3333,0.4286,0.2857,state_acronym_or_short_address
S1-891257891,S2-443479225,US,Dental Associates LLC,Denta1 Associates,"Fort Smith, 5215 Rogers Avenue, AR",,0.7619,0.9406,0.25,0.0,0.0,missing_target_address
S1-333823187,S3-979449259,India,South Systems Private Limited,साउथ सिस्टम्स प्राइवेट लिमिटेड,"Sh-1, 1St Flr, Ramdev Chitanya Chs Ltd, Padmavati Ngr Maxcus Mall, 150Ft Rd, Bhayandar West, Thane, Maharashtra","Sh-4-1, Thane, MH",0.7931,0.8898,0.1429,0.1346,0.15,state_acronym_or_short_address
S1-966619338,S2-277885698,India,Southern Business Private Limited,சதர்ன் பிசினஸ் பிரைவேட் லிமிடெட்,"No 128, 1St Floor, Kamarajar Nagar Road Kamarajar Nagar, Avadi, Chennai, Tamil Nadu","NO 128, MADRAS, CHENNAI, Tamil Nadu",0.5455,0.6962,0.0,0.3974,0.4167,severe_name_typo_or_corruption
S1-480933653,S3-234572175,India,Creative Hotel Infra Private Limited,क्रिएटिव होटल इंफ्रा प्राइवेट लिमिटेड,"Mumbai, Mumbai City, Kailash Esplanade, L B S Marg Opp Shreyas Cinema, Ghatkopar West, Maharashtra, C/404","C/0404, Mumbai City, महाराष्ट्र",0.6944,0.7968,0.1111,0.2121,0.1667,indic_phonetic_distance
S1-685083516,S3-975620565,India,Seven Infotech Private Limited,Private Seven Inothfhc Limited,"Pragadadheeshwar Apartment, Cit Nagar, First Main Road, Chennai, Chennai City Corporation, Tamil Nadu, No 50","H.no 0050, Chennai, TN",0.3667,0.7573,0.6,0.1569,0.1176,state_acronym_or_short_address
S1-935273786,S2-176963492,India,Siva Services Limited,Mr Siva Srvfacfs Limited,"402 New Mohan Puri Meerut, Uttar Pradesh, Meerut, Uttar Pradesh",,0.7083,0.7394,0.4,0.0,0.0,missing_target_address
S1-190942442,S2-469183348,India,Swastik Infra LLP,स्वस्तिक इंफ्रा एलएलपी,"17, Floor 4, Plot No. 22, Joothica, Naushir Bharucha Marg, Grant Road, Mumbai, Mumbai City, Maharashtra","H.NO 40 17, GREATER BOMBAY, Maharashtra",0.6,0.7783,0.0,0.2979,0.1579,indic_phonetic_distance
S1-741862558,S2-364611449,India,Good Exports,गुड एक्सपोर्ट्स,"15/30, Kidwai Gali East Babar Pur, Delhi, East Delhi, Delhi","PLOT 953 15/30, DELHI",0.6667,0.7833,0.0,0.2,0.3,indic_phonetic_distance
S1-176448091,S2-65218845,India,Shiv Power Private Limited,શિવ પાવર પ્રાઇવેટ લિમિટેડ,"E- 304, Sumel Business Park-8, Ajitmill Char Rasta, Rakhiyal Road, Ahmedabad, Gujarat","E- 304, AHMEDABAD, ગુજરાત",0.7308,0.8334,0.1429,0.2785,0.2143,indic_phonetic_distance
S1-851930866,S3-115682408,India,Dream Solutions Private Limited,ड्रीम सॉल्यूशंस प्राइवेट लिमिटेड,"B 461, 2Nd Floor, New Friends Colony, Delhi, New Delhi, Delhi","B 461, Delhi, South Delhi, दिल्ली",0.6774,0.8576,0.1429,0.3929,0.3,indic_phonetic_distance
S1-392796760,S2-566834657,India,Jain Foods,Jain Service,"1006, Building No.1, Shree Saranam E 1, Nr. Jangid Complex, R B K College, Mira Road East Thane, Thane, Maharashtra",,0.4167,0.82,0.3333,0.0,0.0,missing_target_address
S1-36372216,S2-347081092,India,Hotel Infrastructure Private Limited,होटल इंफ्रास्ट्रक्चर प्राइवेट लिमिटेड,"Shop No. 1-2, First Floor, Bhoja Market, Near Vinayak Hospital, Sector-27, Noida, Gautam Buddha Nagar, Uttar Pradesh","NO 1-2, NOIDA, BISRAKH JALALPUR, Uttar Pradesh",0.6944,0.8459,0.1429,0.3056,0.2857,indic_phonetic_distance
S1-748848193,S3-410774870,India,First & Co,Mr First-+ Co #21568,"Plot No.3, Sai Enclave Road No.12, Banjara Hills, Hyderabad, Telangana",,0.3529,0.6487,0.4,0.0,0.0,missing_target_address
S1-581979555,S2-830352459,India,First Indo Care Pvt Ltd,ಫಸ್ಟ್ ಇಂಡೋ ಕೇರ್ ಪ್ರೈವೇಟ್ ಲಿಮಿಟೆಡ್,"No. 10 & 11, Vikas Nagar Link Road, Tumkur Main Road, Nagasandra Post, Bangalore, Karnataka","& 11, BENGALURU URBAN, BANGALORE, Karnataka",0.4828,0.7364,0.0,0.4253,0.25,other_residual
S1-290811080,S3-754242193,India,First Media Private Limited,फर्स्ट मीडिया प्राइवेट लिमिटेड,"S-148, 2Nd Floor, Haware Fantasia Business Park, Sector -30A, Plot No 47, Thane, Maharashtra","S-148, Thane, MH",0.75,0.8596,0.1429,0.1647,0.1875,state_acronym_or_short_address
S1-459400445,S3-511651223,India,Life Industries LLP,Lifeindustries.Com,"Kolkata, West Bengal, Bangur Avenue Block A, Ground Floor, Kolkata, Howrah, 90","90, Howrah, Kolkata, WB",0.7895,0.9246,0.0,0.1806,0.25,state_acronym_or_short_address
S1-901911932,S2-930419890,India,Great Solutions Private Limited,ग्रेट सॉल्यूशंस प्राइवेट लिमिटेड,"9-B, Hill Road, M.R.Chowk, Bandra (West), Mumbai, Mumbai, Mumbai City, Maharashtra","9-B, MUMBAI CITY, MUMBAI, महाराष्ट्र",0.7097,0.8485,0.1429,0.3699,0.3077,indic_phonetic_distance
S1-775802857,S2-153877328,India,Vision Engineering Limited,Mr Vision Limited Center,"Sy No. 130/2-3, Shop No. 2026, 2Nd Floor Jash Market, Ring Road, Surat, Gujarat",,0.3462,0.6829,0.4,0.0,0.0,missing_target_address
S1-943970070,S3-942331350,India,Tech Technology,டெக் டெக்னாலஜி,"Coimbatore, 801, Tamil Nadu, Rangaigowder St, Coimbatore-1 Coimbatore, Coimbatore","801, Coimbatore, தமிழ்நாடு",0.4667,0.6833,0.0,0.25,0.25,severe_name_typo_or_corruption
S1-185608334,S3-384443452,India,Indian Technologies Private Limited,ಇಂಡಿಯನ್ ಟೆಕ್ನಾಲಜೀಸ್ ಪ್ರೈವೇಟ್ ಲಿಮಿಟೆಡ್,"No.364, 2Nd Main Hmt Layout Ananda Nagar, Karnataka, Bangalore, Bengaluru","No.364, Bangalore, KA",0.6857,0.7954,0.1429,0.2609,0.25,state_acronym_or_short_address
S1-754943211,S2-500005513,India,Vision Smart Foundation Pvt Ltd,विजन स्मार्ट फाउंडेशन प्रा. लि.,"C-94, Sector-63, Noida, Uttar Pradesh","C-##94, GAUTAM BUDH NAGAR, NOIDA, उत्तर प्रदेश",0.5161,0.662,0.1111,0.5385,0.25,severe_name_typo_or_corruption
S1-777873812,S2-163319411,India,Swastik Products Private Limited,स्वस्तिक प्रोडक्ट्स प्राइवेट लिमिटेड,"2Nd Floor, Office No 202, Business Square, Lane No 5 Koregaon Park, Opp Hotel Great Punjab, Pune, Maharashtra","FLOOR, PUNE, Maharashtra",0.7812,0.8568,0.1429,0.2136,0.1765,indic_phonetic_distance
S1-985772182,S2-821718804,India,Blue Infra Private Limited,ब्लू इंफ्रा प्राइवेट लिमिटेड,"House No 56, Block F Pkt 3, Sector 11, Rohini, Delhi, North West, Delhi","HOUHE NO 56, DELHI, NORTH WEST, Delhi",0.7308,0.9056,0.1429,0.5077,0.3571,indic_phonetic_distance
S1-865649072,S3-987016189,India,Hari Services Private Limited,హరి సర్వీసెస్ ప్రైవేట్ లిమిటెడ్,"Telangana, Tirumalagiri, Hyderabad, Plotno133, Sriharinilayam, Vaishali Nagar, Madinaguda","Poltno133, తెలంగాణ, Medchal Malkajgiri",0.7931,0.8309,0.1429,0.2169,0.0,indic_phonetic_distance
S1-933456104,S3-336579324,India,Bombay Real Business Limited,बॉम्बे रियल बिजनेस लिमिटेड,"Shop No.4 Ground Floor, Wz 1204-1206 Main Pankha Road, Nangal Raya, New Delhi, Delhi, South Delhi, Delhi","No 4 Groud Floor, Delhi, South Delhi, DL",0.7143,0.9048,0.1429,0.3776,0.2778,indic_phonetic_distance
S1-874483026,S3-505197100,India,Future Foundation,ಫ್ಯೂಚರ್ ಫೌಂಡೇಶನ್,"No. 29, 1St Main Road, 3Rd Stage, 3Rd Block, Bangalore North, Bangalore, Karnataka","H.no 29, Bangalore, Bangalore North, KA",0.2353,0.5212,0.0,0.3733,0.3077,severe_name_typo_or_corruption
S1-853883900,S2-380920320,India,Classic Projects Limited,ಕ್ಲಾಸಿಕ್ ಪ್ರಾಜೆಕ್ಟ್ಸ್ ಲಿಮಿಟೆಡ್,"#10, Krishna Krupa, 7Th Cross, J Block, Koramangala 3Rd Bloc, K, Bangalore, Karnataka","BANGALORE, BENGALURU URBAN, ಕರ್ನಾಟಕ, 10",0.7917,0.8024,0.2,0.2468,0.125,address_token_displacement
S1-737787745,S2-347254249,India,Sky Impex Private Limited,स्काई इम्पेक्स प्राइवेट लिमिटेड,"Plot No. 18/2, Chinchwad, Pune, D-1 Block, Pune, Maharashtra","D-1 BLOCK, महाराष्ट्र, PUNE",0.7407,0.8464,0.1429,0.2593,0.3636,indic_phonetic_distance
S1-871285992,S3-144917995,US,Allied Preparatory Academy,Allied Preparat0ry Academy,"9965 Vieux Carre Dr, Louisville, KY",,0.9615,0.9846,0.5,0.0,0.0,missing_target_address
S1-905216973,S3-139128102,India,My Media Private Limited,My Mediea Private Limited,"2Nd Floor, Haryana, Platinum Tower, Plot Number 184 Udyog Vihar, Phase 1, Gurgaon, Haryana, Gurgaon",,0.96,0.9253,0.6,0.0,0.0,missing_target_address
S1-459400445,S3-393682621,India,Life Industries LLP,লাইফ ইন্ডাস্ট্রিজ এলএলপি,"Kolkata, West Bengal, Bangur Avenue Block A, Ground Floor, Kolkata, Howrah, 90","90, Bangur Avenue, WB",0.5909,0.8214,0.0,0.2222,0.25,state_acronym_or_short_address
S1-534775944,S2-398397552,India,Green Healthcare Private Limited,ग्रीन हेल्थकेयर प्राइवेट लिमिटेड,"Gala No.34 C, Rashid Compound Survey No.4, Cts No.161, Khairani Rd, Saki Naka, Mumbai, Mumbai City, Maharashtra","H.NO 034 C, BOMBAY, MUMBAI CITY, महाराष्ट्र",0.6875,0.8131,0.1429,0.3173,0.1905,indic_phonetic_distance
S1-64881526,S2-801955211,India,Vijay Modern Technologies Private Limited,विजय मॉडर्न टेक्नोलॉजीज प्राइवेट लिमिटेड,"A2/3, F.F., Safdarjung Enclave, South Delhi, Delhi","A002/3, NEW DELHI, SOUTH DELHI, Delhi",0.7561,0.8589,0.1111,0.5556,0.3333,indic_phonetic_distance
S1-304410874,S3-312725058,US,Cardiology Group,Cardiology Trading,"WV, 859 Saint Marys Street, Unit 202, Morgantown",,0.6667,0.8916,0.3333,0.0,0.0,missing_target_address
S1-764458391,S3-702568363,India,Indian Producer Private Limited,इंडियन प्रोड्यूसर प्राइवेट लिमिटेड,"Flat No 2, Lunawat Reality Pl No 4B, Neena Society, S N O 148, Near, Vanaz, Pune, Maharashtra","MH, Pune, #2, Pune",0.7419,0.7892,0.1429,0.1163,0.1111,state_acronym_or_short_address
S1-832735174,S2-646327322,India,Seven Properties Private Limited,सेवन प्रॉपर्टीज प्राइवेट लिमिटेड,"H.N., Ram Nagar A, Udai Mode, Gangapur City, Sawai Madhopur, Rajasthan","H.N. 41445, GANGAPUR CITY, AMARGARH, Rajasthan",0.7812,0.8878,0.1429,0.5156,0.3571,indic_phonetic_distance
S1-345034155,S2-394867809,India,Adamas Marketing (India) Private Limited,Sri Calomira,"H No 198Street No 6 Dhawan Colony, Firozepur City, Punjab","180 NO 6 DIAWAN COLONY, FAZILKA, Punjab",0.2105,0.5141,0.0,0.5455,0.3333,name_acronym_or_extreme_truncation
S1-622561153,S3-949118748,India,Ss Food,एसएस फूड,"B-13, Basement, Motinagar, Central Delhi, Delhi","Door No ##491 B-13, Central Delhi, Farid Nagar, DL",0.4444,0.672,0.0,0.2667,0.3333,severe_name_typo_or_corruption
S1-859043879,S2-725230009,India,Alpha It Private Limited,ஆல்ஃபா ஐடி பிரைவேட் லிமிடெட்,"Plot No.49, Chinnasamy Nagar, Periya Mathur, Chennai, Tamil Nadu","397, THIRUVALLUR, CHENNAI, Tamil Nadu",0.6667,0.8435,0.0,0.4333,0.25,indic_phonetic_distance
S1-859377946,S3-732054458,India,Digital Finance Private Limited,डिजिटल फाइनेंस प्राइवेट लिमिटेड,"1/7, New Palasia, Indore, Madhya Pradesh","Indore, MP, Indore, #457 1/7",0.6129,0.8422,0.1429,0.2973,0.3333,state_acronym_or_short_address
S1-232066750,S2-176542774,US,Coastal Tokyo Inc,Coastal Toyo Inc,"10250 Mackenzie Road, Fl 1, Saint Louis, MO",,0.9412,0.9882,0.5,0.0,0.0,missing_target_address
S1-770093536,S2-155639524,India,Karma Communications-Ghaziabad,Smt Karma Center,"F 708, A 12, 7Th Floor, Aditya Corporate Rdc, Ghaziabad, Uttar Pradesh",,0.1667,0.5332,0.2,0.0,0.0,missing_target_address
S1-204167162,S3-579480326,India,Tirupati Solutions,तिरुपति सॉल्यूशंस,"S-106, V-Jai Residency, Plot No. A2/354, Sector-2, Chitrakoot, Jaipur, Rajasthan","S-106, Divreportingcircle, RJ",0.6667,0.9069,0.0,0.2466,0.125,state_acronym_or_short_address
S1-136139104,S3-182369740,India,Shree Systems Limited,Shree Limited Center Enterprises,"Flat No 207, Second Floor, Block-A Kh No-298/33/2. 298/34, 298/35, Ghitorni, New Delhi, South Delhi, Delhi",,0.3438,0.6706,0.4,0.0,0.0,missing_target_address
S1-223767990,S2-526451473,India,Shree Software,Shree Saftae,"House 13-A, 1St Floor, Sunny Enclave, Sector 125, Kharar, Kharar, Rupnagar, Punjab",,0.7857,0.9223,0.3333,0.0,0.0,missing_target_address
S1-388992286,S2-484882472,India,Krishna Marketing Limited,कृष्णा मार्केटिंग लिमिटेड,"Old No-803/3 Second And Third Floor Arjun Nagar, Kotla Mubarak Pur, Delhi, 7, New Delhi, South Delhi","7, NEW DELHI, SOUTH DELHI, Delhi",0.88,0.8837,0.2,0.2526,0.2353,other_residual
S1-213848866,S2-484658172,India,Fortune Technologies Private Limited,फॉर्च्यून टेक्नोलॉजीज प्राइवेट लिमिटेड,"Plot No.A 15/16, Central, Cross Road B, Midc, Mumbai, Maharashtra","Maharashtra, MUMBAI, PLOT NO.A 17/16, GUNTUR",0.6389,0.7413,0.1429,0.2,0.4286,other_residual
S1-970468638,S2-169743009,India,Fortune Power Private Limited,फॉर्च्यून पावर प्राइवेट लिमिटेड,"Omkar Alta Monte, Western Express Highway, A/1404, Malad East, Maharashtra, Mumbai","A/#1404, MUMBAI REGION, महाराष्ट्र",0.6207,0.7316,0.1429,0.2208,0.2143,other_residual
S1-704264872,S2-813629081,India,Krishna Global Infotech Private Limited,కృష్ణ గ్లోబల్ ఇన్ఫోటెక్ ప్రైవేట్ లిమిటెడ్,"P.No.111, Prashashan Nagar Jubilee Hills, Hyderabad, Telangana","Andhra Pradesh, <NULL>, HYDERABAD, GUNTUR, HN 19 P.NO.111",0.7179,0.8387,0.1111,0.2373,0.2667,indic_phonetic_distance
S1-291013830,S3-456936422,India,Smart Constructions Limited,Smart  Constructions #93927,"#21, 1St A Main, 5Th Block, 3Rd Phase, Banashankari 3Rd Stage, Bangalore, Karnataka","19, Bengaluru, Bangalore, KA",0.7407,0.9081,0.5,0.2632,0.0667,state_acronym_or_short_address
S1-568535874,S2-697764947,India,My Consulting Private Limited,ମାଇ କନସଲଟିଂ ପ୍ରାଇଭେଟ୍ ଲିମିଟେଡ୍,"H. No - F - 324, Utkal Appartment, Kalyani Nagar, Cuttack, Orissa","H. NO - F - 00324, CUTTACK, Odisha",0.5862,0.7542,0.1429,0.375,0.3333,indic_phonetic_distance
S1-40736251,S3-644583140,India,Royal Hospitality Private Limited,R0yal Private Limited Center,"G-112, 113, Industrial Area, Riico, Sikar, Rajasthan","G-12, Sikar, Beri, राजस्थान",0.4242,0.7403,0.3333,0.4255,0.1818,other_residual
S1-278078435,S3-733323716,India,Shree Properties Private Limited,શ્રી પ્રોપર્ટીઝ પ્રાઇવેટ લિમિટેડ,"Shop No-3, Palak-2, Nr.Devpriy Bunglows Settelite, Ahmadabad City, Ahmedabad, Gujarat","Shop No-003, Ahmedabad, Vastrapur, ગુજરાત",0.7188,0.8324,0.1429,0.3375,0.1875,indic_phonetic_distance
S1-924237224,S3-839119632,India,One Engineering Private Limited,वन Engineering प्राइवेट लिमिटेड,"Plot No 423, Sector-8, Imt Manesar Gurgaon, Gurgaon, Haryana","Gurugram, Gurgaon, HR, 423",0.8387,0.8409,0.3333,0.2679,0.1818,state_acronym_or_short_address
S1-683472981,S3-589227023,India,Vijay Projects Private Limited,विजय प्रोजेक्ट्स प्राइवेट लिमिटेड,"Unit 221-222, 2Nd Floor, Tower B4, Spaze I-Tech Park, Sector 49, Sohna Road, Gurgaon, Haryana","Gurgaon, हरियाणा, Gurgaon, Unit 221-222",0.8333,0.9181,0.1429,0.1395,0.2222,indic_phonetic_distance
S1-298353031,S3-270584251,US,Q 9 Classic Alphabet,q9classic.com,"UT, 2060 Delmont Drive, City Of Holladay","SALT LAKE CITY CDP, 2060 Deemont Dr, PO Box 7499, Utah",0.5,0.6231,0.0,0.3137,0.125,severe_name_typo_or_corruption
S1-685083516,S3-233706205,India,Seven Infotech Private Limited,Keloflux,"Pragadadheeshwar Apartment, Cit Nagar, First Main Road, Chennai, Chennai City Corporation, Tamil Nadu, No 50","No 0050, Chennai, TN",0.1,0.3806,0.0,0.1373,0.125,name_acronym_or_extreme_truncation
S1-689965205,S2-215431506,India,Maa Innovative Private Limited,Maa Inn0vative Limited Center,"790, I Block, Iii Road, Newthippasandra, Bangalore, Karnataka",,0.6333,0.8991,0.3333,0.0,0.0,missing_target_address
S1-813095857,S2-219851340,India,All Infotech Private Limited,ಆಲ್ ಇನ್‌ಫೋಟೆಕ್ ಪ್ರೈವೇಟ್ ಲಿಮಿಟೆಡ್,"149/B, 3Rd Main, 10Th Cross Bikasipura (Next To Isro Layout), Bangalore, Karnataka","149/B, BANGALORE, ಕರ್ನಾಟಕ",0.7143,0.8983,0.1429,0.2895,0.2143,indic_phonetic_distance
S1-266803735,S2-610975182,India,Sky Technology LLP,स्काई टेक्नोलॉजी एलएलपी,"B-2/64, Vibhuti Khand Gomti Nagar, Lucknow, Uttar Pradesh","DOOR NO 599 B-2/64, LUCKNOW, उत्तर प्रदेश",0.5714,0.8243,0.0,0.4259,0.2667,indic_phonetic_distance
S1-164081713,S2-940155859,US,ZH Acquisition Inc,zhacquisition.com,"30445 1st Place, Federal Way, WA","FIRST PL, FEDERLA WAY, WA",0.7778,0.9242,0.0,0.6,0.2222,other_residual
S1-39486667,S3-339870039,US,Dental Associates,Dental Associate,"6936 Sarria, Grand Prairie, TX",,0.9412,0.9882,0.3333,0.0,0.0,missing_target_address
S1-565055627,S2-983493713,India,Gk Management Private Limited,#gkmanagement,"Shop No. 9, Kukreja Estate, Sector 11, Plot No. 36, Cbd Belapur, Navi Mumbai, Mumbai, Mumbai City, Maharashtra","DOOR NO 9., BOMBAY, MUMBAI CITY, महाराष्ट्र",0.4138,0.8437,0.0,0.33,0.2222,indic_phonetic_distance
S1-842027739,S2-799518444,India,Golden Finance Pvt Ltd,கோல்டன் ஃபைனான்ஸ் பிரைவேட் லிமிடெட்,"138, Trichy Road, Namakkal, Namakkal, Salem, Tamil Nadu","WESTERN REGION COIMBATORE, 138, தமிழ்நாடு, SALEM",0.4194,0.6228,0.0,0.18,0.1818,severe_name_typo_or_corruption
S1-101949823,S3-627771419,India,Sai Welfare Society,saiwelfaresociety.com,"6, Waterloo Street 5Th Floor, Suite No. 506, Kolkata, Howrah, West Bengal","6, N/A, Kolkata, WB",0.7143,0.9025,0.0,0.2239,0.1333,state_acronym_or_short_address
S1-474524144,S3-875019032,India,Shiv Builders Private Limited,ಶಿವ್ ಬಿಲ್ಡರ್ಸ್ ಪ್ರೈವೇಟ್ ಲಿಮಿಟೆಡ್,"No.5, New No.2610, 36Th Cross, 26Th Main, 9Th Block, Jayanagar, Bangalore, Karnataka","Door No #5, Bengaluru, Bangalore, ಕರ್ನಾಟಕ",0.7931,0.8882,0.1429,0.3247,0.1875,indic_phonetic_distance
S1-405126000,S3-6120686,India,Sun Management Private Limited,सन मैनेजमेंट प्राइवेट लिमिटेड,"Haryana, V-330, Gurgaon, New Palam Vihar, Ph-1, Gurugram","V-33, Gurugram, Gurgaon, हरियाणा",0.7,0.8482,0.1429,0.2745,0.25,indic_phonetic_distance
S1-619232164,S3-391395713,US,Family Partners,Family Parthners,"4 Oak Court, Morgantown, WV",,0.9375,0.9875,0.3333,0.0,0.0,missing_target_address
S1-390609903,S3-734112825,India,Bright Agro Private Limited,ब्राइट एग्रो प्राइवेट लिमिटेड,"Flat No. 1201, T-8, Emmar Gurgaon Greens Near Dwarka Expressway Sector-102, Gurgaon, Haryana","Fat No. 1201, Gurgaon, HR",0.7407,0.874,0.1429,0.2529,0.1875,state_acronym_or_short_address
S1-994017477,S2-757177080,India,South Systems Private Limited,साउथ सिस्टम्स प्राइवेट लिमिटेड,"House No. 92, Sector 29 Tehsil Dadri, Noida, Uttar Pradesh","HOUSE NO. 92, NOIDA, NULL, उत्तर प्रदेश",0.7931,0.8898,0.1429,0.537,0.3077,indic_phonetic_distance
S1-786905411,S3-401134212,India,Life Business Private Limited,लाइफ बिजनेस प्राइवेट लिमिटेड,"Rz-B 19, 20/1-A, Vijay Enclave, Palam, Dabri Road, Delhi, South West Delhi, Delhi","Rz-b 19, Delhi, DL",0.6552,0.8179,0.1429,0.2162,0.2667,state_acronym_or_short_address
S1-763363947,S2-988985066,India,Sunrise Enterprises Private Limited,സൺറൈസ് എന്റർപ്രൈസസ് പ്രൈവറ്റ് ലിമിറ്റഡ്,"Malapuram, Vee Pee Tower, Nh, Road, Kanhippura, Valanche, Tirur, Malappuram, 32/268, Kerala","Kerala, 33/268, MALAPURAM",0.6286,0.79,0.0,0.1951,0.2143,indic_phonetic_distance
S1-64881526,S2-779284030,India,Vijay Modern Technologies Private Limited,विजय मॉडर्न टेक्नोलॉजीज प्राइवेट लिमिटेड,"A2/3, F.F., Safdarjung Enclave, South Delhi, Delhi","A002/3, NEW DELHI, SOUTH DELHI, Delhi",0.7561,0.8589,0.1111,0.5556,0.3333,indic_phonetic_distance
S1-740386477,S2-108898330,India,South Software Private Limited,সাউথ সফটওয়্যার প্রাইভেট লিমিটেড,"Rawdon Street Shubham''10Th Floor, Roomno.-1004, Kolkata, West Bengal, Howrah, Kolkata, 1","CALCUTTA, West Bengal, PLOT B3/164 1, HOWRAH",0.6061,0.7693,0.125,0.2469,0.25,indic_phonetic_distance
S1-857814119,S2-316690972,India,Pioneer Energy Private Limited,పయనీర్ ఎనర్జీ ప్రైవేట్ లిమిటెడ్,"Telangana, Rd No-44 Jhills Co-Op Hbs, P No-770E, Hyderabad","P NO-7-70E, HYDERABAD, Andhra Pradesh",0.6667,0.8558,0.1429,0.1818,0.2,indic_phonetic_distance
S1-94071576,S2-867563739,India,Modern Gujarat Finance Private Limited,ಮಾಡರ್ನ್ ಗುಜರಾತ್ ಫೈನಾನ್ಸ್ ಪ್ರೈವೇಟ್ ಲಿಮಿಟೆಡ್,"No 5, 1St Cross, 3Rd Main, Maruthi Nagar, J P Nagar 7Th Phase, Bangalore, Karnataka","NO 5, BANGALORE, Karnataka",0.7105,0.8281,0.1111,0.3117,0.2857,indic_phonetic_distance
S1-241757307,S3-735322559,India,Modern Developers Limited,m0dern developers limited,"Flat No.201, Tara-I, Srineevasa Village, Yousufguda, Hyderabad, Hyderabad, Telangana","Fat No.201, Hyderabad, TG",0.96,0.9135,0.5,0.2949,0.25,other_residual
S1-787524353,S2-561525393,India,Creative Infrastructure Private Limited,क्रिएटिव इंफ्रास्ट्रक्चर प्राइवेट लिमिटेड,"Fl No F 1302, Ganga Orchid Ph 2 S 83/A/B Hno 1/2A3 Mundhwa Hadapsar, Pune, Maharashtra","PUNE, Maharashtra, FL NO F 5302",0.641,0.7564,0.1429,0.1566,0.25,indic_phonetic_distance
S1-443270426,S2-326293592,India,Tech Investments Private Limited,ટેક ઇન્વેસ્ટમેન્ટ્સ પ્રાઇવેટ લિમિટેડ,"A, 11Th Floor, Ratnakar-9 Square, Opp. Keshavbaug, Mansi Circle Road, Vastrapur, Ahmadabad City, Ahmedabad, Gujarat","A, ગુજરાત, AHMEDABAD",0.8438,0.957,0.3333,0.1509,0.1176,address_token_displacement
S1-136449913,S3-358619079,India,Classic Products Private Limited,क्लासिक प्रोडक्ट्स प्राइवेट लिमिटेड,"Shop No.3, Ground Sunshine Heights, 243 P.L. Kale Guruji Marg, Dadar West, Mumbai, Mumbai City, Maharashtra","H.no 3, Bombay, NULL, MH",0.75,0.8405,0.1429,0.16,0.0952,indic_phonetic_distance
S1-493097333,S2-717589622,India,Great Marketing Pvt Ltd,ग्रेट मार्केटिंग प्रा. लि.,"G-2, Empire Business Centre, Empire Complex, G-2, Empi414 Senapati Bapat Marg, Near Shreeniwas Mill, Delisle Road, Mumbai, Maharashtra","G-2, KARJATH, MUMBAI, Maharashtra",0.7391,0.8382,0.0,0.2143,0.2222,indic_phonetic_distance
S1-205691483,S3-201865950,India,New Foundation Private Limited,न्यू फाउंडेशन प्राइवेट लिमिटेड,"P. No. 12, Nit Hill Top Layout Ambazari, Nagpur, Maharashtra","Plto 016 P. No. 12, Nagpur, MH",0.5667,0.7636,0.1429,0.3273,0.3077,indic_phonetic_distance
S1-380698906,S3-284913849,India,Lakshmi Investments Private Limited,ಲಕ್ಷ್ಮಿ ಇನ್ವೆಸ್ಟ್‌ಮೆಂಟ್ಸ್ ಪ್ರೈವೇಟ್ ಲಿಮಿಟೆಡ್,"No.58, 7Th Main Road, Lakshman Nagar Hegganahalli, Vishwaneedam Post, Bangalore, Karnataka","Bangalore, KA, Bengaluru, No.58",0.8286,0.9089,0.1429,0.2,0.2143,state_acronym_or_short_address
S1-389266667,S2-210335414,India,Al Enterprises Private Limited,അൽ എന്റർപ്രൈസസ് പ്രൈവറ്റ് ലിമിറ്റഡ്,"T C 82/3934[1], Zephyr, Madhrubhoomi Road, Thiruvananthapuram, Thiruvananthapuram, Trivandrum, Kerala","639. T C 82/3934[1], TRIVANDRUM, GRANDHASALA  VANCHIYOOR, കേരളം",0.6667,0.8685,0.1429,0.3617,0.4,indic_phonetic_distance
S1-225776255,S2-982281480,India,Jay Systems Private Limited,ஜெய் சிஸ்டம்ஸ் பிரைவேட் லிமிடெட்,"921, Tamil Nadu, Chennai, 13Th, Main Road Anna Nagar, West Chennai, Chennai","DOOR NO 770  921, CHENNAI, TAMILNADU, தமிழ்நாடு",0.6667,0.8068,0.0,0.2609,0.1333,indic_phonetic_distance
S1-964547597,S3-106410021,US,Desert Biosciences LLC,Desert LLC Services,"Town Of Oak Grove, WI, 2206 24th Avenue","2184 24st Ave, RICE LAKE, Wisconsin",0.4545,0.8543,0.5,0.1892,0.0,address_token_displacement
S1-758279254,S3-114874752,US,Nexum LLC,Neanxfum LLC,"50537 Newberry Avenue, Kenai Peninsula Borough, AK","0537 Newberry Ave, Kenai, Alaska",0.75,0.9333,0.3333,0.5625,0.2,other_residual
S1-341231428,S3-656093679,India,Good Investment Private Limited,गुड इन्वेस्टमेंट प्राइवेट लिमिटेड,"C-81, Shiv Gali, Kotla Mubarakpur, New Delhi, South Delhi, Delhi","C-8-1, South Delhi, South East, दिल्ली",0.8065,0.8867,0.1429,0.4237,0.2308,indic_phonetic_distance
S1-860935892,S3-43821668,India,Silver Tech Limited,सिल्वर टेक लिमिटेड,"Unit No. 401 & 402, Opal Square, Plot No. C-1, Midc, Wagle Industrial Estate, Road No. 1, Thane, Thane, Maharashtra","#280 Unet No. 401 & 402, Thane, MH",0.8421,0.8942,0.2,0.2264,0.25,other_residual
S1-743777524,S2-54241935,India,Royal Technology Private Limited,रॉयल टेक्नोलॉजी प्राइवेट लिमिटेड,"B-67, Flat-602, Sector-1 Shanti Nagar, Mira Road (East), Thane, Maharashtra","महाराष्ट्र, THANE, B-67, THANE",0.75,0.8711,0.1429,0.2353,0.2143,indic_phonetic_distance
S1-210311995,S3-815111860,India,Future Global Private Limited,फ्यूचर ग्लोबल प्राइवेट लिमिटेड,"Maharashtra, 712, Mumbai City, Mumbai, Tulsiani Chambers, 212, Free Press Journal Marg, Nariman Point","Mumbai City, MH, 712",0.6897,0.756,0.1429,0.1809,0.2143,state_acronym_or_short_address
S1-812438706,S2-210527227,India,Modern Investments LLP,মডার্ন ইনভেস্টমেন্টস এলএলপি,"West Bengal, 86/4, Howrah, Biplabi Ullaskar Dutta Road P.O- Baghajatin, P.S-Patuli, Kolkata, Kolkata","086/4, HOWRAH, KOLKATA, পশ্চিমবঙ্গ",0.72,0.8077,0.0,0.2258,0.1765,indic_phonetic_distance
S1-89839880,S3-641392230,India,My Energy Pvt Ltd,myenergy.com,"205, Shree Amar Heights, E-10, Nirman Nagar, Jaipur, Rajasthan","05, Jaipur, RJ",0.5294,0.6487,0.0,0.2105,0.0833,state_acronym_or_short_address
S1-154527537,S3-633930411,India,Tirupati Constructions Private Limited,తిరుపతి కన్‌స్ట్రక్షన్స్ ప్రైవేట్ లిమిటెడ్,"Plot No.195A, Road No.13 Jubilee Hills, Hyderabad, Telangana","No 95A, Hyderabad, TG",0.7105,0.8664,0.1429,0.3333,0.1818,indic_phonetic_distance
S1-958515461,S2-826643271,India,Sunrise Foundation,सनराइज फाउंडेशन,"216, Kohinoor Arcade, 2Nd Floor Tilak Chowk, Mumbai Pune Road, Nigdi, Pune, Maharashtra","216, PUNE, महाराष्ट्र",0.3333,0.6602,0.0,0.2099,0.1538,severe_name_typo_or_corruption
S1-710989481,S2-188161919,India,White Industries Pvt Ltd,व्हाइट इंडस्ट्रीज प्रा. लि.,"Dream Apartments, Plot No.14 Sector 22, Dwarka, New Delhi, C 803, Delhi","H.NO 728 C 803, NULL, DELHI, NEW DELHI, Delhi",0.5417,0.75,0.0,0.3485,0.3333,indic_phonetic_distance
S1-859043879,S2-86461114,India,Alpha It Private Limited,ஆல்ஃபா ஐடி பிரைவேட் லிமிடெட்,"Plot No.49, Chinnasamy Nagar, Periya Mathur, Chennai, Tamil Nadu","POLT NO.49, MADRAS, CHENNAI, Tamil Nadu",0.6667,0.8435,0.0,0.5333,0.4167,indic_phonetic_distance
S1-17997279,S2-817025522,India,Jay Food Private Limited,Shri Jay For  Private Limited,"No. 399, Ii Floor, 14Th Cross, Ii Block, Viswapriya Layout, Begur, Bangalore South, Bangalore, Karnataka",,0.75,0.7644,0.5,0.0,0.0,missing_target_address
S1-93692431,S2-331996962,India,Future Foundation Limited,फ्यूचर फाउंडेशन लिमिटेड,"202, Dheeraj Devika, 23-C Hill Road, Bandra West, Mumbai, Mumbai City, Maharashtra","202, MUMBAI CITY, <NULL>, Maharashtra",0.48,0.6647,0.2,0.3158,0.3077,severe_name_typo_or_corruption
S1-409934425,S3-116703083,India,New Media Private Limited,न्यू मीडिया प्राइवेट लिमिटेड,"20Th Floor, Wework Oberoi Commerz Ii, Cts No. 95, 4 B 3 & 4 590, Off Western Express Highway, Oberoi Garden City, Goregaon East, Mumbai, Maharashtra","50Th Floor, Goregaon East, Mumbai, महाराष्ट्र",0.7308,0.8633,0.1429,0.2766,0.1538,indic_phonetic_distance
S1-88833811,S2-819207964,India,Jay City Builders,जय सिटी बिल्डर्स,"Delhi, Ohini, 311, Delhi, 3Rd Floor, Vikas Surya Shopping Mall Plot No.18, Sector-03, Mangalam Place, R","311, DELHI, दिल्ली",0.7059,0.8439,0.0,0.1474,0.1111,indic_phonetic_distance
S1-183974782,S3-338009903,India,Royal Services Limited,रॉयल सर्विसेज लिमिटेड,"Unit-126, First Floor, Vipul Business Park, Sector-48, Sohan Road, Gurgaon, Haryana","Unit-26, Gurgaon, HR",0.8182,0.8951,0.2,0.2338,0.1333,state_acronym_or_short_address
S1-879449750,S3-317908687,US,Federal Intelligent LLC,Federal LLC Services Enterprises,"718 Marston Road, Gardiner, ME",,0.4062,0.6891,0.4,0.0,0.0,missing_target_address
S1-147900157,S2-530215789,India,Al Sun Trading Private Limited,అల్ సన్ ట్రేడింగ్ ప్రైవేట్ లిమిటెడ్,"Plot No. 1, Sy No. 23 Abdullapurmet, Hyderabad, Telangana","PLTO NO. 1, N/A, HYDERABAD, RANGAREDDY DIST, Telangana",0.8,0.9144,0.25,0.4423,0.3077,other_residual
S1-308907389,S2-308179710,India,One Swastik Energy Private Limited,ਵਨ ਸਵਾਸਤਿਕ ਐਨਰਜੀ ਪ੍ਰਾਈਵੇਟ ਲਿਮਟਿਡ,"F-117, Phase-7 Industrial Area, Mohali, Punjab","F-117/9, MOHALI, ਪੰਜਾਬ",0.6176,0.7693,0.0,0.4186,0.3,indic_phonetic_distance
S1-718260051,S3-539155318,US,Continental Charities,Continental Service Trading,"391 Dean Street, Coquille, OR",,0.5556,0.9086,0.25,0.0,0.0,missing_target_address
S1-192743276,S3-685645496,India,Sai Media Private Limited,साईं मीडिया प्राइवेट लिमिटेड,"F-07, Ist Floor, Abhishek Plaza, Plot No-16 Lsc, Pocket-B, Mayur Vihar, Phase-Ii, Delhi, New Delhi, Delhi","F-07, Delhi, East Delhi, दिल्ली",0.7778,0.9161,0.1429,0.2396,0.15,indic_phonetic_distance
S1-878252611,S3-552202953,India,Sun Infrastructure Private Limited,સન ઇન્ફ્રાસ્ટ્રક્ચર પ્રાઇવેટ લિમિટેડ,"Office No- A- 102, First Floor, Ganesh Glory 11, Off S G Highway, Jagatpur, Ahmedabad, Gujarat","Office No- A- 102, Ahmedabad, GJ",0.7059,0.8109,0.1429,0.3256,0.2941,indic_phonetic_distance
S1-521017362,S3-600399091,India,Universal Estate Private Limited,યુનિવર્સલ એસ્ટેટ પ્રાઇવેટ લિમિટેડ,"A/5, Madhav Bunglows, Nr Suryadeep Bunglow B/H Badshah Villa Farm, Thaltej-Shilaj Rd, Ahmedabad, Gujarat","A/5, Ahmedabad, GJ",0.75,0.8312,0.1429,0.1616,0.1667,state_acronym_or_short_address
S1-430221659,S2-995802745,India,Arihant Investment Private Limited,ಅರಿಹಂತ್ ಇನ್ವೆಸ್ಟ್‌ಮೆಂಟ್ ಪ್ರೈವೇಟ್ ಲಿಮಿಟೆಡ್,"F-7, Sai Madhura Swarnnima, 5Th Cross, Venkatadri Layout, Panduranga Nagar, Bangalore, Karnataka","Karnataka, F-7, BANGALORE, null",0.8235,0.9315,0.1429,0.2333,0.2857,indic_phonetic_distance
S1-168000012,S2-565309382,India,Jay Bombay Enterprises Private Limited,ಜಯ್ ಬಾಂಬೆ ಎಂಟರ್‌ಪ್ರೈಸಸ್ ಪ್ರೈವೇಟ್ ಲಿಮಿಟೆಡ್,"Ist Floor, # 438, 27Th Main, 13Th Cross Sector - 1, Hsr Layout, Karnataka, Bangalore, Bengaluru, 677","#991 677, BANGALORE, BENGALURU, Karnataka",0.7105,0.8628,0.1111,0.2273,0.25,indic_phonetic_distance
S1-596469743,S2-934872875,India,Golden Investments,ഗോൾഡൻ ഇൻവെസ്റ്റ്മെന്റ്സ്,"Building No 4, 1981 2Nd Floor, Anjikath Lane, Near Vallathol Junction, Ernakulam, Kerala","BUILDING NO ##4, KOCHI REGION, ERNAKULAM, കേരളം",0.7778,0.88,0.0,0.4337,0.25,indic_phonetic_distance
S1-140207929,S2-102704892,India,Perfect Finance Private Limited,પરફેક્ટ ફાઇનાન્સ પ્રાઇવેટ લિમિટેડ,"Surat, No. 5, Gujarat, New Adajan, Shyamal Bunglows, Nr. Tgb Restaurant L. P. Savani School Road","5, VADODARA, NEW ADAJAN, ગુજરાત",0.625,0.7683,0.1429,0.2414,0.1667,indic_phonetic_distance
S1-119811850,S3-577727462,India,All Producer Private Limited,ऑल प्रोड्यूसर Private Limited,"A Bda, Complex, Bhopal, Flat No. 505, Madhya Pradesh, Huzur","0505, Huzur, Bhopal, MP",0.8214,0.7765,0.3333,0.2075,0.1667,state_acronym_or_short_address
S1-830195415,S2-403287722,US,"Pediatric Specialists, LLC","Pediatric 5pecialists, LLC","188 Whittlesey Avenue, Wallingford, CT",,0.96,0.9423,0.5,0.0,0.0,missing_target_address
S1-292680829,S3-907578527,India,(india) Jhaveri Factory Private Limited,Drexveo,"62/2-1, 8 Main, Malleswaram, 132, Embassy Heritage, Bangalore North, Bangalore, Karnataka","9-62/2-1, Bengaluru, Bangalore, ಕರ್ನಾಟಕ",0.1081,0.5498,0.0,0.3537,0.2667,name_acronym_or_extreme_truncation
S1-151172058,S2-492711351,India,East Marketing Private Limited,ईस्ट मार्केटिंग प्राइवेट लिमिटेड,"A-25, 2Nd Floor, Aristocrate, Mogra Village Road, Andheri East, Mumbai, Mumbai City, Maharashtra","A-025, N/A, MUMBAI, MUMBAI CITY, Maharashtra",0.8,0.8202,0.1429,0.427,0.2667,indic_phonetic_distance
S1-741350861,S2-182740151,India,Perfect Classic Consulting,परफेक्ट क्लासिक कंसल्टिंग,"Maharashtra, Ground Floor, Mumbai City, Mumbai, Dinanath Apartments M G Road, Dahanukar Wadi, Kandivali West","GOUND FLOOR, MUMBAI CITY, महाराष्ट्र",0.5385,0.6986,0.0,0.2941,0.1875,severe_name_typo_or_corruption
S1-468510336,S3-649931379,India,Creative Infrastructure Private Limited,ক্রিয়েটিভ ইনফ্রাস্ট্রাকচার প্রাইভেট লিমিটেড,"P-43, Rabindra Sarani 1St Floor, Kolkata, Howrah, West Bengal","#336 P-43, Kolkata, Howrah, WB",0.5476,0.6723,0.125,0.3684,0.3333,severe_name_typo_or_corruption
S1-60775369,S2-810777474,US,Pediatric Dentistry Care LLC,PEDIATRIC CARE LLC CENTER Enterprises,"41 Keene Road, Chester, ME",,0.3784,0.8512,0.5,0.0,0.0,missing_target_address
S1-974397583,S3-588730169,India,Eastern Tech Private Limited,easterntech.com,"Khno- 821, Loni Ghaziabad, Ghaziabad, Uttar Pradesh","Khno- B3/821, Banda, UP",0.4643,0.8354,0.0,0.2766,0.2222,state_acronym_or_short_address
S1-361570703,S2-134315445,India,Dynamic Global Private Limited,डायनामिक ग्लोबल प्राइवेट लिमिटेड,"Khasra No. 33/9/12, Main Bawana Road, Same Pur Near Amar Jyoti Colony. Opp. Sector-17, Rohini, Delhi, North Delhi, Delhi","NO 33/9/12, DELHI, PEHLADPUR BANGER, Delhi",0.8,0.8972,0.1429,0.2523,0.2273,indic_phonetic_distance
S1-994017477,S2-522168286,India,South Systems Private Limited,साउथ सिस्टम्स प्राइवेट लिमिटेड,"House No. 92, Sector 29 Tehsil Dadri, Noida, Uttar Pradesh","HOUSE NO. 92, NOIDA, NOIDA II SECTOR SIXTY THREE, उत्तर प्रदेश",0.7931,0.8898,0.1429,0.4643,0.3333,indic_phonetic_distance
S1-45429674,S3-93775478,India,One Business Private Limited,वन बिजनेस प्राइवेट लिमिटेड,"B.No.11, Flat No.1133, Vijay Nagari Ghodbunder Road, Thane, Maharashtra","B.no.11, Mumbai Thane, महाराष्ट्र",0.6786,0.7834,0.1429,0.3731,0.3077,indic_phonetic_distance
S1-388992286,S2-854203026,India,Krishna Marketing Limited,कृष्णा मार्केटिंग लिमिटेड,"Old No-803/3 Second And Third Floor Arjun Nagar, Kotla Mubarak Pur, Delhi, 7, New Delhi, South Delhi","SOUTH DELHI, 7, Delhi, NEW DELHI",0.88,0.8837,0.2,0.2632,0.2353,other_residual
S1-321511020,S2-781454953,India,Dynamic Consulting Limited,डायनामिक कंसल्टिंग लिमिटेड,"Shop No. 2, Plot No. 13 Indra Park Extn., Uttam Nagar, Delhi, West Delhi, Delhi","H.NO ##2, WEST DELHI, DELHI, दिल्ली",0.7308,0.7808,0.2,0.3521,0.2857,other_residual
S1-359184033,S2-915455016,India,Services Shree Tech Limited,Services Sbee Tech Limited,"12/666, Street Robin Cinema, Subzi Mandi, Near Clock Tower, New Delhi, North Delhi, Delhi",,0.9259,0.9535,0.6,0.0,0.0,missing_target_address
S1-409300771,S2-80433265,India,Galaxy Engineering Private Limited,கேலக்ஸி இன்ஜினியரிங் பிரைவேட் லிமிடெட்,"9/25, Avvai Street, Tmp Nagar, Padi, Chennai-50 Padi, Chennai-50, Padi, Chennai-50, Chennai, Tamil Nadu","9/25, CHENNAI-50, TIRUVALLUR, Tamil Nadu",0.5588,0.6769,0.0,0.3085,0.5,severe_name_typo_or_corruption
S1-944413854,S2-193863709,India,Laxmi Engineering Private Limited,लक्ष्मी इंजीनियरिंग प्राइवेट लिमिटेड,"Maharashtra, 3Rd Floor-5, Mumbai City, Plot-39 Marine Chambers Thackarsey Marg, New Marine Lines, Churc, Hgate, Mumbai","3RD FLOOR-5, MUMBAI CITY, MUMBAI, Maharashtra",0.6667,0.7585,0.1429,0.3333,0.375,indic_phonetic_distance
S1-942481365,S3-905624887,India,Shyam Marketing Private Limited,শ্যাম মার্কেটিং প্রাইভেট লিমিটেড,"5, Prafulla Sarkar Street, (Opp. Anand Bazar Patrika), Kolkata, Howrah, West Bengal","5, Kolkata, WB",0.7419,0.8868,0.1429,0.16,0.1538,state_acronym_or_short_address
S1-991625422,S3-30030265,India,City Energy Private Limited,সিটি এনার্জি প্রাইভেট লিমিটেড,"P-41/1, C.I.T Road Vii M, Kolkata, Howrah, West Bengal","Kolkata, Howrah, WB, #387 P-41/1",0.6429,0.7156,0.1429,0.3,0.3333,other_residual
S1-944662550,S2-837604250,US,Scholarship Center,Scho1arship Center Inc.,"159 Hilltop Drive, Lake In The Hills, IL",,0.7727,0.9434,0.25,0.0,0.0,missing_target_address
S1-138768136,S2-466221314,India,Big Systems,ಬಿಗ್ ಸಿಸ್ಟಮ್ಸ್,"#86, 1St D Main Road, Near Ayurvedic Hospital Binny Layout, Vijaynagar, Bangalore, Bangalore Rural, Karnataka","#84, BANGALORE, NAGARABAVI, Karnataka",0.8182,0.9436,0.3333,0.2549,0.125,address_token_displacement
S1-803092903,S2-815035085,India,Premier Real Solutions Private Limited,प्रीमियर रियल सॉल्यूशंस प्राइवेट लिमिटेड,"Office No. 601 B, S No 207, Phoenix East Court, Pune, Maharashtra","OFFICE NO. 60 B, PUNE, महाराष्ट्र",0.6842,0.8388,0.1111,0.4667,0.3077,indic_phonetic_distance
S1-101196293,S3-616251907,India,New Properties LLP,newproperties.com,"547B, 4Th Phase, Peenya Indsustrial Area, Bangalore, Karnataka","5-47B, Bangalore, KA",0.7778,0.907,0.0,0.2759,0.0909,state_acronym_or_short_address
S1-768118303,S2-547762359,India,Shakti Care Pvt Ltd,சக்தி கேர் பிரைவேட் லிமிடெட்,"Old No 3, New No 5, Brahamdambal Street Nungambakkam, Chennai, Tamil Nadu","OLD NO 3, CHENNAI, Tamil Nadu",0.36,0.752,0.0,0.3913,0.5455,indic_phonetic_distance
S1-680113556,S3-1925816,India,United Consultancy Private Limited,यूनाइटेड कंसल्टेंसी प्राइवेट लिमिटेड,"397-Gf, Nyay Khand-Iii, Indirapuram, Distt-Ghaziabad, Ghaziabad, Uttar Pradesh","397-G, Ghaziabad, Dadri, UP",0.6176,0.7146,0.1429,0.274,0.1538,state_acronym_or_short_address
S1-716247630,S2-665749369,India,Black Developers Private Limited,ब्लैक डेवलपर्स प्राइवेट लिमिटेड,"C 55 Sector 4, Noida, Gautam Buddha Nagar, Uttar Pradesh","BLOCK G-665 C 55 SECTOR 4, GAUTHAM BUDH NAGAR, GAUTAM BUDDHA NAGAR, उत्तर प्रदेश",0.7812,0.8878,0.1429,0.5867,0.4118,indic_phonetic_distance
S1-686543770,S2-16284303,India,Shakti Healthcare Limited,शक्ति हेल्थकेयर लिमिटेड,"Maharashtra, Thane, 2Nd Floor, Sector 17, Shiv Shakti Bldg, Washi, A-9, Thane","PLOT 941- A-9, THANE, MUMBAI VASHI, Maharashtra",0.72,0.8377,0.2,0.2429,0.25,other_residual
S1-743648127,S2-110433405,US,Gulf Pearl Care,Paerl Gulf Care,"636 25th Street, Arlington County, VA","636A 25RD STREET, ARLIGNTON CITY, VA",0.3333,0.8889,0.5,0.7714,0.2,other_residual
S1-98972120,S3-799533731,India,Sky Infotech Private Limited,M/s Sky Inffhocesrlch Private Private Limited,"A 1/C, Khasra No-65/1, Village Dhargal Ghaziabad, Ghaziabad, Uttar Pradesh",,0.6,0.7193,0.4286,0.0,0.0,missing_target_address
S1-167473485,S2-260896628,US,Horizon Kogyo LLC,Horizon Kooyo  LLC,"205 Begonia Drive, Pinehurst, NC",,0.9412,0.964,0.5,0.0,0.0,missing_target_address
S1-853883900,S2-702703121,India,Classic Projects Limited,ಕ್ಲಾಸಿಕ್ ಪ್ರಾಜೆಕ್ಟ್ಸ್ ಲಿಮಿಟೆಡ್,"#10, Krishna Krupa, 7Th Cross, J Block, Koramangala 3Rd Bloc, K, Bangalore, Karnataka","#10, BANGALORE, BENGALURU URBAN, Karnataka",0.7917,0.8024,0.2,0.3506,0.2,other_residual
S1-849546759,S3-392660230,India,Premier Foods LLP,ಪ್ರೀಮಿಯರ್ ಫುಡ್ಸ್ ಎಲ್ಎಲ್‌ಪಿ,"No 123, Yeshashwini Layout, Manachanahalli Attibele Hobli, Mayasandra Post, Bengaluru, Bangalore, Karnataka","123, Bangalore, KA",0.6,0.7824,0.0,0.1584,0.1538,state_acronym_or_short_address
S1-87831212,S3-586860478,US,Behavioral Health Associates LLC,Behavioral Health Associates [L.L.C.],"Fergus Falls, 102 N Lakeside Dr, MN",,0.9412,0.9882,0.5,0.0,0.0,missing_target_address
S1-266803735,S3-348346764,India,Sky Technology LLP,Sky  Techn0logy LLP,"B-2/64, Vibhuti Khand Gomti Nagar, Lucknow, Uttar Pradesh","B-2/64, Lucknow, UP",0.9444,0.966,0.5,0.3148,0.3636,state_acronym_or_short_address
S1-622561153,S2-728317358,India,Ss Food,एसएस फूड,"B-13, Basement, Motinagar, Central Delhi, Delhi","REWARI, B-13, दिल्ली, CENTRAL DELHI",0.4444,0.672,0.0,0.3721,0.5,severe_name_typo_or_corruption
S1-692867793,S3-564014361,India,Bangalore South Agro Private Limited,Bangalore Seth Agro Private Limited,"No.1838, A Block, Aecs Layout, Singasandra, Bommanahalli, Bangalore South, Bangalore, Karnataka",,0.9444,0.9361,0.6667,0.0,0.0,missing_target_address
S1-335166392,S3-852519257,India,South Agro Pvt Ltd,साउथ एग्रो प्रा. लि.,"Se-146, Jaipuria Sunrise Plaza, Ahinsa Khand-1 Indirapuram, Ghaziabad, Uttar Pradesh","Se-146, Ghaziabad, उत्तर प्रदेश",0.6667,0.7999,0.0,0.3375,0.2143,indic_phonetic_distance
S1-925076609,S2-383664377,US,Physical Therapy Partners,physicaltherapypartners.com,"822 Janice Street, Grandview Plaza, KS","822 JACICE ST, JUNCTION CITY DP, KS",0.7778,0.9364,0.0,0.5,0.1818,other_residual
S1-493097333,S2-153215879,India,Great Marketing Pvt Ltd,ग्रेट मार्केटिंग प्रा. लि.,"G-2, Empire Business Centre, Empire Complex, G-2, Empi414 Senapati Bapat Marg, Near Shreeniwas Mill, Delisle Road, Mumbai, Maharashtra","G-2, KARJATH, MUMBAI, Maharashtra",0.7391,0.8382,0.0,0.2143,0.2222,indic_phonetic_distance
S1-28505298,S3-303040655,India,Super Constructions Limited,सुपर कंस्ट्रक्शंस लिमिटेड,"Flat No. 62, Block B-11 Sector 18, Rohini, New Delhi, West Delhi, Delhi","H.no 62, New Delhi, West Delhi, दिल्ली",0.6296,0.8194,0.2,0.4769,0.3571,other_residual
S1-314355267,S2-690422019,India,Indian Industries Private Limited,इंडियन इंडस्ट्रीज प्राइवेट लिमिटेड,"A-2/9-A, Dda Flats Inderlok, Delhi, North West, Delhi","PLOT 220 A-2/9-A, DELHI, NORTH WEST, दिल्ली",0.7273,0.7734,0.1429,0.5102,0.5,indic_phonetic_distance
S1-375282755,S3-682198033,India,All Technology,ऑल टेक्नोलॉजी,"001, Damini Apartment, Juhu Tara Road, Juhu Vile Parle West, Mumbai, Mumbai City, Maharashtra","001, Mumbai City, MH",0.5714,0.621,0.0,0.2069,0.2308,state_acronym_or_short_address
S1-229967833,S3-183383636,US,ST Automotive,ST Autgolotie,"4414 Mallory Lane, Wichita Falls, TX",,0.7692,0.9385,0.3333,0.0,0.0,missing_target_address
S1-668558357,S3-237554272,India,Shiva Krishna Constructions Pvt Ltd,शिवा कृष्णा कंस्ट्रक्शंस प्रा. लि.,"F-15, Second Floor Vatsalya Chambers On Sapna Sangeeta Road, Indore, Madhya Pradesh","F-d/15, Indore, MP",0.5429,0.7487,0.0,0.175,0.2,state_acronym_or_short_address
S1-868967557,S2-897810118,India,New United Construction Pvt Ltd,न्यू यूनाइटेड कंस्ट्रक्शन प्रा. लि.,"H No.- 46, First Floor, Block - C Pkt 5 Sec 5, Rohini, Delhi, North West, Delhi","HN 548- H NO.- 46, NORTH WEST, DELHI",0.4839,0.6761,0.0,0.3623,0.375,severe_name_typo_or_corruption
S1-350939226,S3-927530835,India,Jai North Logistics,जय नॉर्थ लॉजिस्टिक्स,"Unit No.3, Ground Floor, Kangra Bhavan, Dr. A.B. Road, Opp.Poddar Hospital, Worli, Mumbai, Maharashtra","Unit No.3, Mumbai Ii, Mumbai, महाराष्ट्र",0.7895,0.8868,0.2,0.3441,0.2105,other_residual
S1-230131285,S3-604835879,India,Green Food,Green Fdsood,"Jalandhar - I, Jalandhar, 144, Punjab, Hardyal Nagar",,0.8333,0.9467,0.3333,0.0,0.0,missing_target_address
S1-446060879,S2-675378095,India,Classic Green Properties Pvt Ltd,ಕ್ಲಾಸಿಕ್ ಗ್ರೀನ್ ಪ್ರಾಪರ್ಟೀಸ್ ಪ್ರೈವೇಟ್ ಲಿಮಿಟೆಡ್,"Revenue Layout, Basapura Main Rd, Begur, 17/4, Bangalore South, Karnataka, Bangalore","17/4, BANGALORE SOUTH, BANGALORE, ಕರ್ನಾಟಕ",0.5556,0.7039,0.0,0.3333,0.3333,other_residual
S1-558397189,S3-1958949,India,High Producer Private Limited,ಹೈ ಪ್ರೊಡ್ಯೂಸರ್ ಪ್ರೈವೇಟ್ ಲಿಮಿಟೆಡ್,"No 32/1, M Anjinappa Main, Road, Kothanoor Village, Bangalore North, Bangalore, Karnataka","#32/1, Bangalore, KA",0.6897,0.8545,0.1429,0.2048,0.2308,state_acronym_or_short_address
S1-504932091,S3-107818230,India,Pioneer Products Private Limited,पायोनियर प्रोडक्ट्स प्राइवेट लिमिटेड,"A-1, South Extension, Ring Road, New Delhi, South Delhi, Delhi","#212 A-1, New Delhi, South Delhi, DL",0.7188,0.8821,0.1429,0.4912,0.5,indic_phonetic_distance
S1-269719138,S2-96774753,US,Anchor Earth,Anchor Partners,"5426 Avondale Drive, Sugar Land, TX",,0.6667,0.8936,0.3333,0.0,0.0,missing_target_address
S1-474461235,S3-731169472,India,Jain Hospitality Private Limited,जैन हॉस्पिटैलिटी प्राइवेट लिमिटेड,"A 201, Level 2, Marathon Nextgen Innova, Ganpatrao Kadam Marg, Lower Parel West, Mumbai, Maharashtra","00730 A 201, Mumbai, महाराष्ट्र",0.8485,0.9365,0.3333,0.2128,0.1765,other_residual
S1-688527943,S2-773604711,India,Indus Buildcon Private Limited,INDUS PRIVATE LIMITED SERVICES,"Gautam Buddha Nagar, Noida, Sector-33, Gautam Budh Nagar, A-88, Uttar Pradesh",,0.4,0.8371,0.6,0.0,0.0,missing_target_address
S1-225489886,S3-770994780,India,Life Global Private Limited,ਲਾਈਫ਼ ਗਲੋਬਲ ਪ੍ਰਾਈਵੇਟ ਲਿਮਟਿਡ,"Cabin No. 32, Mohali, Punjab, Mohali, 3Rd Floor, E-252, Industrial Area, Phase 8-B","Cabin No. 32, Erode, Mohali, PB",0.6667,0.8436,0.0,0.2973,0.25,indic_phonetic_distance
S1-817345708,S2-237565820,India,Life Industries Private Limited,लाइफ इंडस्ट्रीज प्राइवेट लिमिटेड,"New Delhi, East Delhi, Delhi, C-595, Defence Colony Delhi","FARRUKHNAGAR, 718 C-595, Delhi, NEW DELHI",0.6774,0.7839,0.1429,0.3585,0.4444,indic_phonetic_distance
S1-768994354,S2-640900698,India,Digital Developers Private Limited,ડિજિટલ ડેવલપર્સ પ્રાઇવેટ લિમિટેડ,"Shop No. 25, Orchid Centre, Opp. Safal Parisar - Ii Nr. Sobo Center, South Bopal, Bopal, Ahmedabad, Gujarat","25, AHMEDABAD, Gujarat",0.7647,0.8416,0.1429,0.2083,0.1875,indic_phonetic_distance
S1-731719755,S2-902817916,US,Coastal Fund LLC,Coastal Fgu LLC,"320 Prairie Way, Bayport, MN",,0.8125,0.9617,0.5,0.0,0.0,missing_target_address
S1-94342147,S2-236693030,India,Indo All Healthcare Private Limited,ઇન્ડો ઓલ હેલ્થકેર પ્રાઇવેટ લિમિટેડ,"Unit No. 4, Office No. 01, Desk No. 06 Wing 1 Gift Aspire 2, Block 12, Zone -1, Gift City Gandhinagar, Gandhinagar, Gandhi Nagar, Gujarat","UNIT NO. #4, GANDHI NAGAR, Gujarat",0.7429,0.8989,0.25,0.24,0.3,other_residual
S1-885900587,S3-477304163,India,Kolkata Services Private Limited,Kolkata Services Private Ltd Trading,"Regent House, 1St Floor, 12, Government Place East, Kolkata, Kolkata, Howrah, West Bengal",,0.7778,0.9355,0.5,0.0,0.0,missing_target_address
S1-710829842,S3-384036687,India,Unique Hospitality Private Limited,ಯುನೀಕ್ ಹಾಸ್ಪಿಟಾಲಿಟಿ ಪ್ರೈವೇಟ್ ಲಿಮಿಟೆಡ್,"No.16, 1St Cross, 1St Main Sampige Layout, Bangalore, Karnataka","No.16, Bangalore, ಕರ್ನಾಟಕ",0.7353,0.7956,0.1429,0.3729,0.3,indic_phonetic_distance
S1-508196094,S3-44256341,India,Perfect Hospitality Private Limited,M/s Perfect Hosipality Private Limited,"W/O Santi Sarup C-68 Defence Colony, Uttar Pradesh, Meerut",,0.8421,0.8377,0.4286,0.0,0.0,missing_target_address
S1-494180931,S2-445306068,US,Smith Capital LLC,Smith LLC Services,"16711 Silver Sky Lane, Houston, TX",,0.3333,0.8412,0.5,0.0,0.0,missing_target_address
S1-714700532,S3-427559677,India,Premier Management,Premier Sérvices,"C/O Kuldeep Chand K.No-2, Street-4, Sadhu Nagar, Derabassi, Mohali, Punjab",,0.5,0.8361,0.3333,0.0,0.0,missing_target_address
S1-116012598,S2-57036677,India,Sai Products Private Limited,साईं प्रोडक्ट्स प्राइवेट लिमिटेड,"A-10, B-1, Mohan Co-Operative Society Mohan Co-Operative Industrial Estate Ltd, Badarpur, Delhi, South Delhi, Delhi","A-#10, DELHI, SOUTH DELHI, दिल्ली",0.7857,0.9487,0.1429,0.2385,0.2667,indic_phonetic_distance
S1-451917816,S3-674142415,India,Ss Business Private Limited,एसएस बिजनेस प्राइवेट लिमिटेड,"B 164, Sector 92, Noida, Gautam Buddha Nagar, Uttar Pradesh","B 164, Noida, UP",0.6667,0.8009,0.1429,0.2545,0.2727,state_acronym_or_short_address
S1-435016685,S3-334576565,India,Creative Construction Private Limited,क्रिएटिव Construction प्राइवेट लिमिटेड,"Maharashtra, Flat No. 11, Deodatta Co-Op. Hsg. Society Ltd., Ambad Link Road, Cidco, Nashik, Nashik","Flat No. 11, Nashik, Saikheda, महाराष्ट्र",0.8108,0.8662,0.3333,0.2584,0.2353,other_residual
S1-853488242,S3-894317109,US,Modern Printing Services Inc,modernprintingservicescom,"116 72nd Street, Springfield, OR","116D 72th Street, Springfield, Oregon",0.7857,0.9483,0.0,0.8,0.25,other_residual
S1-276207741,S2-46479435,India,Green Balaji Agro Limited,গ্রীন বালাজি অ্যাগ্রো লিমিটেড,"9, Parsi Church Street, Kolkata, Kolkata, Howrah, West Bengal","9, HOWRAH, West Bengal",0.8462,0.8435,0.3333,0.3571,0.5,other_residual
S1-763394488,S2-375386308,India,Sree Developers Private Limited,Sree Private Limited Services,"No.8 First Floor, Velmurugan Street, Choolaipallam Mgr Nagar, Chennai City Corporation, Chennai, Tamil Nadu",,0.3548,0.8778,0.6,0.0,0.0,missing_target_address
S1-714592951,S3-193530489,India,Blue South Impex Private Limited,ब्लू साउथ इम्पेक्स प्राइवेट लिमिटेड,"Shop No 47, 1St Floor, Citi Mall, Ward No :K/West, New Link Road, Near Infiniti Mall, Andhe, Ri West, Mumbai, Mumbai City, Maharashtra","Shop No 48, Mumbai, MH",0.7812,0.8677,0.1111,0.1545,0.1364,state_acronym_or_short_address
S1-17526007,S2-944137398,India,Swastik Infra Limited,स्वस्तिक इंफ्रा लिमिटेड,"5A First Floor Office No 3 Opp Fire Station, Main Mkt Madanpur Khadar Sarita Vihar, South Delhi, Delhi, India, New Delhi, South Delhi, Delhi","FIRST FLOOR OFFICE NO 3 OPP FIRE STATION, SOUTH EAST DELH, दिल्ली",0.7619,0.8328,0.2,0.4511,0.4091,other_residual
S1-891772447,S2-194756237,India,Dream Impex Limited,ड्रीम इम्पेक्स लिमिटेड,"Shop No 5, Dinar Bldg 20, Station Rd, Op. City Plaza, Mumbai, Maharashtra","#5, <NULL>, BOMBAY, MUMBAI, महाराष्ट्र",0.7895,0.8991,0.2,0.3433,0.125,address_token_displacement
S1-206677756,S3-970038748,India,Green Systems,ગ્રીન સિસ્ટમ્સ,"42, Vijaypark Society, Opp Madhuvan Park Gor No Kuvo, Kans Bus Stop, Maninagar, Ahmedabad, Gujarat","42, Ahmedabad, GJ",0.6923,0.8695,0.0,0.163,0.125,state_acronym_or_short_address
S1-469851703,S3-41216098,India,Royal Vision Enterprises Limited,रॉयल विजन एंटरप्राइजेज लिमिटेड,"21, Dadu Colony, Near Vikash Public School, Bus Depot Link Road, Jaipur, Rajasthan","RJ, Jaipur, Jhalawar, #21",0.7188,0.8234,0.1429,0.1558,0.1333,state_acronym_or_short_address
S1-500923945,S3-118194757,India,Sree Properties Private Limited,শ্রী প্রপার্টিজ প্রাইভেট লিমিটেড,"7A Bentick Street, 2Nd Floor Room No 216, Kolkata, Kolkata, Howrah, West Bengal","Bentick Street, Howrah, পশ্চিমবঙ্গ",0.6452,0.8271,0.1429,0.3378,0.2308,indic_phonetic_distance
S1-514011355,S2-138637620,India,North Global Pvt Ltd,நார்த் குளோபல் பிரைவேட் லிமிடெட்,"714 A, Phase Ii, 7Th Floor, Spencer Plaza, Mount Road, Chennai, Tamil Nadu","714 A, CHENNAI, தமிழ்நாடு",0.4286,0.7457,0.0,0.3088,0.2143,other_residual
S1-246843007,S2-734006975,India,Sunrise Foods Private Limited,सनराइज फूड्स प्राइवेट लिमिटेड,"C-7, Sheetal Chaya Chs Sheetal Nagar, Opp. Ganesh Mandir, Mira Road, Thane, Maharashtra","C-B3/7, THANE, MIRA ROAD, महाराष्ट्र",0.6552,0.7929,0.1429,0.3333,0.3333,indic_phonetic_distance
S1-907452520,S2-604187649,India,Urban Infra,അർബൻ ഇൻഫ്ര,"1St Floor, Blayees Avenue Edappally Toll, Nethaji Nagar, Edapally, Ernakulam, Kerala","DOOR NO 1ST  FLOOR, ERNAKULAM, KOCHI, Kerala",0.5455,0.8008,0.0,0.2785,0.2857,indic_phonetic_distance
S1-264010053,S2-790657066,India,Jai Global Limited,जय ग्लोबल लिमिटेड,"119, 1St Floor, Dlf Prime Towers, F-79-80, Okhla Industrial Area Phase-I, New Delhi, South Delhi, Delhi","119, NEW DELHI, SOUTH DELHI, दिल्ली",0.8333,0.8313,0.2,0.3021,0.2222,other_residual
S1-515236542,S2-774081293,India,Bharat Projects Limited,भारत प्रोजेक्ट्स लिमिटेड,"C-2, Kali Kutir, Kautilya Nagar Near Alakhnanda Apartment, A.G.Colony, Patna, Bihar","PATNA, Bihar, RAMNAGRI MORE, C-C-2",0.913,0.9735,0.2,0.2308,0.25,other_residual
S1-346222847,S3-323719990,India,Ap Services Private Limited,Ap Srdvices Private Limited,"B-24, Jodhpur, Rajasthan, Jodhpur, Roop Rajat Township, Bhadu Market Pal Road, Jodhpur",,0.9259,0.9083,0.6,0.0,0.0,missing_target_address
S1-941340047,S3-665913293,India,High Business Private Limited,हाई बिजनेस प्राइवेट लिमिटेड,"Block B-1, Plot B-2 Mohan Co-Operative Industrial Estate, Ma, Thura Road, New Delhi, South Delhi, Delhi","Block B-1, New Delhi, South Delhi, दिल्ली",0.6552,0.8752,0.1429,0.3608,0.3529,indic_phonetic_distance
S1-599898690,S3-924633726,US,Urban Tavern,Urban Tate,"1009 Mississippi Street, South Houston, TX",,0.75,0.93,0.3333,0.0,0.0,missing_target_address
S1-741862558,S2-847259134,India,Good Exports,गुड एक्सपोर्ट्स,"15/30, Kidwai Gali East Babar Pur, Delhi, East Delhi, Delhi","PLOT 953 15/30, DELHI",0.6667,0.7833,0.0,0.2,0.3,indic_phonetic_distance
S1-640841514,S3-225933433,India,White Consultancy Private Limited,వైట్ కన్సల్టెన్సీ ప్రైవేట్ లిమిటెడ్,"Door No.24-19-3/2, Mig-200, Vuda Colony, Vinayak Nagar, Pedagantyada, Visakhapatnam, Vishakhapatnam, Andhra Pradesh","Door No.0024-19-3/2, Vizag, Vishakhapatnam, ఆంధ్రప్రదేశ్",0.6364,0.7823,0.1429,0.4167,0.3,indic_phonetic_distance
S1-71946500,S3-427245095,India,Lotus Systems Pvt Ltd,লোটাস সিস্টেমস প্রাইভেট লিমিটেড,"Bl-A, 3-Fr, 301, 47/1.Deshpran Sashmal Road, Howrah, West Bengal","Hn 78 Bl-a, Howrah, WB",0.6,0.8733,0.0,0.2712,0.1875,indic_phonetic_distance
S1-475902695,S2-790228837,India,Shiv Indian Producer Private Limited,Shiv Indian પ્રોડ્યુસર પ્રાઇવેટ લિમિટેડ,"Sy No-41/1 To 41/5, Plot-U-L-1 R.D High Rise Aprt, Opp D. K.Park Soc, Bhatar Road, Surat, Gujarat",,0.8333,0.9425,0.4286,0.0,0.0,missing_target_address
S1-107698214,S3-477749721,India,Gujarat Healthcare Private Limited,ಗುಜರಾತ್ ಹೆಲ್ತ್‌ಕೇರ್ ಪ್ರೈವೇಟ್ ಲಿಮಿಟೆಡ್,"#150/5, Ground Floor, Swathanthra, 3Rd Cross 10Th Main, Neethravathi Extension, Malle, Shpalya, Bangalore, Karnataka","Door No C-150/5, Bangalore, ಕರ್ನಾಟಕ",0.7353,0.9016,0.1429,0.2617,0.1579,indic_phonetic_distance
S1-104785850,S2-341497964,India,Galaxy Builders,गैलेक्सी बिल्डर्स,"P-12, First Floor, Industrial Estate, Pansal Choraha, Pansal Road, Bhilwara, Rajasthan","H.NO 386 P-12, BHILWARA, राजस्थान",0.5333,0.7956,0.0,0.3,0.2,indic_phonetic_distance
S1-335166392,S2-960614583,India,South Agro Pvt Ltd,साउथ एग्रो प्रा. लि.,"Se-146, Jaipuria Sunrise Plaza, Ahinsa Khand-1 Indirapuram, Ghaziabad, Uttar Pradesh","GHAZIABAD, Uttar Pradesh, GHAZIABAD, SE-1-46",0.6667,0.7999,0.0,0.2625,0.3846,indic_phonetic_distance
S1-865649072,S3-88640432,India,Hari Services Private Limited,hariservices.com,"Telangana, Tirumalagiri, Hyderabad, Plotno133, Sriharinilayam, Vaishali Nagar, Madinaguda","#133, Medchal Malkajgiri, TG",0.4828,0.6907,0.0,0.1687,0.0,severe_name_typo_or_corruption
S1-610174747,S3-623098238,India,Hitech Foods Private Limited,hitechfoods.com,"101, Ist Floor, C 2/4 Pragati Market, Ashok Vihar Phase-2, Delhi, North West, Delhi","101/5, Delhi, North West, DL",0.4643,0.8354,0.0,0.3117,0.25,indic_phonetic_distance
S1-774639813,S3-558859650,India,Bombay Impex Private Limited,ಬಾಂಬೆ ಇಂಪೆಕ್ಸ್ ಪ್ರೈವೇಟ್ ಲಿಮಿಟೆಡ್,"No. 56, Padmashree Nilaya, Block 1, Doddabommasandra, Bangalore North, Bangalore, Karnataka","No. 56, Bengaluru, KA",0.7143,0.8037,0.1429,0.1905,0.1667,state_acronym_or_short_address
S1-94342147,S2-183205897,India,Indo All Healthcare Private Limited,ઇન્ડો ઓલ હેલ્થકેર પ્રાઇવેટ લિમિટેડ,"Unit No. 4, Office No. 01, Desk No. 06 Wing 1 Gift Aspire 2, Block 12, Zone -1, Gift City Gandhinagar, Gandhinagar, Gandhi Nagar, Gujarat","UNTI NO. #4, GANDHINAGAR, Gujarat",0.7429,0.8989,0.25,0.224,0.1905,other_residual
S1-190942442,S3-513357113,India,Swastik Infra LLP,स्वस्तिक इंफ्रा एलएलपी,"17, Floor 4, Plot No. 22, Joothica, Naushir Bharucha Marg, Grant Road, Mumbai, Mumbai City, Maharashtra","17, Mumbai, Mumbai City, MH",0.6,0.7783,0.0,0.2553,0.1875,state_acronym_or_short_address
S1-682929505,S2-80821396,India,Ace Ventures Private Limited,એસ વેન્ચર્સ પ્રાઇવેટ લિમિટેડ,"Ahmedabad, Vasupujya Bunglows Near Hasubhai Bunglows, Jodhpur, Satellite, Gujarat, Ahmedabad, 16","AHMEDABAD, HN 669 16, ગુજરાત",0.6786,0.7863,0.1429,0.2333,0.1667,indic_phonetic_distance
S1-79406644,S2-619192741,India,Pioneer Ventures Private Limited,পায়োনিয়ার ভেঞ্চারস প্রাইভেট লিমিটেড,"49, Sir Hari Ram Goenka Street, 2Nd Floor, Kolkata, Howrah, West Bengal","KOLKATA, West Bengal, <NULL>, H.NO 224 49",0.5405,0.7411,0.1111,0.2273,0.25,other_residual
S1-509408721,S2-93446131,India,Shree Ventures Private Limited,Mr Shree Veltnughis Private Limited,"219, 2Nd Floor, Sg Shopping Mall, Sector-9 Rohini, North West Delhi, Delhi, North Erst Delhi, North West, Delhi",,0.7714,0.7823,0.5,0.0,0.0,missing_target_address
S1-964576251,S2-65620648,India,Apex Technologies Private Limited,ఏపెక్స్ టెక్నాలజీస్ ప్రైవేట్ లిమిటెడ్,"Plot No. 46, Balamrai Society, Mahendrahills, East Maredpally, Secunderabad, Hyderabad, Telangana","NO #46, HYDERABAD, Telangana",0.6364,0.81,0.1429,0.2778,0.3636,indic_phonetic_distance
S1-37275391,S2-849448959,India,Star Infotech Limited,स्टार इंफोटेक लिमिटेड,"135-137, Plot 215, Free Press House, Free Press Journal Marg, Nariman Point, Mumbai, Mumbai, Maharashtra","महाराष्ट्र, NARIMAN POINT, 135-137",0.7619,0.9206,0.5,0.2062,0.2857,other_residual
S1-520941054,S2-572041171,India,Great Swastik Healthcare Limited,ग्रेट स्वस्तिक हेल्थकेयर लिमिटेड,"Room No 602, Ganesh Tower, Near Platform No1, Stn Rd, Thane, Maharashtra","ROM NO 602, NULL, THANE, NAUPADA, Maharashtra",0.75,0.9231,0.1429,0.4925,0.2667,indic_phonetic_distance
S1-748993376,S3-865331325,India,Smart Enterprises Private Limited,smartenterprises.c0m,"1-2, Lalbhai Park, Opp. Airforce Main Gate, Makarpura Road, Vadodara, Gujarat","1-2, Vadodara, GJ",0.5455,0.8224,0.0,0.2113,0.2308,state_acronym_or_short_address
S1-652226833,S3-462355353,India,Dream Industries,ड्रीम इंडस्ट्रीज,"Plot No 42/A, Gali No. 7 Kadipurenclave, Gurugram, Gurgaon, Haryana","H.no 42/A, Gurgaon, हरियाणा",0.625,0.8118,0.0,0.3548,0.3333,indic_phonetic_distance
S1-685083516,S2-625668375,India,Seven Infotech Private Limited,செவன் இன்ஃபோடெக் பிரைவேட் லிமிடெட்,"Pragadadheeshwar Apartment, Cit Nagar, First Main Road, Chennai, Chennai City Corporation, Tamil Nadu, No 50","NO 50, CHENNAI, தமிழ்நாடு",0.6333,0.7956,0.0,0.1863,0.2,indic_phonetic_distance
S1-715145027,S2-846043193,India,Dream Media Private Limited,ड्रीम मीडिया प्राइवेट लिमिटेड,"House No 224, Floor 2Nd, Hakikat Nagar, Gtb Nagar, Delhi, North West Delhi, Delhi","HOUCE NO 224, DELHI, NORTH WEST DELHI, दिल्ली",0.7407,0.8852,0.1429,0.5067,0.3846,indic_phonetic_distance
S1-361570703,S2-379150712,India,Dynamic Global Private Limited,डायनामिक ग्लोबल प्राइवेट लिमिटेड,"Khasra No. 33/9/12, Main Bawana Road, Same Pur Near Amar Jyoti Colony. Opp. Sector-17, Rohini, Delhi, North Delhi, Delhi","33/9/12, DELHI, PEHLADPUR BANGER, Delhi",0.8,0.8972,0.1429,0.2252,0.1818,indic_phonetic_distance
S1-943270787,S3-208391105,India,Lotus Media Private Limited,लोटस मीडिया प्राइवेट लिमिटेड,"1/50, 2Nd Floor, Ganga, Apartment, Laxmi Nagar, East Delhi, Delhi","1/50, East Delhi, DL",0.7778,0.9281,0.1429,0.3051,0.3636,state_acronym_or_short_address
S1-652894270,S3-755429144,India,Shakti Producer Private Limited,शक्ति प्रोड्यूसर प्राइवेट लिमिटेड,"202, Asha Dilpasand, Imperial 6/3 South Tukoganj, Indore, Madhya Pradesh","##202, Indore, MP",0.7419,0.8073,0.1429,0.1912,0.1667,state_acronym_or_short_address
S1-509442507,S2-638589651,India,Bright Infotech Private Limited,ब्राइट इंफोटेक प्राइवेट लिमिटेड,"608, Floor-6, Plot-306, Kakad Market, Kalbadevi Road, Swadeshi Market, Kalbadevi, Mumbai, Mumbai, Maharashtra","BLOCK C-291 608, MUMBAI, Maharashtra",0.6452,0.8496,0.1429,0.25,0.2,indic_phonetic_distance
S1-503447466,S3-911760674,India,New Delhi Services Limited,-- New Services Limited Center,"S-556, School Block Shakarpur, Near Baba Baqut Hall, New Delhi, East Delhi, Delhi","दिल्ली, East Delhi, New Delhi, S-00556",0.5185,0.8504,0.6,0.2632,0.2857,other_residual
S1-745302431,S3-752723733,India,Gujarat Solutions,Gujarat Center Trading,"Amar Complex Housing, Vadodara, Gujarat",,0.4545,0.6854,0.25,0.0,0.0,missing_target_address
S1-40101759,S2-33890080,US,Physical Therapy Empire Care,PHYSlCAL THERAPY EMPIRE CARE,"5022 Murray Boulevard, Unit A5, Murray, UT",,0.9643,0.9783,0.6,0.0,0.0,missing_target_address
S1-827525104,S2-671137881,India,United Consulting Limited,యునైటెడ్ కన్సల్టింగ్ లిమిటెడ్,"Telangana, First Floor, Near Elite Fitness Studio, Dullapally Road, Srinivas Colony, Kompally, Medchal- Malkajgiri, Hyderabad, Sy. No 201/A, Quthbullapur Mandal","#276 SY. NO 201/A, RANGAREDDY, HYDERABAD, తెలంగాణ",0.76,0.8616,0.2,0.2013,0.2083,other_residual
S1-651630159,S3-67799689,India,Th Foundation,Th Founeation,"Mahagun Mywoods Plot No Gh-04, Dec 16C Greater Noida, Uttar Pradesh, Gautam Buddha Nagar, Flat No 24146 Tower Aspen, Bishrakh","H.no 24146 Tower Asgen, Surajpur, Gautam Buddha Nagar, UP",0.9231,0.9692,0.3333,0.3,0.25,other_residual
S1-742068150,S2-923934096,India,Ss Constructions Pvt Ltd,एसएस कंस्ट्रक्शंस प्रा. लि.,"G - 301, Prince Appartment Plot No. 54, I. P. Extension, Delhi, East Delhi, Delhi","BLOCK D-459 G - 301, EAST DELHI, DELHI, दिल्ली",0.375,0.6071,0.0,0.338,0.25,severe_name_typo_or_corruption
S1-668318377,S3-883018174,India,Arihant Producer Private Limited,अरिहंत प्रोड्यूसर प्राइवेट लिमिटेड,"2-A/3, Second Floor (Front Side) Asaf Ali Road, Turkman Gate, Delhi, North East, Delhi","2-A/3, North East, दिल्ली, Delhi",0.75,0.8771,0.1429,0.3038,0.375,indic_phonetic_distance
S1-998508835,S2-812706387,India,Good Dynamic It Private Limited,ಗುಡ್ ಡೈನಾಮಿಕ್ ಐಟಿ ಪ್ರೈವೇಟ್ ಲಿಮಿಟೆಡ್,"No.59, 1St Floor Chowdeshwari Arcade 2Nd Stage West Of Chord Road, Basaveshwara Nagar Opp Rajajinagar Metro Station, Bangalore North, Bangalore, Karnataka","#59, BENGALURU, BANGALORE NORTH, Karnataka",0.697,0.8067,0.1111,0.2349,0.1818,indic_phonetic_distance
S1-225489886,S3-13375581,India,Life Global Private Limited,ਲਾਈਫ਼ ਗਲੋਬਲ ਪ੍ਰਾਈਵੇਟ ਲਿਮਟਿਡ,"Cabin No. 32, Mohali, Punjab, Mohali, 3Rd Floor, E-252, Industrial Area, Phase 8-B","Cabin No. 32, Divreportingcircle, PB",0.6667,0.8436,0.0,0.3243,0.1875,state_acronym_or_short_address
S1-954682379,S3-108331638,India,Shree Trading Group,shreetrading.com,"No.2/13, 1St Floor, Thandavarayan Street, Royapettah, Chennai, Tamil Nadu","#2/13, Chennai, TN",0.7368,0.8652,0.0,0.2206,0.25,state_acronym_or_short_address
S1-85387824,S3-468569426,India,Life Trading Private Limited,लाइफ ट्रेडिंग प्राइवेट लिमिटेड,"1102, Shrusti Apartments Old Prabhadevi Road, Mumbai, Mumbai City, Maharashtra","1101, Mumbai City, Mumbai, MH",0.7241,0.8322,0.1429,0.2703,0.1818,state_acronym_or_short_address
S1-430221659,S2-76649411,India,Arihant Investment Private Limited,ಅರಿಹಂತ್ ಇನ್ವೆಸ್ಟ್‌ಮೆಂಟ್ ಪ್ರೈವೇಟ್ ಲಿಮಿಟೆಡ್,"F-7, Sai Madhura Swarnnima, 5Th Cross, Venkatadri Layout, Panduranga Nagar, Bangalore, Karnataka","F-7, null, BANGALORE, Karnataka",0.8235,0.9315,0.1429,0.2889,0.2857,indic_phonetic_distance
S1-680113556,S3-624470397,India,United Consultancy Private Limited,यूनाइटेड कंसल्टेंसी प्राइवेट लिमिटेड,"397-Gf, Nyay Khand-Iii, Indirapuram, Distt-Ghaziabad, Ghaziabad, Uttar Pradesh","397-G, Ghaziabad, Dadri, UP",0.6176,0.7146,0.1429,0.274,0.1538,state_acronym_or_short_address
S1-671053407,S3-500157460,India,Tech Sunrise Power Private Limited,टेक सनराइज पावर प्राइवेट लिमिटेड,"Maharashtra, Mumbai City, 5Th Floor, New Blue Heaven, Versova Link Road, Andheri West, Flat No. 503, Mumbai","NULL, MH, Flat No. 503, Mumbai, Mumbai City",0.6471,0.8327,0.1111,0.1717,0.2778,indic_phonetic_distance
S1-267327365,S3-924287687,India,Sai High Systems Private Limited,साई हाई सिस्टम्स प्राइवेट लिमिटेड,"Gf - 2, 725, Sector - 5, Vaishali, Ghaziabad, Uttar Pradesh","Ghaziabad, ###703 Gf - 2, उत्तर प्रदेश",0.75,0.926,0.25,0.3,0.25,other_residual
S1-929948764,S2-819601981,US,"Continental Alliance, LLC",CONTINENTAL LLC CENTER Trading,"MA, Boston, Unit 1605, 16 Brookline Street",,0.5333,0.8769,0.4,0.0,0.0,missing_target_address
S1-740386477,S3-498910578,India,South Software Private Limited,সাউথ সফটওয়্যার প্রাইভেট লিমিটেড,"Rawdon Street Shubham''10Th Floor, Roomno.-1004, Kolkata, West Bengal, Howrah, Kolkata, 1","1, Kolkata, Howrah, WB",0.6061,0.7693,0.125,0.2099,0.2308,state_acronym_or_short_address
S1-26175592,S3-927196948,US,"Cypress, LLC",cypress.com (ID: 76085),"124 Namequoit Road, Orleans, MA",,0.4,0.8536,0.2,0.0,0.0,missing_target_address
S1-91641490,S3-351015935,India,Blue Systems Private Limited,ब्लू सिस्टम्स प्राइवेट लिमिटेड,"E/259, 1St Floor, Tagore Garden Extension Near Central School, New Delhi, Delhi","186 E/259, New Delhi, दिल्ली",0.7857,0.9194,0.1429,0.24,0.2857,indic_phonetic_distance
S1-742127796,S2-13317959,US,Metropolitan Trusted Xrp LLC,MTXRP.COM,"11 Edwards Lane, Rockland, NY","51 EDWARDS LN, LIVINGSTON ANOR, NY",0.2143,0.5714,0.0,0.5312,0.2222,name_acronym_or_extreme_truncation
S1-937636188,S3-472414232,India,Tirupati Media Private Limited,तिरुपति मीडिया प्राइवेट लिमिटेड,"19, Bad Devri, Mansarovar, Jaipur, Rajasthan","19, Jaipur, राजस्थान",0.8,0.9162,0.1429,0.45,0.2857,indic_phonetic_distance
S1-30787947,S2-441839351,India,Indian Engineering,इंडियन इंजीनियरिंग,"112, 1St Floor, Hariom Commercial Complex New Dak Bunlgow Road, Patna, Bihar","110, बिहार, GARDANIBAGH, PATNA",0.5556,0.5704,0.0,0.25,0.1429,severe_name_typo_or_corruption
S1-385816303,S2-61195484,India,Galaxy Tech Private Limited,गैलेक्सी टेक प्राइवेट लिमिटेड,"Pune, Maharashtra, 9, Jaiprakash Narayan Garden Near Pune Railway Station, Pune","Maharashtra, 4-9, POONA",0.6429,0.7844,0.1429,0.2267,0.1818,indic_phonetic_distance
S1-545819818,S3-111172753,US,Family Partners,fami1y partners Enterprises,"1620 Sandy Hollow Circle, Essex, MD",,0.5185,0.8904,0.25,0.0,0.0,missing_target_address
S1-225489886,S3-383822785,India,Life Global Private Limited,ਲਾਈਫ਼ ਗਲੋਬਲ ਪ੍ਰਾਈਵੇਟ ਲਿਮਟਿਡ,"Cabin No. 32, Mohali, Punjab, Mohali, 3Rd Floor, E-252, Industrial Area, Phase 8-B","Cabin No. 32, Divreportingcircle, PB",0.6667,0.8436,0.0,0.3243,0.1875,state_acronym_or_short_address
S1-190588887,S2-837956904,India,Sree Business LLP,શ્રી બિઝનેસ એલએલપી,"C-11, Kadamb Flats, Near, Sarkari Tubewell, Daskroi, Ahmedabad, Gujarat","C-11, AHMEDABAD, Gujarat",0.5,0.8016,0.0,0.3385,0.4,indic_phonetic_distance
S1-582452296,S3-135007504,India,Laxmi It Private Limited,లక్ష్మి ఐటీ ప్రైవేట్ లిమిటెడ్,"Telangana, Hyderabad, Repunjaya Building, Khanamet, Plot No 1024, Shaikpet","Ranga Reddy, Hyderabad, Door No 1024, తెలంగాణ",0.7308,0.8485,0.1429,0.3333,0.2308,indic_phonetic_distance
S1-322327655,S3-675547942,India,Swastik International Pvt Ltd,স্বস্তিক ইন্টারন্যাশনাল প্রাইভেট লিমিটেড,"Shop-2 81, Sahid Hemanta Kumar, Bose Sarani, Kolkata, Kolkata, Howrah, West Bengal","Door No 694 Shop-2 81, Kolkata, Howrah, WB",0.5278,0.735,0.0,0.3289,0.3125,other_residual
S1-210311995,S2-882588510,India,Future Global Private Limited,फ्यूचर ग्लोबल प्राइवेट लिमिटेड,"Maharashtra, 712, Mumbai City, Mumbai, Tulsiani Chambers, 212, Free Press Journal Marg, Nariman Point","712, MUMBAI, MUMBAI CITY, महाराष्ट्र",0.6897,0.756,0.1429,0.266,0.2143,indic_phonetic_distance
S1-669394271,S3-231254360,India,Golden Infotech Private Limited,ഗോൾഡൻ ഇൻഫോടെക് പ്രൈവറ്റ് ലിമിറ്റഡ്,"N-320, Dd Vyapar Bhavan, Kp, Vallon Rd, Kadavanthara, Ernakulam, Kerala","Hn 8-1 N-320, null, Ernakulam, KL",0.6452,0.8648,0.0,0.3077,0.1875,indic_phonetic_distance
S1-710140328,S2-124147810,India,Surya Tech Private Limited,సూర్య టెక్ ప్రైవేట్ లిమిటెడ్,"Flat No. 101, Plot No. 7 & 8, D K Nagar, Journalist Colony, Jubilee Hills, Road N, O. 70, Hyderabad, Telangana","FLAT NO. 101, HYDERABAD, Telangana",0.7692,0.9338,0.1429,0.3069,0.25,indic_phonetic_distance
S1-763363947,S2-188503516,India,Sunrise Enterprises Private Limited,സൺറൈസ് എന്റർപ്രൈസസ് പ്രൈവറ്റ് ലിമിറ്റഡ്,"Malapuram, Vee Pee Tower, Nh, Road, Kanhippura, Valanche, Tirur, Malappuram, 32/268, Kerala","33/268, MALAPURAM, Kerala",0.6286,0.79,0.0,0.2195,0.2143,indic_phonetic_distance
S1-739752911,S2-814909041,India,Aditya Developers Private Limited,ಆದಿತ್ಯ ಡೆವಲಪರ್ಸ್ ಪ್ರೈವೇಟ್ ಲಿಮಿಟೆಡ್,"No.38/4, 2Nd Floor, Rangarao Road, Shanakarapuram, Basavanagudi., Bangalore, Karnataka","NO.38/4, BANGALORE, ಕರ್ನಾಟಕ",0.7879,0.8999,0.1429,0.3038,0.3333,indic_phonetic_distance
S1-481376031,S3-88344723,India,Blue Infotech Pvt Ltd,ब्लू इंफोटेक प्रा. लि.,"501, 5Th Floor, Lotus Plaza, Gokhale Road Opp. Titan Showroom, Thane West, Thane, Maharashtra","501, Navi Mumbai Region, Thane, महाराष्ट्र",0.5238,0.6652,0.0,0.314,0.1176,severe_name_typo_or_corruption
S1-142650146,S3-586183106,India,Bangalore Management Private Limited,Bangalore Private Limited Service Trading,"No A 88, Ground Floor, 2Nd Cross Upkar Solitaire, Anekal Road, Attibele, Bangalore, Karnataka",,0.4146,0.8463,0.5,0.0,0.0,missing_target_address
S1-647709654,S2-766509904,India,Shiva Systems Limited,শিব সিস্টেমস লিমিটেড,"19, British Indian Street, Kolkata, Howrah, West Bengal","19, HOWRAH, CALCUTTA, West Bengal",0.8095,0.9113,0.2,0.4118,0.4444,other_residual
S1-543990329,S2-916380849,India,Baba Consulting Limited,বাবা কনসাল্টিং লিমিটেড,"23, Howrah, Kolkata, West Bengal, Canal Street Block-B, Ground Floor, Kolkata","23, KOLKATA, পশ্চিমবঙ্গ",0.7826,0.9057,0.5,0.2113,0.1667,other_residual
S1-774445748,S2-409540211,India,Global Builders Private Limited,ग्लोबल बिल्डर्स प्राइवेट लिमिटेड,"Shop No - 6, Ground Floor, B-357/A, New Ashok Nagar, East Delhi, Delhi","DOOR NO 306 SHOP NO - 6, EAST DELHI, Delhi",0.8065,0.9021,0.1429,0.4762,0.3333,indic_phonetic_distance
S1-931936452,S3-592327719,India,Tirupati Finance Pvt Ltd,तिरुपति फाइनेंस प्रा. लि.,"Rajasthan, Desuri, Hanuman Colony, No. 5195, Pali","No., Pali, RJ",0.5,0.8424,0.0,0.1136,0.25,state_acronym_or_short_address
S1-766371910,S2-420616965,US,Vaclarex Inc.,Vadarex Incorporated,"4000 Park Avenue, Richmond City, VA","VA, RICHMND, 3864 PARK AVE",0.45,0.6444,0.0,0.1818,0.2222,severe_name_typo_or_corruption
S1-397828229,S3-624033330,India,Om Foundation Private Limited,>> Om Fudatin Private Limited,"New Delhi, 258, New Delhi, Delhi, Satyam Tower, Paschim Vihar","00258, New Delhi, DL",0.8966,0.9639,0.6,0.2857,0.2222,state_acronym_or_short_address
S1-740386477,S2-138421814,India,South Software Private Limited,সাউথ সফটওয়্যার প্রাইভেট লিমিটেড,"Rawdon Street Shubham''10Th Floor, Roomno.-1004, Kolkata, West Bengal, Howrah, Kolkata, 1","PLOT B3/164 1, HOWRAH, West Bengal",0.6061,0.7693,0.125,0.284,0.2667,indic_phonetic_distance
S1-766626502,S3-570127487,US,United School of Medicine,United Sch0ol,"6100 Fm 2354, Unit 1/2, Baytown, TX",,0.48,0.8806,0.2,0.0,0.0,missing_target_address
S1-409300771,S2-210546214,India,Galaxy Engineering Private Limited,கேலக்ஸி இன்ஜினியரிங் பிரைவேட் லிமிடெட்,"9/25, Avvai Street, Tmp Nagar, Padi, Chennai-50 Padi, Chennai-50, Padi, Chennai-50, Chennai, Tamil Nadu","9/25, CHENNAI-50, TIRUVALLUR, Tamil Nadu",0.5588,0.6769,0.0,0.3085,0.5,severe_name_typo_or_corruption
S1-657271318,S3-753177859,India,Silver Technology Pvt Ltd,Silver Pvt Ltd Partners,"Plot Number B5, Gharkul Chs, Kalamboli Node Kalamboli, Navi Mumbai, Raigarh, Maharashtra",,0.4,0.8485,0.6,0.0,0.0,missing_target_address
S1-557243289,S3-148325945,India,Hari Estate Private Limited,हरि एस्टेट प्राइवेट लिमिटेड,"309, Krishna Apra Business Square, Plot No. 4, 5, 6 Netaji Subhash Place Pitampura, Delhi, North West Delhi, Delhi","#28 309, North West Delhi, Delhi, DL",0.7778,0.9058,0.1429,0.2264,0.2105,indic_phonetic_distance
S1-300773965,S3-675142913,India,Life Star Engineering Private Limited,லைஃப் ஸ்டார் இன்ஜினியரிங் பிரைவேட் லிமிடெட்,"No.1, James Street, Thiruvalluvar Nagar, Pammal, Chennai, Tamil Nadu","Door No 1, Madras, Chennai, TN",0.6579,0.7399,0.1111,0.2857,0.2308,other_residual
S1-280650806,S3-490658916,India,Royal Foods Private Limited,रॉयल फूड्स प्राइवेट लिमिटेड,"S. No. 9A, A/P Narayangaon, Near Prajapita Brahmakumari Ashram, Taluka Junnar, Pune, Maharashtra","Block C-g-651 S. No. 9A, Pune, महाराष्ट्र",0.7407,0.9081,0.1429,0.2697,0.2105,indic_phonetic_distance
S1-112068091,S3-348579226,India,Raj Solutions Private Limited,Raj Soltions Private Limited,"Chamber No - 136, Old Dse Building Asaf Ali Road, New Delhi, Delhi","No 646 Cahmber No - 136, E Eh, New Delhi, DL",0.9655,0.9931,0.6,0.377,0.25,other_residual
S1-206439895,S3-315330356,India,Dynamic Global Private Limited,ಡೈನಾಮಿಕ್ ಗ್ಲೋಬಲ್ ಪ್ರೈವೇಟ್ ಲಿಮಿಟೆಡ್,"Bangalore, 9Th Cross, Hmt Layout Rt Nagar, Karnataka, 254, Bangalore","254, Bangalore, KA",0.7667,0.8421,0.1429,0.1587,0.2,state_acronym_or_short_address
S1-197200260,S2-309034362,India,East Guru Impex Private Limited,ईस्ट गुरु इम्पेक्स प्राइवेट लिमिटेड,"G-44, Rajasthan, Jaipur, Vidhyadhar Enclave-2, Vidhyadhar Nagar","G-44, JAIPUR, Rajasthan",0.7742,0.8879,0.25,0.2881,0.5,other_residual
S1-445635594,S3-209573431,India,Good Power Private Limited,powerprivate.com,"F-1, First Floor, Tower-C, Spazedge, Sector-47 Near Malibu Town, Sohna Road, Dlf Qe, Gurgaon, Haryana","F-1, Dlf Qe, Gurgaon, HR",0.5385,0.7048,0.0,0.2258,0.2632,other_residual
S1-311645080,S3-724260015,India,Ts Brothers Care,tsbrótherscare.com,"No. 8, 14/88, 2Nd Floor Galaxy Enclave, Jakkur Plantation Road Jakkur, Yelahanka, Bangalore, Karnataka","No. 8, Bengaluru, Bangalore, KA",0.6667,0.9033,0.0,0.2632,0.1875,state_acronym_or_short_address
S1-222550619,S2-229674240,US,"Bertrand Northwest, LLC",Ectovio,"863 13th Street, Colorado City, TX","585 13TH ST, COLOARDO CITY CDP, TX",0.1364,0.5216,0.0,0.5938,0.3,name_acronym_or_extreme_truncation
S1-12179263,S3-52926798,India,Krish Academy,Krish Aadey,"Ghaziabad, B-39, Surya Enclave Opposite Loha Mandi, G T Road, Uttar Pradesh, Ghaziabad",,0.8462,0.9692,0.3333,0.0,0.0,missing_target_address
S1-91641490,S2-995078583,India,Blue Systems Private Limited,ब्लू सिस्टम्स प्राइवेट लिमिटेड,"E/259, 1St Floor, Tagore Garden Extension Near Central School, New Delhi, Delhi","E/D/259, WEST, दिल्ली",0.7857,0.9194,0.1429,0.16,0.1333,indic_phonetic_distance
S1-337896244,S3-886834008,India,Swastik Services Pvt Ltd,स्वस्तिक सर्विसेज प्रा. लि.,"Office No. 907, 9Th Flr, Costarica Tower Sector 18 Plot No. 1&2, Plam Beach Road Sanpada, Navi Mumbai, Thane, Maharashtra","Office No. 907, New Mumbai, MH",0.625,0.7671,0.0,0.2222,0.1739,indic_phonetic_distance
S1-201727614,S3-468193167,India,Laxmi International Pvt Ltd,लक्ष्मी इंटरनेशनल प्रा. लि.,"227, Second Floor, Alpha 1, Krishna Apra Plaza, Greater Noida, Noida, Gautam Buddha Nagar, Uttar Pradesh","227, Noida, Gautam Buddha Nagar, उत्तर प्रदेश",0.5185,0.7325,0.0,0.4124,0.2941,other_residual
S1-680682839,S2-833106126,India,Shiv Trading,शिव ट्रेडिंग,"Office No 2, 2Nd Floor 37Happy Plaza, Near Ratlami Namkeen, Shopp, Ing Centre, Kota, Rajasthan","OFFICE NO #2, SAWAI MADHOPUR, Rajasthan",0.75,0.8705,0.0,0.3523,0.2353,indic_phonetic_distance
S1-172732552,S2-285339877,India,Raj Systems,Raj  5ystems,"167, Second Floor Virat Nagar, Panipat, Haryana",,0.9091,0.9036,0.3333,0.0,0.0,missing_target_address
S1-810991999,S2-580450151,India,Al Trading Limited,అల్ ట్రేడింగ్ లిమిటెడ్,"405C, 4Th Floor, Manjeera Majestic Commercial, Jntu-Hitech City Road, Kukatpally, Tirumalagiri, Hyderabad, Telangana","00405C, HYDERABAD URBAN, HYDERABAD, తెలంగాణ",0.8889,0.9306,0.5,0.2752,0.0588,address_token_displacement
S1-154629620,S2-745952855,India,Msp Healthcare Private Limited,healthcareprivate.com,"Flat No. 1, Urmila Society, Ganesh Chambers, S. No. 31, Dhankawadi, Pune, Maharashtra","#C-1, NULL, PUNE, महाराष्ट्र",0.6333,0.6881,0.0,0.25,0.1333,severe_name_typo_or_corruption
S1-874483026,S3-25599280,India,Future Foundation,ಫ್ಯೂಚರ್ ಫೌಂಡೇಶನ್,"No. 29, 1St Main Road, 3Rd Stage, 3Rd Block, Bangalore North, Bangalore, Karnataka","No. 29, Bangalore, Bangalore North, KA",0.2353,0.5212,0.0,0.4,0.3333,state_acronym_or_short_address
S1-581979555,S2-509644049,India,First Indo Care Pvt Ltd,ಫಸ್ಟ್ ಇಂಡೋ ಕೇರ್ ಪ್ರೈವೇಟ್ ಲಿಮಿಟೆಡ್,"No. 10 & 11, Vikas Nagar Link Road, Tumkur Main Road, Nagasandra Post, Bangalore, Karnataka","H.NO 10 & 11, BENGALURU URBAN, BANGALORE, Karnataka",0.4828,0.7364,0.0,0.4713,0.3529,other_residual
S1-789716464,S2-157452023,India,International Consulting Pvt Ltd,इंटरनेशनल कंसल्टिंग प्रा. लि.,"C-19, Uppr Ground Floor Panchsheel Vihar, Malviya Nagar, New Delhi, South Delhi, Delhi","दिल्ली, C-19, MALVIYA NAGAR, SOUTH DELHI",0.5,0.6442,0.0,0.3827,0.4615,severe_name_typo_or_corruption
S1-473918764,S3-689920878,India,Ram Engineering Limited,Ram Limited Center Enterprises,"Ep 16/388, Shahana Manzil, Sreeyettu, Malappuram, Edava P.O., Thiruvananthapuram, Trivandrum, Kerala",,0.3667,0.697,0.4,0.0,0.0,missing_target_address
S1-714818259,S3-517196599,US,"Serna, Gokey & Munn Vertical LLC",Onyxflux,"22 Elm Street, Oyster Bay, NY","22 Elm Streit, New York, Woodbury",0.0909,0.4571,0.0,0.5161,0.2,name_acronym_or_extreme_truncation
S1-359546944,S3-454005319,India,New Infra Pvt Ltd,newinfra.com,"Office No. 3/4, Sai Om D, B Wing, Near Saibaba Mandir, Kaju Wadi, Louis Wadi, Thane, Maharashtra","Office No. 003/4, Thane, MH",0.5294,0.6487,0.0,0.2273,0.2105,severe_name_typo_or_corruption
S1-614210817,S2-591055989,US,Pediatric Dental Medicine LLC,Pediatric Medicine LLC Services Services,"820 21st Street, Temple, TX",,0.475,0.8355,0.6,0.0,0.0,missing_target_address
S1-97416517,S3-116707819,India,Life Healthcare Private Limited,Lifehealthcare.Com,"Shop No. 2, Sector-D/7 Vasant Kunj, Delhi, South Delhi, Delhi","Stop No. 2, NULL, दिल्ली",0.5161,0.6975,0.0,0.3036,0.1538,severe_name_typo_or_corruption
S1-89724518,S3-361307822,India,Indian Media Private Limited,इंडियन मीडिया प्राइवेट लिमिटेड,"132, Jolly Maker Chambers Ii, 13Th Floor, Vinay K. Shah Marg, Nariman Point, Mumbai, Mumbai City, Maharashtra","132, Mumbai, Mumbai City, MH",0.7586,0.8425,0.1429,0.2475,0.1765,state_acronym_or_short_address
S1-669293263,S3-964545659,India,Aurangabad Web Pvt Ltd,aurangabadwebcom,"F. No. 302 B P. No. 7, Kailash Arcade Aurangabad, Aurangabad, Maharashtra","MH, Chhatrapati Sambhaji Nagar, Aurangabad, No 9-475 F. No. 302 B P. No. 7",0.5909,0.8807,0.0,0.2239,0.4375,indic_phonetic_distance
S1-304493178,S3-313042043,India,Swastik Services Pvt Ltd,Dr *** sswastik.com,"Maharashtra, Mantra Majestica Co-Op Sty Sasane Nagar, Kale Padal Road, Hadapsar, C1-201, Pune","Pune, MH, Cd/1-201",0.2083,0.6278,0.0,0.1364,0.1111,state_acronym_or_short_address
S1-666748379,S2-900107890,India,Dac Advisors Private Limited,Dac Advis0rs-Limited Private,"Ground Floor, Plot No. 36, Patel Colony, Sardar Patel Marg, Opp. Government Press, Jaipur, Rajasthan",,0.6071,0.9339,0.6,0.0,0.0,missing_target_address
S1-408226176,S3-715127504,India,Land (India) Shine Private Limited,Ariaverapyra,"Plot No-6, Survey No 208, Balaji Industrial Area, Chhapra, Lodhika, Rajkot, Gujarat","Plt No-1, Rajkot, GJ",0.1875,0.5531,0.0,0.2208,0.1333,state_acronym_or_short_address
S1-777056047,S2-822731252,India,North Silver Constructions Private Limited,नॉर्थ सिल्वर कंस्ट्रक्शंस प्राइवेट लिमिटेड,"508, 5Th Flr, Ceejay House, Dr. Annie Besant Road, Mumbai, Maharashtra","BOMBAY, Maharashtra, 8-508, MUMBAI",0.6905,0.8629,0.25,0.2188,0.2308,other_residual
S1-409382419,S2-948337290,India,Bombay Enterprises Private Limited,ബോംബെ എന്റർപ്രൈസസ് പ്രൈവറ്റ് ലിമിറ്റഡ്,"2/292A, Kumarapuram P.O, Morakkala West, Pallikkara Kizhakkambalam, Kunnathunadu, Kseb Power, House, Kochi, Ernakulam, Kerala","2/292, KOCHI, ERNAKULAM, കേരളം",0.6471,0.8905,0.0,0.2241,0.1667,indic_phonetic_distance
S1-158449740,S3-302911079,US,Fresh Bike Shop!,Fresh-8ike,"414 2nd Street, Livingston, MT",,0.6,0.9,0.25,0.0,0.0,missing_target_address
S1-375014790,S2-588092105,India,South Consulting Private Limited,Dr South Conultling Private Limited,"Gala No. 10, Roop Nawal Estate, Near Vidya Vikasini School, Fatherwadi, Gokhiware, Vasai East, Thane, Maharashtra",,0.8571,0.8225,0.5,0.0,0.0,missing_target_address
S1-536848971,S2-513079383,India,Digital Care Private Limited,डिजिटल केयर प्राइवेट लिमिटेड,"C 381A, Second Floor, Sector 7, Dwarka, New Delhi, Delhi","C 381, NEW DELHI, दिल्ली",0.6786,0.8878,0.1429,0.3725,0.2727,indic_phonetic_distance
S1-474524144,S3-640963345,India,Shiv Builders Private Limited,ಶಿವ್ ಬಿಲ್ಡರ್ಸ್ ಪ್ರೈವೇಟ್ ಲಿಮಿಟೆಡ್,"No.5, New No.2610, 36Th Cross, 26Th Main, 9Th Block, Jayanagar, Bangalore, Karnataka","Bangalore, No.#5, KA, Bengaluru",0.7931,0.8882,0.1429,0.1948,0.2,state_acronym_or_short_address
S1-411432291,S2-43104906,India,Ace Projects Pvt Ltd,ஏஸ் புராஜெக்ட்ஸ் பிரைவேட் லிமிடெட்,"Kanchipuram, Tamil Nadu, Kanchipuram, B 304, Palmera Gardens, Sakthi Srinivasa Street","B 304, KANCHIPURAM, தமிழ்நாடு",0.4483,0.7214,0.0,0.2375,0.2727,other_residual
S1-415754058,S2-547911357,India,Krishna Consultancy Private Limited,Krishna Consutlacy Private Limited,"Khasra No 521 G T Road Near Back Gate Ocm, Model Town, Amritsra, Amritsar, Punjab",,0.9143,0.9884,0.6,0.0,0.0,missing_target_address
S1-291013830,S2-690683159,India,Smart Constructions Limited,ಸ್ಮಾರ್ಟ್ ಕನ್‌ಸ್ಟ್ರಕ್ಷನ್ಸ್ ಲಿಮಿಟೆಡ್,"#21, 1St A Main, 5Th Block, 3Rd Phase, Banashankari 3Rd Stage, Bangalore, Karnataka","#21, BANGALORE, Karnataka",0.7407,0.8921,0.5,0.2895,0.25,other_residual
S1-710989481,S2-894511161,India,White Industries Pvt Ltd,व्हाइट इंडस्ट्रीज प्रा. लि.,"Dream Apartments, Plot No.14 Sector 22, Dwarka, New Delhi, C 803, Delhi","NEW DELHI, NULL, Delhi, H.NO 728 C 803, DELHI",0.5417,0.75,0.0,0.3636,0.3333,indic_phonetic_distance
S1-312549462,S3-401241758,India,Unique Consultancy,यूनिक कंसल्टेंसी,"Gali No-9, B Block, Fauji Colony, Part-2, Delhi, House No. 33, North West Delhi","House No. 0033, Delhi, North West Delhi, DL",0.3333,0.5759,0.0,0.3472,0.3125,severe_name_typo_or_corruption
S1-192743276,S2-14227468,India,Sai Media Private Limited,साईं मीडिया प्राइवेट लिमिटेड,"F-07, Ist Floor, Abhishek Plaza, Plot No-16 Lsc, Pocket-B, Mayur Vihar, Phase-Ii, Delhi, New Delhi, Delhi","F-07, NEW DELHI, Delhi",0.7778,0.9161,0.1429,0.2083,0.2222,indic_phonetic_distance
S1-223752811,S3-429876076,India,Arihant Technology Private Limited,અરિહંત ટેક્નોલોજી પ્રાઇવેટ લિમિટેડ,"Orchid Paradise, Safal Parisar-1 Road Vill: Bopal, Tal: Daskroi, Ahmedabad, Gujarat, A-1003, Ahmedabad","A-1003, Ahmedabad, GJ",0.7353,0.8826,0.1429,0.1702,0.2,state_acronym_or_short_address
S1-719443235,S2-744349309,US,"Prairie Value Bumrungrad, LLC",PRAlRIE VALUE LLC (SERVICES),"614 Tall Trees Drive, Ashtabula, OH",,0.5,0.6858,0.3333,0.0,0.0,missing_target_address
S1-308648648,S3-758902319,India,United Constructions,United Constructairons,"Tola Ward No. 28, Panch - Muzaffarpur Block - Musahari, Muzaffarpur, Bihar",,0.9091,0.9818,0.3333,0.0,0.0,missing_target_address
S1-465570474,S2-126297974,India,South Marketing Private Limited,साउथ मार्केटिंग प्राइवेट लिमिटेड,"Plot No 6, Northern India Campus 20/3, Mathura Road, Faridabad, Haryana","PLOT NO 6, FARIDABAD, हरियाणा",0.8387,0.8475,0.1429,0.3731,0.3077,indic_phonetic_distance
S1-106211083,S2-211421308,India,Unique Developers Limited,ইউনিক ডেভেলপারস লিমিটেড,"11, Bipin Pal Road, P.O.- Kalighat P.S.-Tollygunge, Kolkata, Kolkata, Howrah, West Bengal","HOWRAH, C-11, পশ্চিমবঙ্গ, KOLKATA",0.68,0.7277,0.2,0.2125,0.2,other_residual
S1-181553529,S3-544495031,India,Gujarat Foods Private Limited,গুজরাট ফুডস প্রাইভেট লিমিটেড,"Flat-1 A, 153, N.S.C Bose Road, Kolkata, Kolkata, Howrah, West Bengal","Plot 340/5 Flat-1 A, Calcutta, Howrah, WB",0.6897,0.8807,0.1429,0.381,0.2222,indic_phonetic_distance
S1-187733925,S2-494926984,India,Dynamic Projects Pvt Ltd,டைனமிக் புராஜெக்ட்ஸ் பிரைவேட் லிமிடெட்,"Plot No 15, Veeralakshmi Nagar Old Perungalathur, Chennai, Tamil Nadu","PLOT NO 15, MADRAS, CHENNAI, Tamil Nadu",0.4706,0.6117,0.0,0.5303,0.5455,severe_name_typo_or_corruption
S1-205691483,S3-306409888,India,New Foundation Private Limited,न्यू फाउंडेशन प्राइवेट लिमिटेड,"P. No. 12, Nit Hill Top Layout Ambazari, Nagpur, Maharashtra","Plot 016 P. No. 12, Nagpur, महाराष्ट्र",0.5667,0.7636,0.1429,0.4545,0.3077,indic_phonetic_distance
S1-303718368,S3-646269169,India,Guru Investments Private Limited,Shri Guru Invetmnts Private Limited,"21 Shital Shopping Square, Bhatar Road Near Turning Point, Surat City, Surat, Gujarat",,0.8,0.8117,0.5,0.0,0.0,missing_target_address
S1-937636188,S3-656770339,India,Tirupati Media Private Limited,तिरुपति मीडिया प्राइवेट लिमिटेड,"19, Bad Devri, Mansarovar, Jaipur, Rajasthan","19, Jaipur, RJ",0.8,0.9162,0.1429,0.3,0.2857,state_acronym_or_short_address
S1-271828502,S3-324735534,India,South Indo Healthcare Private Limited,साउथ इंडो हेल्थकेयर प्राइवेट लिमिटेड,"H No 229, Hari Om Nagar Ali Nagar Sunhara Sarojini Nagar, Lucknow, Uttar Pradesh","Door No 231, Lucknow, UP",0.7297,0.888,0.1111,0.2338,0.1333,state_acronym_or_short_address
S1-132976773,S3-445767880,India,All Jai Energy Private Limited,All जय एनर्जी प्राइवेट लिमिटेड,"Flat No 30, B Wing Sukhwani Paradise, Sn 41/1A Bhau Patil Rd Bopodi, Pune City, Pune, Maharashtra",,0.7333,0.8988,0.25,0.0,0.0,missing_target_address
S1-105916117,S3-685100885,India,Blue Impex Private Limited,புளூ இம்பெக்ஸ் பிரைவேட் லிமிடெட்,"Coimbatore, West Bashyakararulu Road Rs Puram, Opp Amul Shop, Coimbatore, Tamil Nadu, 105","Hn 152- 105, Coimbatore, தமிழ்நாடு",0.6429,0.8015,0.0,0.2619,0.1333,indic_phonetic_distance
S1-580140920,S3-739369586,US,"Eastern Clear Chesapeake, Inc","Eastern C1ear Cfhesapekae, Inc","312 8th Street, Gulf Shores, AL","31 Eighth Street, Baldwin County, Alabama",0.8621,0.9717,0.3333,0.4359,0.0909,address_token_displacement
S1-519000492,S3-993656303,US,Q+ Myers Inc.,Q+ Melrtyrs Inc.,"608 Pine Street, Crawford, NE","08 Pine Saint, Carwford, Nebraska",0.6429,0.9288,0.5,0.5806,0.1111,address_token_displacement
S1-249580374,S2-165259440,US,Chiropractic Health,Chiropractic Heth,"5436 Reading Avenue, East Chicago, IN",,0.8947,0.9789,0.3333,0.0,0.0,missing_target_address
S1-375282755,S2-47309527,India,All Technology,ऑल टेक्नोलॉजी,"001, Damini Apartment, Juhu Tara Road, Juhu Vile Parle West, Mumbai, Mumbai City, Maharashtra","001, MUMBAI CITY, MUMBAI, Maharashtra",0.5714,0.621,0.0,0.3333,0.3333,severe_name_typo_or_corruption
S1-64002014,S3-864762889,India,Best Logistics Private Limited,Best L0gistics Private  Limited,"Pune, Shop No. 7, Maharashtra, Sagar Plaza 4A, Tukaramnagar, Talegaon D, /Telegaon, Pune",,0.9667,0.9867,0.6,0.0,0.0,missing_target_address
S1-78392559,S2-81576595,India,Gd Trading Private Limited,GD TRADING PIVNAE LIMITED,"No.24/1701 Kc Arcade Neartv Centre Csez Kakkanad, Cochin Special Economic Zone, Ernakulam, Ernakulam, Kerala, India, Ernakulam, Kerala",,0.8846,0.9516,0.6,0.0,0.0,missing_target_address
S1-638722125,S2-527234329,India,Lakshmi Engineering Limited,લક્ષ્મી એન્જિનિયરિંગ લિમિટેડ,"804, 8Th Floor, Times Square Arcade, Opp Rambaug Nr. Ravija Plaza, Thaltej - Shilaj Road, Ahmedabad, Gujarat","804, ગુજરાત, AHMEDABAD",0.7778,0.7996,0.2,0.1818,0.1176,address_token_displacement
S1-572662136,S3-480533983,India,Seven Impex Private Limited,Shri @sevenimpex,"Bangalore, Jubema Shalom Netaji Road, Frazer Town, Karnataka, Bengaluru, 33/1 2","#33/1 2, Bangalore, ಕರ್ನಾಟಕ",0.2963,0.6289,0.0,0.2027,0.3077,severe_name_typo_or_corruption
S1-325084512,S3-959025929,US,Pacific Animal Hospital,Pacific Animal H0spital,"MA, 1 Logan Street, Leicester",,0.9565,0.9826,0.5,0.0,0.0,missing_target_address
S1-105916117,S3-670156833,India,Blue Impex Private Limited,புளூ இம்பெக்ஸ் பிரைவேட் லிமிடெட்,"Coimbatore, West Bashyakararulu Road Rs Puram, Opp Amul Shop, Coimbatore, Tamil Nadu, 105","Hn 152- 105, Coimbatore, TN",0.6429,0.8015,0.0,0.2024,0.1333,state_acronym_or_short_address
S1-890168918,S2-491593609,India,My Hospitality Private Limited,myhospitality.com,"Flat No. 511, 5Th Floor, Arunachal Bldg. 19 Barakhamba Road, New Delhi, Delhi","#511, NEW DELHI, Delhi",0.5,0.6608,0.0,0.2676,0.25,severe_name_typo_or_corruption
S1-116012598,S2-141095671,India,Sai Products Private Limited,... saiproducts.com,"A-10, B-1, Mohan Co-Operative Society Mohan Co-Operative Industrial Estate Ltd, Badarpur, Delhi, South Delhi, Delhi","A-#10, DELHI, SOUTH DELHI, दिल्ली",0.4643,0.6744,0.0,0.2385,0.2667,severe_name_typo_or_corruption
S1-966786932,S3-56533924,India,Shyam Modern Power Limited,শ্যাম মডার্ন পাওয়ার লিমিটেড,"2/B G C Avenue, Kolkata, Howrah, West Bengal","G C Avenue, Kolkata, Bamunia, WB",0.7308,0.7989,0.125,0.5122,0.3636,indic_phonetic_distance
S1-235190481,S3-447220353,US,Pacific Elite One,Pacificeliteone.Com,"1022 10th Street, Phoenix, AZ","1022 Tenth Street, null, Rio Salado, Arizona",0.6842,0.9067,0.0,0.4634,0.2,other_residual
S1-989848490,S3-598867180,India,Yashika Technology Limited,Mr Solnovi,"P. No.13-A, F.No.301, Mahalaxmi Appt Anand Nagar, Nagpur, Maharashtra","#147- P. No.13-a, Nagpur, MH",0.1538,0.5136,0.0,0.2969,0.3571,severe_name_typo_or_corruption
S1-281288419,S3-367799473,India,Madhur Nursing Home Public Limited,madhurnursinghome.com,"202 - A, Sai Capital, Kate Vasti Road Pimple Saudagar, Pcmc - Pune, Pune, Maharashtra","#202 - A, Pune, <NULL>, MH",0.5882,0.8481,0.0,0.1974,0.2143,state_acronym_or_short_address
S1-557243289,S2-943120708,India,Hari Estate Private Limited,हरि एस्टेट प्राइवेट लिमिटेड,"309, Krishna Apra Business Square, Plot No. 4, 5, 6 Netaji Subhash Place Pitampura, Delhi, North West Delhi, Delhi","309, DELHI, NORTH WEST DELHI, Delhi",0.7778,0.9058,0.1429,0.3019,0.2353,indic_phonetic_distance
S1-261566638,S2-51778990,India,South Engineering Private Limited,साउथ इंजीनियरिंग प्राइवेट लिमिटेड,"201, Saroj Plaza, 150 Feet Road, Near Padmavati Nagar Behind Maxus Mall, Bhayandar (W), Thane, Maharashtra","201., THANE, महाराष्ट्र",0.697,0.7804,0.1429,0.1837,0.1176,indic_phonetic_distance
S1-990933948,S3-317102158,India,Eastern Infra,ईस्टर्न इंफ्रा,"6, Floor Grd, Plot 128, Razak Manzil Dimtimkar Road, Nagpada, Mumbai Central, Mumbai, Mumbai City, Maharashtra","6, Mumbai, महाराष्ट्र",0.5385,0.7607,0.0,0.1667,0.1333,indic_phonetic_distance
S1-682929505,S2-944594215,India,Ace Ventures Private Limited,એસ વેન્ચર્સ પ્રાઇવેટ લિમિટેડ,"Ahmedabad, Vasupujya Bunglows Near Hasubhai Bunglows, Jodhpur, Satellite, Gujarat, Ahmedabad, 16","Gujarat, AHMEDABAD, HN 669 16, AHMEDABAD",0.6786,0.7863,0.1429,0.2444,0.2727,indic_phonetic_distance
S1-26199798,S3-170405898,India,Laxmi Care Private Limited,लक्ष्मी केयर प्राइवेट लिमिटेड,"84, 8Th Floor, Plot-223, Maker Chambers Iii, Jamnalal Bajaj Marg, Mumbai, Maharashtra","84, East Garo Hills, Mumbai, MH",0.6538,0.8395,0.1429,0.2658,0.1176,indic_phonetic_distance
S1-655124544,S2-949418154,US,Smith Data LLC,SMITH DG LLC,"W6506 G, Town Of Lake, WI","6219 G, CRIVITZ, WI",0.7857,0.9405,0.5,0.3043,0.25,other_residual
S1-803965077,S3-346893996,India,Southern Industries,Southern [Service],"2Nd Floor, Lotus Tower, No. 85/86, Mount Road, Guindy, Chennai City Corporation, Chennai, Tamil Nadu","No 02Nd Floor, Chennai City Region, Chennai, TN",0.5789,0.884,0.3333,0.3913,0.2222,other_residual
S1-740386477,S3-460447606,India,South Software Private Limited,সাউথ সফটওয়্যার প্রাইভেট লিমিটেড,"Rawdon Street Shubham''10Th Floor, Roomno.-1004, Kolkata, West Bengal, Howrah, Kolkata, 1","1, Kolkata, Howrah, পশ্চিমবঙ্গ",0.6061,0.7693,0.125,0.2099,0.2308,indic_phonetic_distance
S1-187755562,S2-390739563,India,Pioneer Properties Limited,पायोनियर प्रॉपर्टीज लिमिटेड,"South West Delhi, Newdelhi, Delhi, 55 2Nd Floor Lane-2, Westend Marg Saidullajab Near Saket Metro Station","2ND FLOOR LANE-2, NEW DELHI, दिल्ली",0.7308,0.8086,0.2,0.2376,0.2778,other_residual
S1-428245178,S3-128062540,India,Anusha & Co,Sri Aubhsa & Co,"23A, Netaji Subhas Road, Calcutta-1., Kolkata, Howrah, West Bengal","WB, Howrah, Door No 444 23A",0.5882,0.7374,0.4,0.1833,0.1429,other_residual
S1-666748379,S3-746242090,India,Dac Advisors Private Limited,Sri dacadvisors.com,"Ground Floor, Plot No. 36, Patel Colony, Sardar Patel Marg, Opp. Government Press, Jaipur, Rajasthan","Ground Floor, NULL, Sawai Madhopur, राजस्थान",0.3214,0.6795,0.0,0.3913,0.1111,severe_name_typo_or_corruption
S1-511593002,S3-624477381,India,Radheshyam Service Partners,rspartners.com,"H No - C - 70/A, Tyagi Vihar, Nangloi, Behind Police Quarter, New Delhi, Delhi, West Delhi, Delhi","H No - C - 070/A, Delhi, West Delhi, DL",0.2222,0.5106,0.0,0.3488,0.375,severe_name_typo_or_corruption
S1-549522122,S2-536187490,US,St. Fellowship Corp,St. Corp Center,"21 Sherwood Drive, Augusta, ME",,0.2778,0.6402,0.5,0.0,0.0,missing_target_address
S1-959225944,S2-198865311,India,All Constructions,ऑल कंस्ट्रक्शंस,"Jaipur, 10/168, Rajasthan, Jaipur, Malviya Nagar","BLOCK B-334 10/168, JAIPUR, राजस्थान",0.3529,0.6174,0.0,0.3182,0.3,severe_name_typo_or_corruption
S1-528671444,S3-797847818,India,Black Exports Limited,ब्लैक एक्सपोर्ट्स लिमिटेड,"F/F, D-41, South Delhi, New Delhi, Delhi","D-31, New Delhi, South Delhi, DL",0.8636,0.9214,0.2,0.5,0.5,other_residual
S1-372649174,S2-144073955,US,Family Health LLC,Family Henatlh  LLC,"16070 12, Unit Unit 60, Foley, AL","15865 12, BON SECOUR, AL",0.8333,0.9771,0.5,0.3667,0.2222,other_residual
S1-586154851,S2-91751802,India,Shyam Solutions Private Limited,श्याम सॉल्यूशंस प्राइवेट लिमिटेड,"Plot No. 3, Second Floor, Block B-4, Rajouri Garden, New Delhi, West Delhi, Delhi","POT NO. 3, WEST DELHI, Delhi",0.7097,0.8398,0.1429,0.3378,0.2857,indic_phonetic_distance
S1-829828337,S3-969145106,India,Shree Tech Private Limited,Shree Tech Proiate Limited,"F-12A, Kailash Colony, New Delhi, South Delhi, Delhi",,0.9231,0.9846,0.6,0.0,0.0,missing_target_address
S1-264010053,S3-760518402,India,Jai Global Limited,जय ग्लोबल लिमिटेड,"119, 1St Floor, Dlf Prime Towers, F-79-80, Okhla Industrial Area Phase-I, New Delhi, South Delhi, Delhi","A-119, New Delhi, South Delhi, DL",0.8333,0.8313,0.2,0.2917,0.2105,other_residual
S1-88043517,S3-75531117,India,Bright International,பிரைட் இன்டர்நேஷனல்,"P. No. 47, 2Nd Floor, Sivasakthi Nagar I, Tambaram, Kanchipuram, Tamil Nadu","P. No. 47, Kanchipuram, தமிழ்நாடு",0.45,0.7183,0.0,0.3971,0.3077,other_residual
S1-853883900,S3-738085540,India,Classic Projects Limited,ಕ್ಲಾಸಿಕ್ ಪ್ರಾಜೆಕ್ಟ್ಸ್ Limited,"#10, Krishna Krupa, 7Th Cross, J Block, Koramangala 3Rd Bloc, K, Bangalore, Karnataka","#10, Bangalore, Bengaluru, KA",0.7917,0.8024,0.2,0.2597,0.1333,state_acronym_or_short_address
S1-37275391,S2-134654348,India,Star Infotech Limited,5tar Infotech,"135-137, Plot 215, Free Press House, Free Press Journal Marg, Nariman Point, Mumbai, Mumbai, Maharashtra","135-137, NARIMAN POINT, महाराष्ट्र",0.5714,0.8315,0.25,0.3093,0.2857,other_residual
S1-898451104,S3-451927231,India,Smart Developers Private Limited,Smart Devieloers  Private Limited,"Gat No. 699, Velu Fata, Pune-Satara Road, Velu, Taluka Bhor, Pune, Maharashtra",,0.9375,0.9423,0.6,0.0,0.0,missing_target_address
S1-744376081,S3-480172501,India,Hotel Black Consulting,होटल ब्लैक कंसल्टिंग,"Flat No.411, 4Th Floor, B-Wing, Pearl Heights Chs, Yari Road, Versova, Andheri (West), Mumbai, Mumbai City, Maharashtra","Bombay, Flt No.2-411, महाराष्ट्र, Mumbai City",0.6818,0.8766,0.0,0.25,0.1818,indic_phonetic_distance
S1-242288479,S2-111776381,India,AL Construction Ltd,AL CAAONSDFRUCTOIN LTD,"Uttar Pradesh, Office No. 1 Ground Floor, Aligarh, Kk Market Jail Road, Aligarh",,0.7273,0.9309,0.5,0.0,0.0,missing_target_address
S1-710140328,S2-86891265,India,Surya Tech Private Limited,సూర్య టెక్ ప్రైవేట్ లిమిటెడ్,"Flat No. 101, Plot No. 7 & 8, D K Nagar, Journalist Colony, Jubilee Hills, Road N, O. 70, Hyderabad, Telangana","FLAT NO. 101, HYDERABAD, తెలంగాణ",0.7692,0.9338,0.1429,0.2772,0.1905,indic_phonetic_distance
S1-99995000,S2-911555480,India,Shiva Infotech Private Limited,शिवा इंफोटेक प्राइवेट लिमिटेड,"39, Sec-6, Panchkula, Panchkula, Haryana","DOOR NO 855 39, PANCHKULA, SURAJPUR, Haryana",0.7,0.8367,0.1429,0.5122,0.3333,indic_phonetic_distance
S1-706990202,S2-335865485,US,Select Vendome,Select Partners,"15073 Valhalla Court, Prince William County, VA",,0.4667,0.8263,0.3333,0.0,0.0,missing_target_address
S1-403456805,S3-143741993,India,Shiva Trading Limited,शिवा ट्रेडिंग लिमिटेड,"Ss Iv, 208 Sector 2, Vashi, Navi Mumbai, Thane, Maharashtra","Ss Iv, Turbhe, MH",0.8571,0.8938,0.2,0.2593,0.1667,state_acronym_or_short_address
S1-875280137,S3-242259617,US,Pediatric Care Associates,Pediatric Care Ventures,"9556 Choctaw Drive, Baton Rouge City, LA",,0.68,0.8894,0.5,0.0,0.0,missing_target_address
S1-32178247,S3-335417099,India,Chaudhuri Holiday Private Limited,Ariaorbi,"Flat No 213, 214, Sagar View Complex Liberty, Himayathnagar, Hyderabad, Telangana","19, Hyderabad, TG",0.1818,0.6005,0.0,0.1842,0.0769,name_acronym_or_extreme_truncation
S1-409398815,S3-32890376,India,India Conserve Garments Private Limited,Calokor,"Block A, Office No. 604, Mondeal Heights, Ahmadabad City, Ahmedabad, Gujarat","Bock A, Ahmadabad City, Ahmedabad, GJ",0.0769,0.4747,0.0,0.4857,0.3077,name_acronym_or_extreme_truncation
S1-137132926,S3-121661891,India,Aditya Enterprises Private Limited,आदित्य एंटरप्राइजेज प्राइवेट लिमिटेड,"305, Prathmesh Tower 'B' Wing, 3Rd Flr, Raghuvanshi Mill Compound, Senapati Bapat Marg, Lowe, R Parel, Mumbai, Maharashtra","Mumbai, R Parel, 305, MH",0.7353,0.8916,0.1429,0.1518,0.2105,state_acronym_or_short_address
S1-119744270,S2-983078507,India,Innovative Impex Pvt Ltd,ಇನೋವೇಟಿವ್ ಇಂಪೆಕ್ಸ್ ಪ್ರೈವೇಟ್ ಲಿಮಿಟೆಡ್,"No.308, Swiss Complex, Race Course Road, Bangalore, Karnataka","NO.308, BANGALORE, SAINT MARKS ROAD, Karnataka",0.5806,0.8519,0.0,0.4737,0.4545,indic_phonetic_distance
S1-143928609,S2-637839126,US,Elianore's Apparel Corp,Umbraverafaye,"20 York Street, Botetourt County, VA","20 York St, ROANOKE CP, VA",0.1739,0.519,0.0,0.5294,0.3333,severe_name_typo_or_corruption
S1-588290605,S3-252771713,India,Dk & Sons Private Limited,Pyraciravio,"No.63, Katha No.6, Agara, Tataguni Post, Kengeri, Bangalore South, Bangalore, Karnataka","No 063, Bangalore South, Bangalore, KA",0.1481,0.5495,0.0,0.4125,0.2308,state_acronym_or_short_address
S1-958758763,S3-374973935,India,Kolkata India Private Limited,Privatekolkataindia.Com,"Howrah, West Bengal, 9, Kolkata, Weston Street, 1St Floor, 'Siddha Weston', Unit-116A, Kolkata","Hn 43 9, Kolkata, Howrah, WB",0.2414,0.6575,0.0,0.2143,0.2,severe_name_typo_or_corruption
S1-627315014,S3-751691588,India,Davangere Solutions Private Limited,Orbizeta,"#8/594/02, 15Th Cross, Ktj Nagar, Davangere, Davanagere, Karnataka","Thola Hunse, Door No 8/594/02, KA",0.1143,0.5294,0.0,0.2167,0.2,name_acronym_or_extreme_truncation
S1-138902853,S3-970281909,India,Korattur Agrotech Ltd,Vantagefaye,"Plot No.7, Sree Sathya Nagar, Vivekananda Nagar Extn, Korattur, Chennai, Tamil Nadu","Plot No.##7, Chennai, TN",0.2381,0.5642,0.0,0.2564,0.3077,state_acronym_or_short_address
S1-936460625,S2-885031170,India,My Tech Private Limited,My Tech Enterprises,"6Th Floor Wockhardt Towers, G Block, Plot C2 Bandra-Kurla Complex Bandra East, Mumbai, Mumbai City, Maharashtra",,0.5217,0.8263,0.4,0.0,0.0,missing_target_address
S1-612850971,S3-539565215,India,Innovative Products,Innovative Preooducds,"Unit No. 15-A, 3Rd Floor, Souri Building, 74/80, Babu Genu Road, Mumbai, Mumbai, Mumbai City, Maharashtra",,0.8571,0.9609,0.3333,0.0,0.0,missing_target_address
S1-112632926,S2-553274848,US,West Holdco LLC,West LLC-Center,"439 Mahon Avenue, Tyler, TX",,0.4,0.8467,0.5,0.0,0.0,missing_target_address
S1-831542488,S2-349933027,India,Maa Infrastructure Pvt Ltd,माँ इंफ्रास्ट्रक्चर प्रा. लि.,"19, Shree Niketan, 16 Vithalbhai Road, Vile Parle (W), Mumbai, Maharashtra","19, MUMBAI SUBURBAN, Maharashtra, MUMBAI",0.5385,0.6453,0.0,0.2687,0.25,severe_name_typo_or_corruption
S1-224058573,S3-228093624,India,Southern Projects Private Limited,সাউদার্ন প্রজেক্টস প্রাইভেট লিমিটেড,"22, Rupchand Roy Street 1St Floor, Kolkata, Kolkata, Howrah, West Bengal","22, Kolkata, Howrah, পশ্চিমবঙ্গ",0.6667,0.7532,0.1429,0.3134,0.2727,indic_phonetic_distance
S1-787524353,S2-897900560,India,Creative Infrastructure Private Limited,क्रिएटिव इंफ्रास्ट्रक्चर प्राइवेट लिमिटेड,"Fl No F 1302, Ganga Orchid Ph 2 S 83/A/B Hno 1/2A3 Mundhwa Hadapsar, Pune, Maharashtra","FL NO F 5302, PUNE, Maharashtra",0.641,0.7564,0.1429,0.3373,0.25,indic_phonetic_distance
S1-905216973,S2-829829815,India,My Media Private Limited,माय मीडिया प्राइवेट लिमिटेड,"2Nd Floor, Haryana, Platinum Tower, Plot Number 184 Udyog Vihar, Phase 1, Gurgaon, Haryana, Gurgaon","DOOR NO 2ND FLOOR, GURGAON, हरियाणा",0.7692,0.8485,0.1429,0.2935,0.1875,indic_phonetic_distance
S1-521203041,S2-920386745,India,Tech Consultancy Private Limited,டெக் கன்சல்டன்சி பிரைவேட் லிமிடெட்,"Plot No.20, Second Floor, Judges Colony, J.N. Road, Tiruvallur, Thiruvallur, Tamil Nadu","DOOR NO ##20, THIRUVALLUR, தமிழ்நாடு",0.5938,0.7985,0.0,0.35,0.1875,indic_phonetic_distance
S1-623508537,S2-649734401,US,Orthopedic Associates,ORTHOPEDIC ASSOCIATES Enterprises,"1601 Larry Wadkins Drive, City Of El Paso, TX",,0.6364,0.9273,0.6667,0.0,0.0,missing_target_address
S1-627450169,S2-605340341,India,Shiva Tech Private Limited,சிவா டெக் பிரைவேட் லிமிடெட்,"Chennai, Tamil Nadu, Chennai, Velachery Tambaram Main Road Pallikkaranai, No.214","CHENNAI, CHENNAI CITY REGION, தமிழ்நாடு, NO.214",0.6538,0.7875,0.0,0.4211,0.2308,indic_phonetic_distance
S1-343886338,S2-544834131,India,Swastik Infrastructure Private Limited,Sri SWASTIK INFRSARTUCDTTURE PRIVATE LIMITED,"2078-1 S.S Towers, Fourth Floor, Trichy Road, Coimbatore South, Tamil Nadu, Coimbatore, 2078",,0.7955,0.8249,0.5,0.0,0.0,missing_target_address
S1-190942442,S2-29196272,India,Swastik Infra LLP,स्वस्तिक इंफ्रा एलएलपी,"17, Floor 4, Plot No. 22, Joothica, Naushir Bharucha Marg, Grant Road, Mumbai, Mumbai City, Maharashtra","#40 17, GREATER BOMBAY, महाराष्ट्र",0.6,0.7783,0.0,0.234,0.0526,indic_phonetic_distance
S1-77545943,S2-424342564,India,Laxmi Healthcare Private Limited,लक्ष्मी हेल्थकेयर प्राइवेट लिमिटेड,"402, Suncity Arcade Suncity Sector-54, Gurgaon, Haryana","402, GURGAON, URBAN, Haryana",0.6875,0.8589,0.1429,0.4038,0.375,indic_phonetic_distance
S1-244120637,S2-141808947,India,Seven Projects Private Limited,સેવન પ્રોજેક્ટ્સ પ્રાઇવેટ લિમિટેડ,"L-87, Vibrant Karambhumi, Zakvehlal Road, Nr.Zakgidc, Ahmadabad City, Ahmedabad, Gujarat","ગુજરાત, GANDHINAGAR, L-87",0.8333,0.8931,0.1429,0.1585,0.1429,indic_phonetic_distance
S1-388886895,S3-627339917,US,First Methodist Church,First Mehosdt Church,"2 Corchaug Trail, NY, Brookhaven","2 Crochaug Trl, Riidge, New York",0.8182,0.9618,0.5,0.3667,0.1,address_token_displacement
S1-695253619,S3-138944978,India,Think Developments Ltd,Ciraorbi,"Plot No. 7, 1St Floor, Block - A, Bhagwati Garden Extn., Uttam Nagar, Delhi, West Delhi, Delhi","7-7, Delhi, Najafgarh, दिल्ली",0.0909,0.447,0.0,0.2169,0.125,severe_name_typo_or_corruption
S1-588290605,S3-80987706,India,Dk & Sons Private Limited,Mr dksons.com,"No.63, Katha No.6, Agara, Tataguni Post, Kengeri, Bangalore South, Bangalore, Karnataka","No.063, Bangalore South, Bangalore, KA",0.2963,0.5799,0.0,0.4125,0.2308,state_acronym_or_short_address
S1-23190438,S3-911754066,India,City Industries,ಸಿಟಿ ಇಂಡಸ್ಟ್ರೀಸ್,"No. 7, Bellary Road, Gangenahalli, Bangalore, Karnataka","No. 7, Bangalore, KA",0.6667,0.7786,0.0,0.34,0.375,state_acronym_or_short_address
S1-389587542,S2-982897808,India,Alpha Shivam Impex,ஆல்ஃபா சிவம் இம்பெக்ஸ்,"Plot No.62B, First Floor, Ramalinga Nagar Main Road, Madipakkam, Chennai, Tamil Nadu","PLOT NO.6-2B, CHENNAI, Tamil Nadu",0.6111,0.8632,0.0,0.3671,0.3333,indic_phonetic_distance
