s1_id,target_id,country,oof_prob,failure_type,rank,retrieval_score,name_jaro_winkler,addr_jaccard,both_addr_present,postal_match,house_num_match,s1_n,tgt_n,s1_a,tgt_a
S1-441188161,S2-525400559,India,0.6999182105064392,Name weak / address strong,2,0.9204,0.5603,0.8889,1.0,0.0,0.0,six foundation,shri six center,xv 578 b2 associated chambers temple road kottayam kerala,xv 578 b2 associated chambers temple road kerala
S1-156507788,S3-590646072,India,0.6998841762542725,Transliteration / phonetic variation,10,0.8597,0.7375,0.7,1.0,0.0,0.0,shree ventures private limited,sri bhencars praibhet limited,kolkata calcutta west bengal krishna 224 ajc bose road,krishna 224 ajc bose road kolkata calcutta pscimbng
S1-776790905,S2-478229302,US,0.6998327374458313,Missing address,3,0.9855,0.8871,0.0,0.0,0.0,0.0,primary care select physicians,primary physicians inc select care,635 davie avenue statesville nc,
S1-240217056,S3-817406778,US,0.6995967030525208,Transliteration / phonetic variation,1,0.8369,0.8215,0.1111,1.0,0.0,0.0,enrivue national dragon llc,enrivue dragon llc llc service,1613 hillside drive tuscaloosa al,01613 hillside dr tuscloosa alabama
S1-468784178,S3-878367888,India,0.699310839176178,Name weak / address strong,7,0.8772,0.4602,0.7692,1.0,0.0,0.0,golden business private limited,shri zetaarc,plot no a 17 sector 16 noida gautam buddha nagar uttar pradesh,plot no a 17 sector 16 gautam buddha nagar noida up
S1-810430377,S2-242834219,India,0.6992526054382324,Missing address,3,0.9039,0.9125,0.0,0.0,0.0,0.0,haveli pc,haveli pc center,s no 178 plot no 354 phursungi bhosale village haveli pune maharashtra,
S1-964300523,S2-805192529,US,0.6992303729057312,Both moderately similar,3,0.7625,0.7879,0.4286,1.0,0.0,0.0,heit williams and vazquez inc,inc heit williams and vqezuz,10746 staghill drive houston tx,staghill dr houston city tx
S1-711873724,S3-970915009,US,0.6990037560462952,Address weak / name strong,2,0.9699,0.9467,0.2,1.0,0.0,0.0,powell best inc,powell best,45 whispering oaks lane grayslake il,whispering oaks ln graysalke township illinois
S1-61538518,S2-185813265,US,0.6989673376083374,Missing address,3,0.9494,0.9048,0.0,0.0,0.0,0.0,kent interfaith federation llc,kent kent interfaith federation llc,601 pioneer avenue kent oh,
S1-542801876,S3-492384493,India,0.6988117694854736,Missing address,2,0.9745,0.95,0.0,0.0,0.0,0.0,anand sky global private limited,anand sky global private,c 8 4 second floor sector 7 rohini new delhi delhi,
S1-113922315,S2-682723584,India,0.6986222267150879,Other residual,23,0.5654,0.8505,0.5,1.0,0.0,0.0,vision jain finance private limited,vijn jain phainems praivet limited,h no 694 shivam corp vadu navghar village bhiwandi thane maharashtra,772 h no 694 thane bhiwandi maharashtra
S1-464472845,S2-748506480,US,0.6982804536819458,Other residual,6,0.8319,0.9197,0.4286,1.0,0.0,0.0,creston children s network,creston chi1dren s,814 jefferson street creston ia,14 jefferson st creston ia
S1-246695806,S3-702293170,US,0.6982726454734802,Other residual,3,0.8153,0.4113,0.4286,1.0,0.0,1.0,hosea giant,gildnex,5327 101st place marysville wa,5327 101st pl marysville washington
S1-179906553,S2-788729579,India,0.6981923580169678,Name weak / address strong,2,1.0,0.6464,1.0,1.0,0.0,0.0,big constructions pvt ltd,big kmstrksms pra li,maharashtra gidney park penninsula apartments 38 pune g01,g01 gidney park maharashtra penninsula apartments 38 pune
S1-894213108,S3-883091299,US,0.6981659531593323,Address weak / name strong,1,1.0,1.0,0.1,1.0,0.0,0.0,kepple associates,kepple associates,12831 asher street kenton oh,3200 asher st buck twp ohio
S1-267984343,S3-846281336,India,0.6975268721580505,Name weak / address strong,2,0.9654,0.6248,0.8571,1.0,0.0,0.0,morvinandan rubber ltd,rubbermorvinandan com,m 1 konark laxmi appt pno 4 ring road sawlambi nagar nagpur nagpur maharashtra,m 1 konark laxmi appt pno 4 ring road sawlambi nagar nagpur nagpur mh
S1-304115097,S2-719318244,US,0.6972599029541016,Missing address,3,0.9795,0.9579,0.0,0.0,0.0,0.0,apex atlanticus inc,apex atlanticus,1514 3rd street cheney wa,
S1-301788394,S3-326258746,US,0.6972599029541016,Missing address,2,0.9807,0.9579,0.0,0.0,0.0,0.0,murphy partners,murphy partners llc,1836 lester lane moretown vt,
S1-154940592,S3-86523860,US,0.6972520351409912,Other residual,3,0.8961,0.9389,0.25,1.0,0.0,0.0,jacquetta buchanan golden system inc,jacquetta buchanan golden,tx 1402 3rd street chillicothe,third street chillicothe cty texas
S1-338548529,S2-445350456,India,0.6969240307807922,Both moderately similar,25,0.666,0.8222,0.4167,1.0,0.0,0.0,life management limited,laiph myanejmemt limited,karnataka regus 9th floor brigade irv centre nallurhalli road bangalore bangalore south,regus 9th flor bangalore bangalore south karnataka
S1-759103016,S2-542195056,US,0.6969004273414612,Transliteration / phonetic variation,3,0.8461,0.716,0.6667,1.0,0.0,0.0,bader real,realbader com,416 bryan street burlington nc,516 bryan street burlington nc
S1-505168627,S3-234625477,US,0.6967321634292603,Address weak / name strong,1,1.0,1.0,0.1667,1.0,0.0,0.0,scottsdale youth midwest association,scottsdale youth midwest association,9750 96th street unit apt 267 scottsdale az,96th st null scottsdale hopi arizona
S1-470015495,S3-743053976,US,0.6965126991271973,Missing address,8,0.8896,0.9632,0.0,0.0,0.0,0.0,emylee west bay biotech llc,emylee wesit bay biotech llc,va hampton city 34 maplewood street,
S1-193067736,S3-390293118,US,0.6964100003242493,Missing address,2,0.9021,0.9368,0.0,0.0,0.0,0.0,beacon intelligence brands,beacon intelligence brands corporation,7929 threshing court west chester oh,
S1-705448134,S2-661356783,India,0.6962878108024597,Missing address,2,0.9562,0.8487,0.0,0.0,0.0,0.0,digital and brothers limited,mr digital and brothers limited,3rd floor mona cinema building gandhi maidan patna bihar,
S1-659488558,S3-665817286,US,0.696259617805481,Missing address,3,0.9764,0.9824,0.0,0.0,0.0,0.0,golden diagnostic brands center,golden diagnostic brands center lp,131 meadowlark court missoula mt,
S1-809591553,S3-82008615,India,0.6960636377334595,Acronym / name truncation,7,0.8797,0.7538,0.6667,1.0,0.0,0.0,super enterprises,sri super services,nagpur maharashtra north ambazari road kasturba layout plot no 6 nagpur,door no 6 north ambazari road kasturba layout nagpur mh
S1-87253477,S3-805533240,India,0.6959445476531982,Address weak / name strong,1,1.0,1.0,0.1667,1.0,0.0,0.0,sai exports private limited,sai exports private limited,no63 3rd main munne kolal ashwathnagar marathalli bangalore north bangalore karnataka,63 bangalore north bangalore ka
S1-518974458,S3-677005075,US,0.6957754492759705,Address weak / name strong,1,0.9854,0.9636,0.1111,1.0,0.0,0.0,leena ewing irenic inc,leena ewing irenic,4040 fischer road morrow oh,fischer rd mororw cdp ohio
S1-92931754,S3-921519875,India,0.6956161856651306,Other residual,7,0.8391,0.911,0.2727,1.0,0.0,0.0,health power private limited,health power limited services,256 6th main road jayanagar mysore 4 mysore karnataka,plot 461 256 mysore 4 mysore ka
S1-645416159,S2-487579910,India,0.6956046223640442,Other residual,7,0.9058,0.8825,0.6667,1.0,0.0,0.0,shree services pvt ltd,shri shree services pvt ltd,plotno 37 opp bajaj electronics showroom chintalakunta hyderabad rangareddy telangana,plotno 37 opp bajaj electronics showroom chintalakunta hyderabad andhra pradesh
S1-121765016,S2-467563302,US,0.6950119733810425,Missing address,3,0.9278,0.8842,0.0,0.0,0.0,0.0,foot and ankle pinnacle care,foot ankle pinnacle care center,3618 ampfield way chesterfield county va,
S1-388242803,S2-175117552,India,0.694888174533844,Missing address,3,0.9751,0.97,0.0,0.0,0.0,0.0,hira law chambers,hira law chambers co,47 shree krupa industrial estate near hakim chi chi kapodra varachha roa d surat gujarat,
S1-620267770,S3-456986640,India,0.6945672631263733,Transliteration / phonetic variation,24,0.4693,0.8524,0.25,1.0,0.0,0.0,pranaya engineering private limited,pranaya private limited center id 27739,nisith sen sarani p o baidyabati west bengal 30 3 hooghly,30 3 hooghly wb
S1-928659738,S3-820409103,India,0.6944880485534668,Missing address,3,0.9759,0.9515,0.0,0.0,0.0,0.0,vision properties private limited,vision properties private,door no 1 474 a vettampara nobel granites pvt ltd vettampara p o kothamangalam ernakulam kerala,
S1-964576251,S3-916996218,India,0.6944880485534668,Missing address,6,0.9737,0.9515,0.0,0.0,0.0,0.0,apex technologies private limited,apex technologies private,plot no 46 balamrai society mahendrahills east maredpally secunderabad hyderabad telangana,
S1-236232381,S2-606968086,US,0.6942850351333618,Name weak / address strong,5,0.9218,0.5687,0.5714,1.0,0.0,1.0,legacy desert xcel llc,ldxcel com,419 dodds street bloomington in,419 dodds st null bloomington in
S1-674594842,S3-494995562,US,0.6942005157470703,Both moderately similar,4,0.7665,0.7463,0.4286,1.0,0.0,0.0,anderson quality vine inc,inc anderson qurily vine,6810 153rd place kenmore wa,3810 153rd place kenmore washington
S1-411611217,S3-937215596,India,0.6938786506652832,Other residual,6,0.7071,0.6691,0.1667,1.0,0.0,1.0,aarvansh realtors pvt ltd,ltd aarvansh pvt center,119 gokul nagar f no 101 bypas universal indore madhya pradesh,119 indore mp
S1-856090410,S2-239005582,US,0.6938288807868958,Missing address,3,0.9483,0.8996,0.0,0.0,0.0,0.0,palmer biotech llc,palmer palmer biotech llc,4862 bluff drive jerusalem ny,
S1-518174609,S2-785928031,US,0.6933369636535645,Other residual,1,0.8872,0.9333,0.6667,1.0,0.0,0.0,south continental armada,south continental armada corporation,411 39th street vienna wv,00411 39th street vienna wv
S1-224941046,S3-23911435,US,0.6929859519004822,Address weak / name strong,3,0.9746,0.99,0.1818,1.0,0.0,0.0,lugo sutton and hester pennantpark llc,lugo sutton and hester pennantpark l l c,w10758 468th avenue town of oak grove wi,w10758 468th ave prescott wisconsin
S1-495113462,S3-826645524,US,0.6929754614830017,Address weak / name strong,1,1.0,1.0,0.1111,1.0,0.0,0.0,legacy keystone therapy llc,legacy keystone therapy llc,newton ma 178 harvard circle,0178 harvard cir newtoville massachusetts
S1-596194928,S3-985661502,India,0.6929096579551697,Address weak / name strong,6,0.8237,0.9253,0.1852,1.0,0.0,0.0,agro vedant technical of mumbai,agro vedant technical of services,plot no a 51 2nd floor to 7th floor midc marol industrial area road no 1 near tunga international hotel andheri e mumbai maharashtra,block d b3 73 plot no a 51 mumbai mh
S1-892991464,S3-660910695,US,0.6928941607475281,Missing address,9,0.8605,0.9043,0.0,0.0,0.0,0.0,st synagogue associates,st synagogue,3203 falcon lane unit unit 308 wilmington de,
S1-257705151,S3-438785759,India,0.6926997900009155,Address weak / name strong,3,1.0,1.0,0.1579,1.0,0.0,0.0,chroma and co,chroma and co,module no 302 ii floor nsic stp b 24 guindy industrial estate ekkaduthangal chennai tamil nadu,module no 3 02 chennai tn
S1-273222707,S2-670456754,India,0.6926774978637695,Both moderately similar,30,0.5017,0.8075,0.25,1.0,0.0,0.0,my systems private limited,mai sistems praibhet limited,84 1b topsia road south 7th floor west bengal hi tech chambers howrah kolkata,howrah pscimbng hh tech chambers kolkata
S1-674594842,S3-76323387,US,0.6925275325775146,Missing address,3,0.9807,0.968,0.0,0.0,0.0,0.0,anderson quality vine inc,anderson quality vine,6810 153rd place kenmore wa,
S1-375633247,S3-547040831,India,0.6924223303794861,Transliteration / phonetic variation,4,0.842,0.7219,0.6923,1.0,0.0,0.0,tirupati research,dr tirupati services,flat no 4a pl 25 disha chintamani apartment vivekanandpuram aurangabad maharashtra,flat no 4a pl 25 dihsa chintamani apartment vivekanandpuram aurangabad mh
S1-916160514,S2-309474578,US,0.6922251582145691,Other residual,21,0.7221,0.9077,0.3333,1.0,0.0,0.0,interfaith center,interfaith partners,6218 climbhill road fairfax county va,va 6218 climbhill rd alexandria ccity
S1-519000492,S2-801291495,US,0.6921709179878235,Missing address,4,0.956,0.9273,0.0,0.0,0.0,0.0,q myers inc,q myers,608 pine street crawford ne,
S1-875092579,S3-523406800,India,0.691972553730011,Address weak / name strong,5,0.9822,0.9579,0.125,1.0,0.0,0.0,pune canyon pvt ltd,pune canyon pvt,off no 502b 5th floor icc devi gurav tech park s no 191 and 192 mumbai pune road pimp ri waghere pune maharashtra,off no 5 02b mh pune
S1-729312988,S2-533398346,India,0.6919395327568054,Missing address,15,0.8111,0.9681,0.0,0.0,0.0,0.0,perfect services private limited,perfect services privace limited,h no 8 127 sector 8 jankipuram extn lucknow uttar pradesh,
S1-881950049,S3-289454333,US,0.6919054388999939,Missing address,21,0.5331,0.9435,0.0,0.0,0.0,0.0,ly frontier oceanhawk llc,ly frontier ogeanlaowk llc,1900 geniveive lane austin tx,
S1-326222909,S3-419274219,US,0.6917296051979065,Missing address,11,0.5693,0.9443,0.0,0.0,0.0,0.0,haynes maritime llc,haynes marlite llc,3355 amanda aguirre court san luis az,
S1-327952250,S3-496965492,US,0.6916883587837219,Address weak / name strong,7,0.9128,0.9182,0.2,1.0,0.0,0.0,atlantic skin care inc,atlantic skin,5284 via jacinto thousand oaks ca,05284 via jacinto newbury park california
S1-729597346,S2-184830503,India,0.6916375160217285,Missing address,1,0.9608,0.96,0.0,0.0,0.0,0.0,arcot motors limited,arcot motors ltd,no 2261 22nd cross bsk 2nd stage bangalore south bangalore karnataka,
S1-895553846,S3-882547220,India,0.691473662853241,Missing address,1,0.9473,0.9652,0.0,0.0,0.0,0.0,modern products limited,modern products ltd,a 202 laxmi sadan chs ltd thakur village near thakur public school kandivali e kandivali east mumbai maharashtra,
S1-185302322,S3-763476519,US,0.6910896897315979,Missing address,2,0.9755,0.9579,0.0,0.0,0.0,0.0,regional energy inc,regional energy,1058 10th street laramie wy,
S1-615587455,S2-450098344,India,0.6910175085067749,Transliteration / phonetic variation,3,0.9373,0.8558,0.8571,1.0,0.0,0.0,ram consulting pvt ltd,ram knsaltim praibhet limited,calcutta kolkata 9a deodar street west bengal,9a deodar street calcutta west bengal
S1-615587455,S2-580685966,India,0.6910175085067749,Transliteration / phonetic variation,2,0.9373,0.8558,0.8571,1.0,0.0,0.0,ram consulting pvt ltd,ram knsaltim praibhet limited,calcutta kolkata 9a deodar street west bengal,9a deodar street calcutta west bengal
S1-632678522,S2-22713052,India,0.6909021735191345,Missing address,3,0.9463,0.9231,0.0,0.0,0.0,0.0,esj lakshmi limited,esj esj lakshmi limited,h2 22 sector no 4 sanpada navi mumbai maharashtra thane,
S1-101422912,S2-460128073,US,0.6907888054847717,Missing address,1,0.9819,0.9636,0.0,0.0,0.0,0.0,ht preferred spark inc,ht preferred spark,21 camp creek road mt olive,
S1-343267531,S3-497202104,US,0.690764844417572,Missing address,3,0.9716,0.9667,0.0,0.0,0.0,0.0,sibyl boggs o d pc,sibyl boggs o d,fort wayne in 3624 grayston avenue,
S1-450331218,S2-473613553,India,0.6902787089347839,Both moderately similar,23,0.5483,0.7524,0.2941,1.0,0.0,0.0,fortune exports private limited,kparccun eksports piraivet limitet,mahalakshmi flats flat no 2a first floor mariamman koil street virugambakkam chennai tamil nadu,plot 612 4 mahalakshmi flats chennai tamil nadu
S1-802235147,S3-194424322,India,0.6901241540908813,Name weak / address strong,3,1.0,0.4968,1.0,1.0,0.0,0.0,city healthcare,jaxonyxzeph co,no 142 3rd floor 5th cross r m v extension bangalore karnataka,bangalore karnataka no 142 3rd floor 5th cross r m v extension
S1-691170712,S2-11289643,India,0.6899969577789307,Name weak / address strong,5,0.9114,0.5051,0.8462,1.0,0.0,0.0,assured analytics private limited,mr nexsol,no 58 3rd floor railway parallel road kumara park west bangalore karnataka,no 58 3rd floor railway parallel road kumara park west bangalore krnatk
S1-17669367,S3-795169202,India,0.6897759437561035,Name weak / address strong,4,0.9133,0.6038,0.6111,1.0,0.0,0.0,tech constructions pvt ltd,tek kmstrksms pra li,uttar pradesh vill khalilpur vikas nagarcolony seohara bijnor seohara bijnor c o aditya mohan harit bijnore,882 c o aditya mohan harit vill khalilpur vikas nagarcolony seohara bijnor seohara bijnor dhampur uttr prdes
S1-136449913,S3-158136505,India,0.6895692944526672,Missing address,6,0.9577,0.975,0.0,0.0,0.0,0.0,classic products private limited,classic products private ltd,shop no 3 ground sunshine heights 243 p l kale guruji marg dadar west mumbai mumbai city maharashtra,
S1-337272129,S2-846613901,US,0.6895657777786255,Other residual,2,0.9628,0.9581,0.4286,1.0,0.0,0.0,bowker kunzler and christensen inc,bowker kunzler and christensen inc partners,752 floyd street burlington nc,00752 floyd st burlington nc
S1-803911669,S2-87354149,US,0.6895470023155212,Missing address,5,0.9758,0.96,0.0,0.0,0.0,0.0,national program inc,national program,456 grand avenue city of port washington wi,
S1-17428332,S3-592202015,India,0.6895079612731934,Missing address,3,0.9567,0.8046,0.0,0.0,0.0,0.0,mustang india digital pvt ltd,dr mustang india digital pvt,7th floor corporate centreopp hotel sunshee l m road andheri east mumbai maharashtra,
S1-790793844,S2-563517142,US,0.6893828511238098,Acronym / name truncation,3,0.8183,0.5925,0.4286,1.0,0.0,1.0,brown international,orbikor,712 speedway street trumann ar,712 speedway st trumanncity ar
S1-955615056,S3-534013894,US,0.6892324090003967,Both moderately similar,4,0.822,0.7942,0.2222,1.0,0.0,0.0,charlotte cultural federal society,culturalcharlottefederal com,6012 tuckaseegee road charlotte nc,012 tuckaseegee rd charlotte north carolina
S1-922026187,S2-997387050,US,0.6887669563293457,Name weak / address strong,2,0.898,0.6454,0.5556,1.0,0.0,0.0,forney ocean inc,oforney com,forney 1405 gateway boulevard unit 615 tx,1405 1 2 gateway boulevard forney tx
S1-188691999,S2-440068841,US,0.6886111497879028,Missing address,5,0.9804,0.9619,0.0,0.0,0.0,0.0,scott enterprises inc,scott enterprises,1270 stonewood crossing unit unit 3103 city of sun prairie wi,
S1-227084778,S2-275978475,US,0.6886017322540283,Name weak / address strong,3,0.958,0.5275,0.6667,1.0,0.0,1.0,clean blue montreal,vionexcalo,311 lochside drive cary nc,311 lochside dr cary nc
S1-487906873,S2-535153321,US,0.6884062886238098,Transliteration / phonetic variation,4,0.8615,0.9143,0.625,1.0,0.0,0.0,olia t myers esq,olia t myers esq corporation,1541 state highway 7 dardanelle ar,3541 state highway 7 dardanelle township ar
S1-220884078,S3-446005279,India,0.6883764266967773,Address weak / name strong,3,0.8842,0.9448,0.2308,1.0,0.0,0.0,hindustan consultancy,hindustan consultancy company,no 05 2nd cross mount joy road hanumanth nagar bangalore karnataka,no 05 bengaluru bangalore ka
S1-174690482,S3-903974833,US,0.688356339931488,Missing address,2,0.9758,0.95,0.0,0.0,0.0,0.0,north fortis llc,north fortis,198 guildford court hempstead ny,
S1-632559701,S2-723883690,US,0.688209056854248,Missing address,3,0.7902,0.9561,0.0,0.0,0.0,0.0,prime investment studios llc,prime invdstment studios llc,id 139 cowcatcher loop bellevue,
S1-231839793,S3-488916460,India,0.6881569027900696,Missing address,5,0.9783,0.9515,0.0,0.0,0.0,0.0,vijay hospitality private limited,vijay hospitality private,a 302 rishi apartments alaknanda new delhi delhi,
S1-774908308,S2-448629885,India,0.6881569027900696,Missing address,2,0.9768,0.9515,0.0,0.0,0.0,0.0,manas consultancy private limited,manas consultancy private,no 54 186a panorama residency kumaranasan nagar kochi ernakulam kerala,
S1-715209807,S3-386190318,India,0.6880618929862976,Address weak / name strong,1,1.0,1.0,0.1579,1.0,0.0,0.0,golden foundation private limited,golden foundation private limited,gala no 127 1st floor udyog kshetra mulund goregaon link road mulund west mumbai mumbai city maharashtra,gala no 5 127 greater bombay bombay mh
S1-215191348,S2-627156100,US,0.6880389451980591,Name weak / address strong,5,0.8695,0.6704,0.5,1.0,0.0,0.0,grand prairie arts quality charities,prairieartsgrand com,tx 2716 cove drive grand prairie,2716 cove dr grand rairie tx
S1-837939750,S3-274045915,India,0.6877760887145996,Name weak / address strong,2,1.0,0.4993,1.0,1.0,0.0,0.0,first trading pvt ltd,ariavantage,ward no 37 door no 2963 old 50 926 a sy no 65 1 b and 1 a 2 tfi business bpo total tower near devankulangara elamakkara dotspace business center ernakulam kerala,dotspace business center ward no 37 door no 2963 old 50 926 a sy no 65 1 b and 1 a 2 tfi business bpo total tower near devankulangara elamakkara ernakulam kerala
S1-949172729,S2-812772382,US,0.6877270340919495,Other residual,4,0.9218,0.8763,0.5,1.0,0.0,0.0,sissy hoke d d s,sissy hoke services,1015 safety road buchanan county va,015 safety rd buchanan county va
S1-148251912,S3-980049923,US,0.6876168847084045,Address weak / name strong,2,1.0,1.0,0.1,1.0,0.0,0.0,nowak s maintenance,nowak s maintenance,ny syracuse 225 riverdale drive,125 riverdale dr syracse new york
S1-894392309,S3-559679372,India,0.6874760389328003,Missing address,8,0.9237,0.7796,0.0,0.0,0.0,0.0,amp credit private limited,shri amp credit limited private,1402 tower no 1 raheja tipco heights chs ltd malad east mumbai maharashtra,
S1-445366031,S3-506424164,India,0.6874245405197144,Address weak / name strong,1,1.0,1.0,0.1818,1.0,0.0,0.0,products immense designs private limited,products immense designs private limited,h no 284 vpo khatawali rewari nanukalan gurgaon haryana,28 nanukalan gurgaon hriyana
S1-666070574,S2-440978729,India,0.687228262424469,Transliteration / phonetic variation,17,0.7242,0.7365,0.5455,1.0,0.0,1.0,first constructions private limited,pharst knstraksns praibhet limited,4 16 jahura bazar lane kolkata kolkata howrah west bengal,4 16 jahura bazar lane kolkata kolkata kasba pscimbng
S1-220206991,S3-142166555,India,0.6871998906135559,Name weak / address strong,4,0.9403,0.4899,0.8235,1.0,0.0,0.0,taksha visa private limited,ariaquo,no 102 1st main road 2nd cross bm kaval new byapanahalli extension bengaluru bangalore karnataka,h no 102 1st main road 2nd cross bm kaval new byapanahalli extension bengaluru bangalore krnatk
S1-925481941,S3-335499732,US,0.6871379613876343,Missing address,4,0.9782,0.9579,0.0,0.0,0.0,0.0,fresh ice cream,fresh ice llc cream,1164 furnas avenue lincoln ne,
S1-231642133,S3-307024253,US,0.6870796084403992,Other residual,21,0.7662,0.853,0.4,1.0,0.0,0.0,urology fresh specialists llc,uro1ogy fresh specialists llc council,1505 country club drive unit 107 mesa az,mesa arizona 1505 country club dr
S1-861190608,S2-358095554,India,0.6869444251060486,Missing address,3,0.9598,0.975,0.0,0.0,0.0,0.0,infratech mayuri private limited,infratech mayuri private ltd,c 127 12 khajuri khas delhi north delhi delhi,
S1-647017450,S2-678269903,India,0.686917781829834,Missing address,4,1.0,0.8272,0.0,0.0,0.0,0.0,new consultants private limited,new limited private consultants,c o avijit chatterjee village p o bamangachi parganas north west bengal bamangachi,
S1-443661208,S3-545445743,US,0.6867297887802124,Missing address,3,0.8459,0.9273,0.0,0.0,0.0,0.0,patton bourne and mccullough wintergreen llc,patton bourne and mccullough,3320 lockwood drive houston tx,
S1-337272129,S2-71788248,US,0.6866388320922852,Other residual,3,0.9591,0.9581,0.4286,1.0,0.0,0.0,bowker kunzler and christensen inc,bowker kunzler and christensen inc services,752 floyd street burlington nc,00752 floyd st burlington nc
S1-848379062,S2-900850530,India,0.6864303350448608,Missing address,3,0.9624,0.9765,0.0,0.0,0.0,0.0,advance developers private limited,advance developers private ltd,vp xiii 125 thathwamasi choozhattukotta thiruvananthapuram trivandrum kerala,
S1-254967729,S2-245815292,US,0.6862491965293884,Other residual,1,0.9394,0.8292,0.1818,1.0,0.0,0.0,weeden state llc,the weeden state llc,1405 terrace drive unit apartment 7 roseville mn,saint paul mn terrace dr
S1-176558355,S3-612514077,India,0.6860576272010803,Transliteration / phonetic variation,3,0.9274,0.7493,0.1667,1.0,0.0,0.0,mayank international limited,smt mayank international,48 e56 east of chord road 15th main vijayanagar next to metro station bengaluru bangalore karnataka,no 48 e56 bangalore ka
S1-200330662,S2-872050505,India,0.6858372092247009,Other residual,12,0.5369,0.8567,0.3636,1.0,0.0,0.0,ajinkya and co,ajninka and co co,surveyno 1 plotno1nrcanal bagasara road champrajpur jetpur rajkot gujarat,376 surveyno 1 jetpur rajkot gujrat
S1-719153234,S2-757902887,US,0.685681939125061,Missing address,9,0.6357,0.919,0.0,0.0,0.0,0.0,michele gehrke apex science llc,michele gbhrfk apex science llc,576 1045 unit b7 cedar city ut,
S1-836781921,S2-256691884,India,0.6854975819587708,Missing address,2,0.9759,0.9529,0.0,0.0,0.0,0.0,new delhi hospital private limited,new delhi hospital private,new delhi delhi flatt no 468 g floor bharat apartments plot no 3c sector 16b dwarka west delhi,
S1-811584019,S3-458203205,US,0.6850337982177734,Missing address,2,0.9815,0.968,0.0,0.0,0.0,0.0,national interprivate inc,national interprivate,128 lenoxplace circle garner nc,
S1-668894792,S3-653303026,India,0.6850236654281616,Transliteration / phonetic variation,10,0.7736,0.8755,0.4,1.0,0.0,0.0,sunder and sons pvt ltd,sunder sons pvt ltd partners,24 168 swarnpath mansarovar jaipur rajasthan,door no 24 168 swarnpth mansarovar jaipur rj
S1-85728042,S3-766900209,US,0.6847826838493347,Missing address,21,0.4905,0.9598,0.0,0.0,0.0,0.0,sterling biomedical associates llc,sterling biomedical assgocsgahes llc,tx 16419 great oaks hollow drive houston,
S1-567248242,S3-716101072,India,0.6846886873245239,Address weak / name strong,1,1.0,1.0,0.1429,1.0,0.0,0.0,bangalore dream private limited,bangalore dream private limited,no 343 reddy complex 1st floor bgs hospital rd global village back gate mylasandra ken gari hobli bangalore karnataka,no 343 bangalore bidadi ka
S1-938605484,S3-96751936,India,0.6844180226325989,Missing address,1,0.9743,0.9742,0.0,0.0,0.0,0.0,saptagiri international limited,saptagiri international ltd,c 1 362 gidc estate odhav ahmedabad gujarat,
S1-777444543,S2-8034561,US,0.6843957304954529,Missing address,1,0.9728,0.97,0.0,0.0,0.0,0.0,reyes raf dds dds pc,reyes raf dds dds,441 1st avenue st john ks,
S1-884345544,S2-436908555,US,0.6843664646148682,Missing address,5,0.9624,0.9385,0.0,0.0,0.0,0.0,bay guild,bay guild inc,3698 angstead drive gilbert az,
S1-438708838,S2-67441652,US,0.6843239068984985,Missing address,3,0.9333,0.7965,0.0,0.0,0.0,0.0,gulf orange inc,the gulf orange inc,va 2078 oakland street arlington county,
S1-502465914,S3-999731863,India,0.6841303706169128,Missing address,2,0.972,0.9529,0.0,0.0,0.0,0.0,sq vision pvt ltd,sq vision pvt,st johns wood apartments no 80 taverekere road koramangala karnataka bangalore c205 bangalore,
S1-954790829,S3-84435118,India,0.6837548613548279,Address weak / name strong,5,0.7714,0.9053,0.1875,1.0,0.0,0.0,cute lounge pvt ltd,cutelounge,3206 13th cross 6th c main hal 2nd stage indiranagar bangalore north bangalore karnataka,h no 3206 bangalore north bangalore ka
S1-812679037,S3-64860621,India,0.6836971044540405,Name weak / address strong,5,0.9539,0.4266,0.8,1.0,0.0,0.0,irs trading limited,drexbelonovi,ahmedabad gujarat 110 ranchhodhai nagar 4 jagatpur road chandlodia,110 ranchhodhai nagar 4 jagatpur road chandlodia ahmedabad gj
S1-661353192,S3-217343216,India,0.6836040019989014,Missing address,4,0.8904,0.9871,0.0,0.0,0.0,0.0,sky consultants private limited,sky consultants praivet limited,sco 56 sec 29 gurugram hr ind haryana gurgaon haryana,
S1-213784747,S2-190667495,US,0.6831197142601013,Other residual,3,0.8915,0.94,0.2727,1.0,0.0,0.0,hale modern biotech partners,hale modern biotech partners corporation,101 cienaga lane fl 0 grants pass or,01 cienaga ln grantts pass or
S1-193716464,S2-489490813,India,0.6828898191452026,Name weak / address strong,1,0.9854,0.6491,0.75,1.0,0.0,0.0,jai consultancy llp,jy kmsltemsi elelpi,32 502 shrishti chsl csr mhada complex near atharva college ekta nagar kandivli mumbai mumbai city maharashtra,h no 3 2 502 shrishti chsl csr mhada complex near atharva college ekta nagar kandivli mumbai mumbai city maharashtra
S1-9413267,S3-427367155,US,0.6828832030296326,Address weak / name strong,2,1.0,1.0,0.0625,1.0,0.0,0.0,ace semiconductor union llc,ace semiconductor union llc,151 college avenue unit apt 23 blacksburg town va,51 college ave po box 7223 blacksbrg virginia
S1-142799395,S3-117104443,India,0.6828572750091553,Missing address,4,0.8656,0.9207,0.0,0.0,0.0,0.0,smp shoppe private limited,smp shoppe limited partners,8 2711 akampurath house thengode p o kakkanad ernakulam kerala,
S1-955356983,S3-252664967,US,0.6827220916748047,Name weak / address strong,5,0.8716,0.624,0.625,1.0,0.0,0.0,z and q fortis,z service fortis,8106 rexmill drive unit apt indianapolis in,rexmill drive unit apt indianapolis indiana
S1-757665775,S2-409757186,India,0.682693362236023,Both moderately similar,22,0.6404,0.7951,0.3636,1.0,0.0,0.0,innovative construction limited,inovetiv kmstrksn limited,property no cgg01 capital greens 15 shivaji marg delhi north delhi delhi,propeity no cgg01 north delhi delhi
S1-337667359,S2-208950337,India,0.682643473148346,Missing address,6,0.7344,0.8988,0.0,0.0,0.0,0.0,majestic india investment private limited,majestic india private limited partners,sco 132 phase 7 sector 61 mohali punjab,
S1-383071310,S3-855199895,India,0.6826279759407043,Other residual,5,0.8337,0.7469,0.5,1.0,0.0,0.0,southern technologies private limited,sdrn teknolojij praivet limited,tikamgarh near jain temple madhya pradesh tikamgarh dhashan,near jain temple tikamgarh mp
S1-702495446,S3-86463534,US,0.6825990080833435,Address weak / name strong,2,0.9359,0.9826,0.2,1.0,0.0,0.0,white productions l l c,white productions llc,9041 shadow rock drive marana az,shadow rock dr tucso cdp arizona
S1-826933424,S3-888290927,US,0.6825771927833557,Address weak / name strong,1,1.0,1.0,0.1111,1.0,0.0,0.0,surgical prairie clinic,surgical prairie clinic,pittsfield 106 third street me,106a 3nd st pittsfield maine
S1-506857318,S3-937878004,US,0.6824139952659607,Name weak / address strong,5,0.9517,0.6583,0.7143,1.0,1.0,1.0,teamsters local 612,local612teamsters com,13202 valley orchard lane tomball tx,13202 valley orchard lane tomball texas
S1-477027633,S2-364670728,India,0.68165123462677,Missing address,1,0.9689,0.9515,0.0,0.0,0.0,0.0,shiv and brothers private limited,shiv and brothers private,room no 1 nagla bandar charch road g b road thane maharashtra,
S1-549559960,S2-848203707,India,0.6814767122268677,Both moderately similar,5,0.7347,0.7607,0.375,1.0,0.0,0.0,hari urban ventures pvt ltd,hri arbn vemcrs praivet limited,8 491 sai nilayam flat no ff 1 srls colony vijayawada rural krishna andhra pradesh,9 491 vijayawada rural krishna andhra pradesh
S1-614580736,S2-564619715,US,0.6812125444412231,Missing address,5,0.8803,0.925,0.0,0.0,0.0,0.0,historical committee,historical committee corporation,21206 orange hill avenue chesterfield county va,
S1-247382267,S3-518089330,US,0.6811375617980957,Missing address,2,0.979,0.9714,0.0,0.0,0.0,0.0,faydra owens intermediate corp,faydra owens intermediate corp corp,19571 leland road oregon city or,
S1-835944350,S3-301779262,US,0.6808100342750549,Transliteration / phonetic variation,5,0.6531,0.8651,0.3636,1.0,0.0,0.0,sibylla s cascade media,sibylla s media partners partners,111 wolcott avenue newport east ri,wolcott avenue po box 9797 newport east rhode island
S1-433239952,S3-210161526,US,0.6805671453475952,Address weak / name strong,2,0.6915,0.93,0.0909,1.0,0.0,0.0,sterling medical advisors company,sterling meidml advisors company,544 62nd street lisle il,44 62st st n a lisle illinois
S1-564477160,S3-459308403,US,0.6805604100227356,Other residual,7,0.7416,0.8668,0.2857,1.0,0.0,0.0,roshelle mcnulty oxley,roshelle roshelle mecnilgy oxley,ca sacramento 316 haddam circle,haddam cir sacramento california
S1-401018704,S3-758161504,US,0.6803619861602783,Other residual,21,0.6316,0.5193,0.4,1.0,0.0,1.0,halcyon inc,incorporated halcyon,10 bell grove road bldg bldg 3 batesville ar,10 bell grove rd batesville arkansas
S1-739716380,S3-176820792,India,0.6802409291267395,Both moderately similar,22,0.5983,0.7425,0.4286,1.0,0.0,1.0,urban constructions private limited,arbn kmstrksms praivet limited,2 a 402 raj vaibhav nx complex raju nagar dombivali west thane maharashtra,2 a 402 thane dombivali west mh
S1-466411604,S3-829627001,India,0.6802108883857727,Other residual,21,0.6351,0.9059,0.3333,1.0,0.0,0.0,ras finance private limited,ras fthcnanice private limited,pl no c 32 maharashtra kolhapur dhanvantari nagar a p r k nagar taluka karveer kolhapur,pl no c 32 kolhapur mharastr
S1-897232367,S3-833731549,US,0.6801944971084595,Address weak / name strong,4,0.9311,0.9586,0.2222,1.0,0.0,0.0,foot and ankle highland group,foot and ankle highland,638 111th lane avondale az,0638 111th ln avondale toownship arizona
S1-870768719,S3-554277460,US,0.6801037192344666,Missing address,4,0.8136,0.9342,0.0,0.0,0.0,0.0,urgent care health of oregonia inc,urgent care heanlhh of oregonia inc,3648 middletown road oregonia oh,
S1-995906808,S3-213534114,India,0.6800128221511841,Missing address,2,0.9566,0.8897,0.0,0.0,0.0,0.0,hitachi earth private limited,hitachi earth,door no 53 1382 a2 sa road near evm honda vyttlia ernakulam kerala,
S1-617151751,S2-213689837,US,0.6799454092979431,Missing address,5,0.9744,0.9579,0.0,0.0,0.0,0.0,back alley cafe,back alley cafe inc,2012 dressage cir louisville ky,
S1-360758626,S3-309427270,India,0.6799454092979431,Missing address,2,0.9735,0.9579,0.0,0.0,0.0,0.0,mumbai test pvt ltd,mumbai test pvt,3 b dhan ratna apts opp j p road andheri west mumbai mumbai city maharashtra,
S1-337121022,S2-620858220,US,0.6798554062843323,Name weak / address strong,2,1.0,0.5881,1.0,1.0,0.0,1.0,hackett capital,hcapital com,3104 chapel view drive beltsville md,3104 chapel view drive beltsville md
S1-630462144,S3-617551068,US,0.6797587871551514,Other residual,7,0.7125,0.9031,0.3333,1.0,0.0,0.0,mix translational llc,mix trans1ational,1 beacon circle hampton city va,001 beacon cir hampton city virginia
S1-401800820,S3-908055944,India,0.679736852645874,Missing address,1,0.9805,0.9543,0.0,0.0,0.0,0.0,galaxy indo finance private limited,galaxy indo finance private,c o om prakash jorher gulharia bazar sadar gorakhpur uttar pradesh,
S1-260661231,S3-306560831,US,0.6796658635139465,Address weak / name strong,4,0.9725,0.95,0.2,1.0,0.0,0.0,maier bny,maier bny co,40 n oaks road north oaks mn,n oaks rd saint paul minnesota
S1-573620612,S3-687549966,US,0.6795612573623657,Other residual,6,0.8274,0.5625,0.4286,1.0,0.0,1.0,biddie moyer p a,veoveo,315 lincoln street tullahoma tn,315 lincoln st tullahoma tennessee
S1-722624546,S3-470604494,India,0.6793383359909058,Both moderately similar,16,0.7051,0.6771,0.4444,1.0,0.0,0.0,smart software pvt ltd,softwaresmart com,9 6461 nehru gali gandhi nagar east delhi delhi,dl east delhi 9 6461
S1-945658201,S3-179463167,US,0.6788150668144226,Address weak / name strong,3,0.873,0.894,0.1667,1.0,0.0,0.0,phillips romero and rivera inc,phillipsromeroriveracom,580 coolidge avenue coolidge az,coolidge ave coolidge arizona
S1-102449973,S3-392331944,India,0.6787195801734924,Other residual,4,0.7176,0.9117,0.3333,1.0,0.0,0.0,solutions bn for limited,sioitinaos bn for limited,haryana gurgaon 5121 31 gurgaon block e rajendra park,block a 9 478 5121 31 gurgaon hr
S1-517561260,S2-386920411,India,0.6784546375274658,Missing address,3,0.9808,0.9568,0.0,0.0,0.0,0.0,services abm projects private limited,services abm projects private,07 ward h no 289 a shobhasri nilaya shankara colony m p prakash nagar hospete bellary karnataka,
S1-878474918,S2-179158708,India,0.6782054305076599,Transliteration / phonetic variation,6,0.7921,0.7595,0.6667,1.0,0.0,0.0,pioneer constructions private limited,payoniyr kmstrksms praivet limited,mig 118 deendayal puram chhindwara madhya pradesh,mig 118 deedayal puram chhindwara bhopal madhya pradesh
S1-592481203,S3-39687241,India,0.6780616044998169,Missing address,4,0.9681,0.9636,0.0,0.0,0.0,0.0,seven services pvt ltd,seven services pvt,plot no 22 1409 nuasahi rasulgarh bhubaneswar khordha orissa,
S1-30631832,S3-900586572,India,0.6777282357215881,Address weak / name strong,1,1.0,0.8513,0.1429,1.0,0.0,0.0,foods vega distribution private limited,private foods vega distribution limited,701 e wing dewdale dutta mandir road wakad s no 174 3 2 1 to 6 pune maharashtra,dotr no 740 701 pune mharastr
S1-629404066,S2-945080357,India,0.6774013042449951,Missing address,4,0.9744,0.9515,0.0,0.0,0.0,0.0,big raj marketing private limited,big raj marketing private,sangram nivas at post somnathpur tq udgir dist latur latur maharashtr a latur maharashtra,
S1-903699066,S3-892141825,India,0.6771321296691895,Missing address,2,0.9718,0.9484,0.0,0.0,0.0,0.0,big investments private limited,big investments private,10 1898 k c building kannadikkal kozhikode kerala,
S1-311966025,S2-994622472,India,0.6771321296691895,Missing address,5,0.9698,0.9484,0.0,0.0,0.0,0.0,sm technologies private limited,sm technologies private,no 452 a type 4 west colony rail wheel factory yelahanka bangalore karnataka,
S1-659807454,S3-374746716,US,0.6765334010124207,Missing address,4,0.869,0.9444,0.0,0.0,0.0,0.0,trixi s platinum ice cream clinic,trixi s platinum ice clinic center,3105 valley falls street elgin il,
S1-446324893,S2-675596645,India,0.6761032938957214,Missing address,4,0.9612,0.8514,0.0,0.0,0.0,0.0,multilink polytechnic,smt multilink polytechnic,gautam buddha nagar f 3 sector 3 noida uttar pradesh,
S1-104651,S3-770828666,US,0.6760820150375366,Missing address,2,0.9831,0.9692,0.0,0.0,0.0,0.0,environmental alliance,environmental alliance inc,340 19 street new york ny,
S1-945270903,S3-582464729,India,0.676056981086731,Missing address,6,0.9722,0.9619,0.0,0.0,0.0,0.0,elshaddai medical llp,elshaddai medical,11 sitaram bunglows opp krishna vihar soc nicol naroda ro ad ahmedabad gujarat,
S1-229810456,S3-447673568,India,0.675754725933075,Address weak / name strong,1,1.0,1.0,0.125,1.0,0.0,0.0,aircom television pvt ltd,aircom television pvt ltd,8 a n h sr no 152 b h 132 kva substation lalpar pb no 369 lalpar opp max granito pvt ltd morbi rajkot gujarat,008 a morbi rajkot gj
S1-461725348,S2-874179423,India,0.675441324710846,Missing address,2,0.986,0.7996,0.0,0.0,0.0,0.0,igneous charitable trust,m s igneous charitable trust,c o ashok kumar ojha 20 a abdul hamid street kolkata kolkata howrah west bengal,
S1-321530438,S3-127357711,US,0.6753222942352295,Name weak / address strong,3,0.834,0.6898,0.5556,1.0,0.0,1.0,oxon hill housing fund,housingoxonhill com,6529 livingston road unit 302 oxon hill md,6529 livingston road oxon hill maryland
S1-611962366,S2-44086550,US,0.675311803817749,Other residual,2,0.9778,0.9767,0.25,1.0,0.0,0.0,diaz capital ellington of henry county,diaz capital ellington of henry county corp,55 steven drive henry county va,steven dr bassett va
S1-363167681,S2-117337694,India,0.6753053069114685,Missing address,4,0.9597,0.8968,0.0,0.0,0.0,0.0,easyway traders private limited,easyway traders,fl no 17 s n 116 12150153a fl 4 nr mohanwadi samarth park yerawada pune maharashtra,
S1-437511271,S3-490688466,US,0.6751741170883179,Name weak / address strong,12,0.876,0.4984,0.6667,1.0,0.0,0.0,metropolitan federation,onyxvio,mo springfield 843 cavalier drive,843 cavalier drive springfield missouri
S1-672930355,S3-513396902,US,0.6750575304031372,Address weak / name strong,5,0.9061,0.9333,0.2,1.0,0.0,0.0,diamond intelligence union llc,diamond intelligence,2371 spruce wood drive asbury ia,02371 spruce wood dr dubuque iowa
S1-889117786,S2-192444014,US,0.6750208139419556,Missing address,3,0.9803,0.9652,0.0,0.0,0.0,0.0,quality delta drive,quality delta drive inc,10713 mercury drive concord tn,
S1-350640671,S3-27036634,US,0.6748526692390442,Missing address,6,0.6403,0.9553,0.0,0.0,0.0,0.0,linn trujillo soulpower,linn thrjlilo soulpower,18135 martin avenue unit 2se homewood il,
S1-452723052,S3-579809528,India,0.6748197078704834,Address weak / name strong,2,1.0,1.0,0.1429,1.0,0.0,0.0,rz trucks pvt ltd,rz trucks pvt ltd,raamsree new no 20 old no 13 sadullah street t nagar chennai tamil nadu,raamsree chennai tn
S1-730618988,S3-837763993,US,0.6745848059654236,Name weak / address strong,5,0.9241,0.4671,0.75,1.0,0.0,1.0,bertie minchew tri state connecticut pleasant view,evodrex,18 white barn drive pleasant view ut,18 white barn drive pleasant view utah
S1-228192969,S3-307950625,US,0.6742091774940491,Missing address,1,0.9699,0.95,0.0,0.0,0.0,0.0,value office inc,value office,or 1137 ellenhurst place bend,
S1-984616372,S2-292867184,US,0.6741993427276611,Missing address,1,0.9778,0.9778,0.0,0.0,0.0,0.0,fitzgerald value storage pc,fitzgerald value storage,rochester unit unit 1 ny 57 rutgers street,
S1-354564895,S3-242907128,US,0.6741772294044495,Missing address,2,0.9725,0.96,0.0,0.0,0.0,0.0,owens dykema and glasgow llc,owens dykema and glasgow llc center,5 parkview street newburgh ny,
S1-571471237,S3-421366765,US,0.6740792393684387,Both moderately similar,4,0.8225,0.8188,0.4,1.0,0.0,0.0,l 8 d star,l eight d star,2801 fort mojave drive bullhead city az,002801 fort mojave dr bullhead city arizona
S1-480806171,S3-243376274,India,0.6740643382072449,Address weak / name strong,4,0.7458,0.9488,0.1905,1.0,0.0,0.0,projects sirisha land center,pr0jects sirisha land center ltd,shed no 29 survey no 129 kempaiah garden adjacent to bts 9th depot peenya indus trial area bangalore karnataka,835 shed no 29 bengaluru bangalore ka
S1-736038839,S3-857822698,India,0.6739529371261597,Missing address,8,0.849,0.9286,0.0,0.0,0.0,0.0,jai foods,jai foods corp,605 a wellington panchsheel tower no 1 ghaziabad uttar pradesh,
S1-188639828,S2-768950612,India,0.673852801322937,Name weak / address strong,1,0.9319,0.6681,0.7778,1.0,0.0,0.0,silver advisors india private limited,indiasilveradvisors com,ca 115 salt lake kolkata howrah west bengal,ca 15 salt lake kolkata howrah west bengal
S1-910593486,S3-454987007,India,0.6737684607505798,Other residual,2,0.959,0.8212,0.1333,1.0,0.0,0.0,rapid ocean private limited,sri rapid ocean private limited,journalist colony film nagar jubilee hills andhra pradesh hyderabad plot no 102 kurnool,02 hyderabad kurnool ap
S1-705303284,S2-409765860,US,0.673740029335022,Missing address,5,0.9779,0.95,0.0,0.0,0.0,0.0,michel green,michel green llc,1145 winding way bolingbrook il,
S1-506998315,S3-87733239,US,0.6735649108886719,Missing address,4,0.9726,0.9722,0.0,0.0,0.0,0.0,warrenville youth choice center,warrenville youth choice center corp,2s 731 winchester circle warrenville il,
S1-817131685,S2-126128720,US,0.6733062267303467,Other residual,2,0.9023,0.9415,0.5,1.0,0.0,0.0,universal property associates,universal property associates corporation,7611 gigur drive fl 0 hanover md,761 gigur drive hanover md
S1-258590853,S2-535590724,US,0.6729148626327515,Missing address,2,0.9741,0.96,0.0,0.0,0.0,0.0,ridge pediatrics inc,ridge pediatrics,227 sherman road ma somerset,
S1-640529726,S3-932312462,India,0.6729148626327515,Missing address,3,0.974,0.96,0.0,0.0,0.0,0.0,trendset and co,trendset and,5th flr runwal and omkar esquare mumbai maharashtra,
S1-315131820,S2-874544136,India,0.6728594899177551,Missing address,5,0.9262,0.9667,0.0,0.0,0.0,0.0,ts print private limited,ts print private ltd,86 b 3 topsia road south kolkata kolkata kolkata howrah west bengal,
S1-207642530,S2-657660569,US,0.6727563142776489,Missing address,8,0.9641,0.95,0.0,0.0,0.0,0.0,eye medicine,eye medicine inc,6113 old post road texarkana ar,
S1-701474760,S3-326179809,US,0.6725839376449585,Name weak / address strong,6,0.8617,0.4961,0.625,1.0,0.0,1.0,clean evolution inc,veraonyx,7 main street unit 304 tooele ut,7 main street 304 tooele utah
S1-344633900,S2-349482893,India,0.672569990158081,Other residual,3,0.8371,0.547,0.3333,1.0,0.0,0.0,harmony and co,service co harmony,h no 11 14 a ward no 11 suseelapadi st near kodikunnu temple paruthur pattambi palakkad kerala,door no 11 14 a null pattambi palakkad keralam
S1-799332485,S3-879865233,India,0.6723886728286743,Address weak / name strong,6,0.744,0.8693,0.2381,1.0,0.0,0.0,sunny nursing corporation,sunny corporation service,c o anita udyog jute house 3rd floor 12 india exchange place kolkata kolkata howrah west bengal,door no 646 c o anita udyog calcutta howrah wb
S1-337470483,S2-659827127,US,0.672143280506134,Other residual,21,0.558,0.9223,0.25,1.0,0.0,0.0,gulf santander,gulf sctader,9 edwin lane unit unit 2a ramapo ny,009 edwin ln po box 2361 ramapo ny
S1-921344992,S3-109369487,US,0.6719992756843567,Name weak / address strong,1,1.0,0.5246,1.0,1.0,0.0,1.0,dr modern mountain corp,wexvantage,6630 creda drive tucson az,6630 creda drive tucson az
S1-167555188,S3-24493364,US,0.671875536441803,Address weak / name strong,5,0.6867,0.8812,0.2222,1.0,0.0,0.0,np great federal corp,np great corp services,1059 nugent avenue islip ny,01059 nugent avenue baywood new york
S1-330977949,S3-393556745,India,0.6718642115592957,Missing address,3,0.973,0.9543,0.0,0.0,0.0,0.0,citylink group of companies pvt ltd,citylink group of companies,17 ganesh chandra avenue 4th floor kolkata kolkata howrah west bengal,
S1-261566638,S3-821285316,India,0.6718348860740662,Other residual,26,0.3683,0.7804,0.1667,1.0,0.0,1.0,south engineering private limited,sauth imjiniyrimg praivet limited,201 saroj plaza 150 feet road near padmavati nagar behind maxus mall bhayandar w thane maharashtra,201 thane mira bhayandar mh
S1-45264948,S3-502746867,India,0.6717801690101624,Name weak / address strong,2,0.9167,0.6923,0.8571,1.0,0.0,0.0,good clinic,good service,15 new delhi delhi jangpura road bhogal,new delhi jangpura road bhogal 15 dilli
S1-747020381,S3-788695633,US,0.6706969738006592,Both moderately similar,2,0.8031,0.735,0.3333,1.0,0.0,0.0,shorts medicine inc,incorporated shorts medicine,tx 9707 alake drive houston,970 alake drive pmb 8468 houston texas
S1-565343671,S3-854280794,US,0.6704911589622498,Other residual,3,0.91,0.9314,0.25,1.0,0.0,0.0,huang fuentes and nunez,huang fuentes and nunez corporation,739 dungan drive mammoth az,728 dungan dr mammoth arizona
S1-312261970,S2-236862482,US,0.6704426407814026,Name weak / address strong,4,0.9338,0.6552,0.7143,1.0,0.0,0.0,family custom care associates,carecustomfamily com,hanover park il 1320 greenbrook court,1320 greenbrook ct hanover park il
S1-997713783,S2-905126786,US,0.6703580021858215,Other residual,2,0.9125,0.965,0.3333,1.0,0.0,0.0,warren county baptist continental church,warren county baptist continental,5584 browntown road warren county va,584 browntown road front royal va
S1-842027739,S3-475329789,India,0.6703113913536072,Other residual,5,0.8065,0.6228,0.375,1.0,0.0,1.0,golden finance pvt ltd,koltn kpainans piraivet limitet,138 trichy road namakkal namakkal salem tamil nadu,138 salem namakkal tn
S1-145109619,S2-775230331,India,0.6702563762664795,Name weak / address strong,3,0.7352,0.6823,0.5385,1.0,0.0,0.0,saraswati academy limited,smt saraswati limited service,177 16 b l saha road kolkata calcutta west bengal,door no 177 16 b l saha road kolkata pscimbng
S1-390344243,S3-713226104,India,0.6701810956001282,Address weak / name strong,1,1.0,1.0,0.1667,1.0,0.0,0.0,gurugram consulting limited,gurugram consulting limited,plot no 831 phase 5 udyog vihar gurugram gurgaon haryana,no 00831 gurugram hr
S1-784762920,S2-840467111,US,0.6698383688926697,Missing address,2,0.9825,0.8658,0.0,0.0,0.0,0.0,eo midwest oneim,eo inc midwest oneim,1966 4055 west valley city ut,
S1-604733351,S3-414347050,India,0.6697120666503906,Other residual,29,0.5003,0.8604,0.3333,1.0,0.0,0.0,shyam producer private limited,syam prodyusr private limited,d no 47 d m block 2nd stage kuvempu nagar mysore karnataka,mysore d no 47 d ka mysore
S1-967621777,S3-240346336,India,0.6696600914001465,Missing address,2,0.9261,0.911,0.0,0.0,0.0,0.0,jaldham kisan private limited,jaldham kisan limited center,kozhikode 12 539 kerala padinjharu veettil karuvam poyil koduvally kozhikode,
S1-135725193,S2-164539736,US,0.6692878603935242,Both moderately similar,4,0.8279,0.6999,0.4286,1.0,0.0,0.0,wo reliable midcap llc,wo wo reliable llc center,6535 bradley avenue lincoln ne,ne 06535 bradley ave lincoln
S1-559987882,S3-466361083,India,0.6692431569099426,Name weak / address strong,1,1.0,0.5217,1.0,1.0,0.0,0.0,omkara foundation,wexkelomira,shop no 11 ground floor krishna dham ramdev park vasai thane maharashtra,shop no 11 ground floor krishna dham ramdev park vasai thane maharashtra
S1-736127957,S3-275813718,US,0.6690675020217896,Missing address,18,0.6732,0.9502,0.0,0.0,0.0,0.0,bright education networks llc,bright education nedlorks llc,19995 emerald view fairview park oh,
S1-913892662,S3-318797998,US,0.6688993573188782,Name weak / address strong,14,0.9063,0.4097,0.5714,1.0,0.0,0.0,tri state center,evojax,2102 brandywine drive matthews nc,north carolina 2102 brandywine drive matthews
S1-526643785,S3-440531968,India,0.6681715846061707,Both moderately similar,23,0.7444,0.7386,0.3529,1.0,0.0,0.0,shiva properties private limited,civa purapprttis piraivet limitet,no 1 1 354 1 37th street i block anna nagar west egmore nungambakkam chennai tamil nadu,no c 1 1 354 1 tn chennai egmore nungambakkam
S1-142549094,S3-64097215,India,0.6681427955627441,Address weak / name strong,1,1.0,1.0,0.1429,1.0,0.0,0.0,mobility loss private limited,mobility loss private limited,chora faliya at post dahej ta vagara village dahej bharuch gujarat,ciora faliya vadodara region bharuch gj
S1-486941071,S3-582543221,US,0.6681297421455383,Other residual,9,0.7104,0.9176,0.25,1.0,0.0,0.0,dynamic energy concepts llc,dynamic enetassy concepts llc,ontario ca 1557 hope avenue,001557 hope ave ontario california
S1-317631839,S3-557868824,US,0.6680544018745422,Missing address,3,0.9526,0.9412,0.0,0.0,0.0,0.0,meyer alpine,meyer alpine corp,1020 34th street newport news city va,
S1-259990998,S3-392848012,US,0.6679024696350098,Other residual,4,0.7665,0.4746,0.375,1.0,1.0,1.0,magdalen martin p a p c,mmpa com,27419 42nd avenue wa auburn,27419 42nd ave auburn ctiy washington
S1-615587455,S3-677837110,India,0.667847752571106,Transliteration / phonetic variation,4,0.9064,0.8558,0.625,1.0,0.0,0.0,ram consulting pvt ltd,ram knsaltim praibhet limited,calcutta kolkata 9a deodar street west bengal,calcutta wb 9a deodar street kolkata
S1-629029076,S2-95371835,US,0.6678289175033569,Missing address,6,0.9466,0.8409,0.0,0.0,0.0,0.0,becker networks,the becker networks,1345 myrtle avenue ny brooklyn,
S1-500923945,S3-580738547,India,0.6677456498146057,Address weak / name strong,5,0.9011,0.9021,0.2308,1.0,0.0,0.0,sree properties private limited,sree properties properties,7a bentick street 2nd floor room no 216 kolkata kolkata howrah west bengal,bentick street kolkata pscimbng
S1-247011365,S2-783670386,US,0.6677200794219971,Missing address,5,0.9816,0.9684,0.0,0.0,0.0,0.0,givens logistics,givens logistics co,2259 6th place camas wa,
S1-378418727,S2-672490717,US,0.6676394939422607,Missing address,4,0.9743,0.9529,0.0,0.0,0.0,0.0,smith farmers inc,smith farmers,1647 may way drive powhatan county va,
S1-380832008,S3-905014595,US,0.6675834655761719,Missing address,4,0.9431,0.9463,0.0,0.0,0.0,0.0,berget mckeown star australian,berget mckeown star australian australian,3374 hillside avenue cincinnati oh,
S1-867303171,S3-797470796,US,0.6674830913543701,Transliteration / phonetic variation,14,0.6346,0.8148,0.1111,1.0,0.0,0.0,optimal intelligence international partners,partners itlelimasee international optimal,6170 glenview drive newburgh in,170 glenview dr newbuurgh indiana
S1-771336406,S3-758274191,India,0.6673322319984436,Transliteration / phonetic variation,11,0.6872,0.875,0.2632,1.0,0.0,0.0,express consultants private limited,express private limited center,544 a a 2 pvt off no 28 f fl acharya niketan mayur vihar ph 1 delhi east delhi delhi,04 544 a a 2 east delhi delhi dl
S1-432478198,S3-742588987,US,0.6672751307487488,Transliteration / phonetic variation,4,0.8004,0.8977,0.4286,1.0,0.0,0.0,olaneus apollo,olaneus aoslo 77973,2500 blanco boulevard bloomfield nm,blanco boulevard bloomfield new mexico
S1-661118553,S3-277870546,India,0.6672477722167969,Address weak / name strong,1,0.9696,0.8501,0.1538,1.0,0.0,0.0,pjr knight private limited,mr pjr knight private limited,449 455 orange textile park 1 lindiat karanj mandvi surat gujarat,00449 455 surat gj
S1-970458058,S3-79711438,US,0.6668843626976013,Missing address,1,0.9756,0.9418,0.0,0.0,0.0,0.0,e 6 creative allegro,e 6 6 creative allegro,723 villa drive ontario oh,
S1-297186702,S3-472578356,US,0.6668557524681091,Acronym / name truncation,10,0.8893,0.6093,0.4444,1.0,0.0,1.0,asset building coalition,abcoalition com,2008 lizard lick road zebulon nc,2008 lizard lick rd zebulon north carolina
S1-93486972,S3-541505631,US,0.6667166948318481,Missing address,8,0.9026,0.936,0.0,0.0,0.0,0.0,downtown cleaning service,downtown cleaning,111 christopher court havelock nc,
S1-289513516,S2-328922496,US,0.6666948795318604,Missing address,12,0.9429,0.9328,0.0,0.0,0.0,0.0,pediatric partners inc,pediatric partners partners inc,513 sixth street city of oconto wi,
S1-796712789,S2-351008496,US,0.6666775345802307,Missing address,6,0.9759,0.9579,0.0,0.0,0.0,0.0,costa cassy m d p c,costa cassy m d,318 coral drive rio rancho nm,
S1-417114565,S2-611575349,India,0.666580080986023,Other residual,23,0.6194,0.639,0.3478,1.0,0.0,0.0,or distributors pvt ltd,ltd or pvt services,south delhi s o sh satya pal sharma new delhi flat 52 a ground floor block 9 pocket 10 b dda janta flat jas ola delhi,delhi s o sh satya pal sharma new delhi
S1-329077153,S3-216132042,US,0.666420042514801,Missing address,5,0.9475,0.9375,0.0,0.0,0.0,0.0,cozy coffee,cozy coffee corp,2601 douglass road unit 403 washington dc,
S1-922325886,S3-790377648,US,0.6664125323295593,Missing address,3,0.943,0.8983,0.0,0.0,0.0,0.0,preferred chemical studios,preferred preferred chemical studios,112 northwood drive fishers in,
S1-293295162,S3-773087328,India,0.6657147407531738,Both moderately similar,6,0.866,0.7655,0.25,1.0,0.0,0.0,meeta hygiene llp,shri meeta hygiene l l p,door no 35 1585 church circle near bible tower erinjeri angadi thrissur kerala,h no d 35 1585 thrissur kerlm
S1-179325330,S2-456278811,US,0.6653915047645569,Other residual,6,0.9103,0.9292,0.5714,1.0,0.0,0.0,pauli b gutierrez d o m d p c,pauli b gutierrez d o p c service,204 wood street odin il,00204 wood street odin city il
S1-119811850,S3-664301965,India,0.6651278734207153,Both moderately similar,27,0.7035,0.7903,0.3846,1.0,0.0,0.0,all producer private limited,ol prodyusr praivet limited,a bda complex bhopal flat no 505 madhya pradesh huzur,0505 a bda complex bhopal huzur mdhy prdes
S1-389043613,S2-182994555,US,0.6650605201721191,Missing address,3,0.977,0.96,0.0,0.0,0.0,0.0,ivenis farms,ivenis farms co,5154 oakdale avenue il chicago,
S1-113853170,S2-784673088,US,0.6650605201721191,Missing address,5,0.9768,0.96,0.0,0.0,0.0,0.0,coastal northern llc,coastal northern,45 tremblay avenue plattsburgh ny,
S1-678106781,S2-10262232,US,0.6650426983833313,Other residual,4,0.9639,0.8202,0.1818,1.0,0.0,0.0,stevenson principal inc,the stevenson principal inc,tulsa unit apartment 1538 ok 5376 81st street,ok tulas 5376 81th st
S1-774735237,S3-972676599,US,0.6650279760360718,Missing address,3,0.9801,0.9739,0.0,0.0,0.0,0.0,hanzlik horizon good,hanzlik horizon good lp,39280 millies lane mechanicsville md,
S1-141652086,S2-570474999,US,0.664878249168396,Name weak / address strong,3,0.9683,0.4132,0.6667,1.0,0.0,1.0,debor scott engineering inc,cirazephvio,250 prescott drive campbellsville ky,250 prescott dr campbellsville ky
S1-487016441,S3-661572311,US,0.664838969707489,Missing address,4,0.9646,0.9565,0.0,0.0,0.0,0.0,rena waddell rocky,rena waddell rocky corp,105 beirne avenue huntsville al,
S1-577114965,S2-625322282,US,0.6646763682365417,Missing address,4,0.9741,0.9579,0.0,0.0,0.0,0.0,brown community inc,brown community,ia 214 sunset drive new london,
S1-577114965,S2-104915196,US,0.6646763682365417,Missing address,5,0.9741,0.9579,0.0,0.0,0.0,0.0,brown community inc,brown community,ia 214 sunset drive new london,
S1-812799259,S3-33449238,US,0.6645817756652832,Missing address,5,0.9769,0.96,0.0,0.0,0.0,0.0,mount ministries,mount ministries inc,1895 tualatin valley highway unit h hillsboro or,
S1-956585211,S3-729796820,India,0.6645130515098572,Missing address,27,0.539,0.9298,0.0,0.0,0.0,0.0,patna resources private limited,patna reesoruhcms private limited,6 a ved nagar khajpura patna bihar,
S1-35186490,S3-454540544,India,0.6644313335418701,Missing address,6,0.9756,0.842,0.0,0.0,0.0,0.0,classic consultants private limited,m s classic consultants private limited,722 45 maharashtra pune city gangadhar bunglow laxmi park colony pune,
S1-312611129,S3-184940932,US,0.6640063524246216,Other residual,21,0.7708,0.9347,0.25,1.0,0.0,0.0,national preparatory academy,national preparatory center,2833 heineman road ny ellery,heineman rd ellery new york
S1-378986384,S2-917163505,India,0.6639469265937805,Name weak / address strong,11,0.8529,0.6038,0.6667,1.0,0.0,0.0,white construction pvt ltd,vhait kmstrksn pra li,noida sector 52 e 103 uttar pradesh gautam buddha nagar,e 7 103 null gautam buddha nagar noida uttar pradesh
S1-100981966,S3-293416401,India,0.6637879014015198,Both moderately similar,2,0.9581,0.7112,0.2,1.0,0.0,0.0,star engineering private limited,dr star limited private engineering,flat no 203 sree nilayam a b sampoorna market manikonda hyderabad rangareddy telangana,no 03 hyderabad rangareddy tg
S1-450504163,S3-157550608,US,0.6630445718765259,Other residual,24,0.7161,0.8715,0.2857,1.0,0.0,0.0,mount methodist church,m0unt methodist church ltd,dallas 1507 waterside court tx,waterside ct dallas texas
S1-353657905,S3-369818262,US,0.6630147099494934,Missing address,1,0.9442,0.8889,0.0,0.0,0.0,0.0,lopez s financial,lopez s lopez s financial,13675 river bend road hoback wy,
S1-923121912,S3-133505058,India,0.6629068851470947,Address weak / name strong,1,1.0,1.0,0.1538,1.0,0.0,0.0,general ventures private limited,general ventures private limited,14 kolkata west bengal howrah hanspukur 1st lane p s posta kolkata,014 kolkata howrah wb
S1-85641440,S2-115170762,US,0.6626840829849243,Missing address,4,0.983,0.9636,0.0,0.0,0.0,0.0,legacy restaurants,legacy restaurants inc,1109 houserville road college twp pa,
S1-305108315,S3-67093572,US,0.6623644828796387,Address weak / name strong,3,1.0,1.0,0.2,1.0,0.0,0.0,leelah s realty,leelah s realty,4729 pacific highway unit 4 phoenix or,oregon pacific hwy phoenix icty
S1-711728988,S2-591635131,US,0.6623087525367737,Other residual,1,0.9642,0.9583,0.25,1.0,0.0,0.0,lelah g johnson dmd,lelah g johnson dmd corp,5551 78th street sacramento ca,5553 78th st scaramento ca
S1-197455436,S3-849539478,US,0.6622642278671265,Missing address,7,0.9736,0.9684,0.0,0.0,0.0,0.0,premier surgical,premier surgical co,9150 little mountain road kirtland hills oh,
S1-295465916,S2-456296458,US,0.6622642278671265,Missing address,2,0.9718,0.9684,0.0,0.0,0.0,0.0,heart ministries,heart ministries co,123 glenridge drive eden nc,
S1-816702129,S3-890093134,India,0.6618201732635498,Name weak / address strong,4,0.9463,0.6084,0.7692,1.0,0.0,0.0,stone marketing limited,sri veohalo,no 87 20 9th main 9th cross rmv extension sadashivnagar bangalore karnataka,bangalore 9th main 9th cross rmv extension sadashivnagar no b3 87 20 ka
S1-472137526,S2-814633056,India,0.661739706993103,Missing address,2,0.8479,0.9523,0.0,0.0,0.0,0.0,jawahar investment pvt ltd,jawahar inestment pvt ltd,a2 001 city homes vatika india next gurgaon narsinghpur gurgaon haryana,
S1-991382863,S2-919644862,India,0.661034345626831,Both moderately similar,24,0.5219,0.6687,0.3529,1.0,0.0,0.0,lakshmi infotech pvt ltd,lksmi imphotek pra li,53 gurgaon haryana tower 6 8th floor vipul belmonte golf course road sector apartment no 802,apartment no 802 null 53 gurgaon haryana
S1-673795844,S3-473246613,US,0.6610289216041565,Address weak / name strong,23,0.4761,0.9043,0.2222,1.0,0.0,0.0,primary care center inc,primary care,il alton 2109 ridge drive,2054 ridge dr alton cpd illinois
S1-567278322,S2-229875172,India,0.6606447696685791,Both moderately similar,25,0.557,0.6884,0.3571,1.0,0.0,0.0,khaitan traders limited,limited khaitan ttasdls,house no 60 block b pkt 5 sector 8 rohini delhi north west delhi,houde no 60 delhi north west delhi
S1-587966148,S2-476579319,India,0.6604353189468384,Missing address,8,0.7907,0.9735,0.0,0.0,0.0,0.0,dwarkadhish niwas india center,dwarkadhish niwas india cectanr,1d 1 17 lalita park laxmi nagar delhi,
S1-240654483,S2-384307465,India,0.6603299975395203,Missing address,1,0.9758,0.9448,0.0,0.0,0.0,0.0,kandy traders private limited,kandy traders private,c o lal singh h no 05 village purwa uajaina bidhuna auraiya uttar pradesh,
S1-597568609,S3-473849016,US,0.6598390936851501,Address weak / name strong,5,0.656,0.9229,0.1111,1.0,0.0,0.0,ilyse griffith great fitness,ilyse gilthf great fitness,508 4th street wilmington de,50 4rd saint wilmington delaware
S1-970912011,S2-32390900,India,0.6596486568450928,Name weak / address strong,2,0.9959,0.4781,0.875,1.0,0.0,0.0,great high producer pvt ltd,dovaectoveo,8 a satya vihar colony jaipur rajasthan,no 8 a satya vihar colony jaipur rajasthan
S1-616888551,S2-276179990,India,0.6595122218132019,Missing address,3,0.9827,0.9733,0.0,0.0,0.0,0.0,phobos multispeciality limited,phobos multispeciality ltd,13 floor no 2 plot no 97 edena bldg maharshi karve road new marine lines churchgate mumbai mumbai city maharashtra,
S1-139523719,S3-784254600,US,0.6592901945114136,Other residual,6,0.7099,0.6261,0.3333,1.0,0.0,1.0,royal and platt biomedical associates,plattroyal com,2815 hankins road hankins north fork nc,2815 hankins rd maion north carolina
S1-274748960,S3-688801686,US,0.6591435670852661,Missing address,30,0.4427,0.9829,0.0,0.0,0.0,0.0,pediatric dental care associates,pediatric dental care associates lp,5366 lakewood terrace imperial mo,
S1-195532480,S2-569701459,India,0.6590684056282043,Missing address,18,0.8303,0.939,0.0,0.0,0.0,0.0,new delhi agro private limited,new delhi agro private trading,new delhi b 6 8 block b ground floor okhla industrial area phase ii delhi new delhi,
S1-903477341,S3-487626399,India,0.6590254306793213,Name weak / address strong,2,1.0,0.5016,1.0,1.0,0.0,0.0,tata information llp,xylocira one,s 9 plot no 9 pankaj arcade sector 10 dwarka delhi north west delhi,s 9 plot no 9 pankaj arcade sector 10 dwarka delhi north west delhi
S1-26472208,S2-836342962,India,0.6589662432670593,Name weak / address strong,3,0.8849,0.5,0.75,1.0,0.0,1.0,next group,dr next limited,13 6 431 d 54 moghal nagar mehdipatnam hyderabad telangana,13 6 431 d 54 moghal nagar mehdipatnam hyderabad andhra pradesh
S1-701474760,S3-279921651,US,0.6588653326034546,Missing address,3,0.9782,0.9579,0.0,0.0,0.0,0.0,clean evolution inc,clean evolution,7 main street unit 304 tooele ut,
S1-283624977,S3-447875937,US,0.6588218808174133,Other residual,6,0.9195,0.9533,0.2857,1.0,0.0,0.0,nola r escobedo l c s w dds pc,nola r escobedo l c s w,7117 four sixes ranch road north richland hills tx,711 four sixes ranch rd n rihland hills texas
S1-915010057,S3-813773032,US,0.6586890816688538,Both moderately similar,2,0.8159,0.6905,0.4444,1.0,0.0,1.0,nasea management,nasea services,847 halstead boulevard elizabeth city nc,847 halstead blvd elizabeth city city north carolina
S1-969723383,S2-818951430,US,0.6582449674606323,Missing address,10,0.9772,0.9684,0.0,0.0,0.0,0.0,uptown bike shop,uptown bike shop co,696 sparrow court gilbert az,
S1-949651836,S2-105851936,India,0.6581113934516907,Name weak / address strong,5,0.8902,0.6528,0.8125,1.0,0.0,0.0,kt tours,kt center 94886,house no 305 floor ground block c pkt 1 sector 11 rohini delhi north west delhi,house no 305 floor ground block c pkt 1 sector 11 rohini delhi dilli
S1-613164136,S2-738402267,India,0.6580687165260315,Missing address,3,0.9648,0.9636,0.0,0.0,0.0,0.0,heritage stock limited,heritage stock ltd,c o bhagavat singh s o ajit singh mohara kalan raipur sojat raipur pali rajasthan,
S1-121766510,S3-690979604,India,0.6580336093902588,Address weak / name strong,1,1.0,1.0,0.1765,1.0,0.0,0.0,shakti business limited,shakti business limited,g 703 mandawali delhi prince apts plot no 54 i p extension patparganj,g 0703 mandawali anand vihar delhi dilli
S1-396883668,S3-314705676,US,0.6580074429512024,Missing address,4,0.9668,0.9643,0.0,0.0,0.0,0.0,fresh nutrition systems corp,fresh nutrition systems,873 market street lemoyne borough pa,
S1-459818268,S2-638425142,US,0.657990574836731,Missing address,4,0.9755,0.9625,0.0,0.0,0.0,0.0,upper academy,upper academy co,14009 lake boulevard city of shasta lake ca,
S1-942578883,S3-957660672,India,0.657922625541687,Name weak / address strong,3,0.9132,0.6739,0.5833,1.0,0.0,0.0,al global limited,globalal com,g 75 sector 63 gautam buddha nagar gautam buddha nagar uttar pradesh,hn 48 g 75 sector 63 gautam buddha nagar gautam buddha nagar up
S1-802467142,S3-994463930,US,0.657802164554596,Missing address,13,0.8711,0.9308,0.0,0.0,0.0,0.0,bright pizza corp,bright pizza corp services,2902 springhill avenue baltimore md,
S1-914363757,S3-380433361,US,0.6577144861221313,Missing address,5,0.774,0.9144,0.0,0.0,0.0,0.0,klein and hanson galata l l c,klein and hanson l l c center,120 jacob drive princeton ky,
S1-357318228,S2-15309953,India,0.6575606465339661,Missing address,4,0.9731,0.9515,0.0,0.0,0.0,0.0,guru technologies private limited,guru technologies private,datta nagar 16 1 mundhada urjanagar road shri sai industrial training institute lakhaamapur chandrapur maharashtra,
S1-906587836,S3-715685157,US,0.6571862697601318,Transliteration / phonetic variation,5,1.0,0.7333,0.1111,1.0,0.0,0.0,simmons bakery llc,llc simmons bakery,955 pumpkintown road sylva nc,pumpkintown rd sylav north carolina
S1-841932611,S2-235178337,India,0.6570934057235718,Name weak / address strong,6,0.852,0.6893,0.5714,1.0,0.0,0.0,life engineering private limited,laiph injiniyrim praibhet limited,industrial estate madhupatna cuttack orissa,industrial estate madhupatna cuttack od isa
S1-237463442,S2-305493571,US,0.6567674279212952,Name weak / address strong,4,0.9624,0.5333,0.6667,1.0,0.0,1.0,economic development charities,edcharities com,100 stardale road morrisville nc,100 stardale rd morrisville nc
S1-241930732,S3-172254959,India,0.6562139987945557,Transliteration / phonetic variation,6,0.729,0.7926,0.5,1.0,0.0,0.0,zz retail,zz center,no 355 22 hulimavu village kave temple road bannerghatta road bangalore karnataka,no 355 2 hulimavu village kave temple road bengaluru hq region bangalore ka
S1-742540017,S2-911847690,India,0.6561141014099121,Other residual,7,0.7327,0.7323,0.6,1.0,0.0,0.0,new classic media private limited,niu klasik midiy a praibhet limited,pallysree garden reach kolkata calcutta west bengal,pallysree garden reach kolkata jagatdal pagana north west bengal west bengal
S1-942477709,S3-833793467,US,0.6560507416725159,Name weak / address strong,3,0.7578,0.3925,0.5,1.0,0.0,1.0,jones and cloud inc,brixtav0,185 north street city of sun prairie wi,185 1 2 north saint city of sun prairie wisconsin
S1-751026476,S3-536005338,India,0.6560121178627014,Transliteration / phonetic variation,3,0.8644,0.7183,0.625,1.0,0.0,0.0,delhi and co,m s delhi and company,222 16 moomal tower opp saheli palace hotel saheli marg udaipur rajasthan,h no 220 222 16 moomal tower opp saheli palace hotel saheli marg udaipur bhuwana udaipur rj
S1-166700219,S2-49250795,India,0.6559786796569824,Other residual,23,0.6906,0.7495,0.5,1.0,0.0,0.0,indo digital construction private limited,imdo dijitl kmstrksn praivet limited,narsinghpur f 101 mpg haryana gurgaon mapsko paradise sector 83 gurugram,f 101 mpg 4 gurgaon narsinghpur haryana
S1-969723383,S3-393353759,US,0.6556283831596375,Other residual,17,0.7826,0.9179,0.4286,1.0,0.0,0.0,uptown bike shop,uptown bike 5hop center,696 sparrow court gilbert az,96 sparrow court gilbert arizona
S1-921018711,S3-770168465,India,0.6553570032119751,Both moderately similar,5,0.8829,0.7002,0.2,1.0,0.0,0.0,aec builders private limited,limited aec builders center,no 11 07 first floor shop no 4 18th cross 5th phase sarakki village j p nagar bangalore karnataka,no 11 07 null bangalore ka
S1-61674421,S2-908940971,US,0.6549042463302612,Missing address,3,0.951,0.9674,0.0,0.0,0.0,0.0,internal medicine quality health inc,internal medicine quality health health inc,glendale 5429 manzanita drive az,
S1-394137329,S3-445081838,India,0.6548818349838257,Name weak / address strong,6,0.8643,0.473,0.6875,1.0,0.0,0.0,meteoric industries group private limited,brixarc,s o0 ganesh bar vill gazalia po ghoshpur kharihatabad north 24 parganas west bengal,s o2 ganesh bar vill gazalia po ghoshpur kharihatabad north 24 parganas wb
S1-223567491,S2-699456698,US,0.6547683477401733,Missing address,13,0.8744,0.9368,0.0,0.0,0.0,0.0,christ presbyterian church,christ presbyterian church enterprises,3909 parrish avenue owensboro ky,
S1-793912247,S3-717867303,India,0.6547247171401978,Missing address,4,0.8898,0.9867,0.0,0.0,0.0,0.0,sky investment private limited,sky investment praivet limited,1120 mundi road bijalpur indore m p indore madhya pradesh,
S1-854228408,S2-711782001,US,0.6546425819396973,Missing address,5,0.9622,0.97,0.0,0.0,0.0,0.0,a and k quartzsea pc,a and k quartzsea,12456 vegas drive tucson az,
S1-688622370,S2-239938994,US,0.6546138525009155,Acronym / name truncation,7,0.9113,0.9092,0.5,1.0,0.0,0.0,greene royal entertainment pllc,greene royal entertainment entertainment,394 overlook drive waterville oh,overlook dr waterville oh
S1-67331216,S3-278784076,US,0.6544020771980286,Missing address,3,0.8638,0.9273,0.0,0.0,0.0,0.0,hill preis and snyder freight inc,hill preis and snyder,46 west street hornell ny,
S1-210993950,S2-191991843,India,0.6543383002281189,Missing address,2,0.957,0.9429,0.0,0.0,0.0,0.0,one and sons private limited,one and sons private,103 8 3 318 11 4 sri sai pacific towers jaya prakash nagar yellareddy guda hyderabad telangana,
S1-673048990,S3-444536879,US,0.6542251110076904,Transliteration / phonetic variation,11,0.573,0.7463,0.1818,1.0,0.0,1.0,waiters modern studios inc,studioswaitersmoderncom,1050 173rd avenue unit 56 goodyear az,1050 173th ave null goodyear arizona
S1-432958153,S3-590859160,India,0.6541712284088135,Missing address,24,0.5602,0.9465,0.0,0.0,0.0,0.0,xuz micro limited,xuz mhnilcro limited,hig 34 35 sector 1 m v p colony visakhapatnam vishakhapatnam andhra pradesh,
S1-134700758,S3-959556855,India,0.6541623473167419,Name weak / address strong,7,0.8874,0.5635,0.8182,1.0,0.0,1.0,deepmala india,umbraquovantage,3 doctors colony d c m ajmer road jaipur rajasthan,3 doctors colony d c m ajmer road jaipur rj
S1-186338940,S2-299254394,India,0.6534351110458374,Missing address,2,0.9738,0.9636,0.0,0.0,0.0,0.0,white producer pvt ltd,white producer pvt,plot no 19sector 4 airoli navi mumbai maharashtra,
S1-848619213,S3-950310092,US,0.6525588631629944,Other residual,5,0.7864,0.3452,0.4286,1.0,0.0,1.0,coix llc,halokor,18 dodge road marblehead ma,18 dodge rod marblehead massachusetts
S1-185453344,S2-318039633,US,0.6524277925491333,Transliteration / phonetic variation,3,0.8432,0.8761,0.5,1.0,0.0,0.0,sioux fox d d s,sioux fox service,11393 four roses trail frisco tx,1393 four roses trl frisco tx
S1-389523463,S3-984781718,US,0.6521827578544617,Missing address,1,0.9233,0.9611,0.0,0.0,0.0,0.0,alfreda prather chemical corporation,alfreda prather chemical corp,213 courtland avenue unit apartment 1 buffalo ny,
S1-436898576,S2-606973587,US,0.6521516442298889,Missing address,3,0.9676,0.9625,0.0,0.0,0.0,0.0,pratt onfolio,pratt onfolio lp,602 broadway street roscoe tx,
S1-184133139,S2-681373995,India,0.6518876552581787,Missing address,4,0.9609,0.9742,0.0,0.0,0.0,0.0,pt developments private limited,pt developments private ltd,c o harnarayan rathi prop ashok harnarayan rathi shop no 20 and 21 apmc market yard jalgaon maharashtra,
S1-880953199,S3-200312378,US,0.6514630317687988,Missing address,4,0.9679,0.9613,0.0,0.0,0.0,0.0,notech preferred printing l l c,notech preferred printing,5569 muddy creek road cincinnati oh,
S1-83426016,S2-792681521,US,0.6511157751083374,Name weak / address strong,4,0.9563,0.4561,0.7143,1.0,0.0,1.0,noelle moore d o dds pc,dovadelta,8 burnt bridge road sharon ma,8 burnt bridge rd sharon ma
S1-40672853,S2-148676875,India,0.6510845422744751,Other residual,1,0.7309,0.5424,0.25,1.0,0.0,1.0,omicron consultants pvt ltd,ltd omicron pvt service,304 b 4 sagar sarita co op hsg soc meena nagar diwanman vasai west maharashtra,304 vasai west diwanman mharastr
S1-403250375,S2-476042176,US,0.6510376930236816,Missing address,4,0.909,0.9415,0.0,0.0,0.0,0.0,downs and pagan international,downs and pagan international corporation,453 suncrest town centre drive unit 100 morgantown wv,
S1-283204364,S2-51231423,India,0.6507311463356018,Name weak / address strong,2,0.9098,0.4833,0.8182,1.0,0.0,0.0,surya infotech private limited,orbinyla,783 vikram nagar karnataka bangalore 6th a main isro layout,vikram nagar 6th a main isro layout bangalore 783 krnatk
S1-570764348,S3-491594835,US,0.6506375670433044,Address weak / name strong,11,0.8359,0.9806,0.2,1.0,0.0,0.0,physical therapy strategic specialists llc,physical therapy stratgic specialists llc,3531 grand forks boulevard albemarle county va,grand forks blvd charlottesville virginia
S1-556996257,S3-750205182,India,0.6504727005958557,Name weak / address strong,5,0.9606,0.5056,0.75,1.0,0.0,0.0,paradise finance limited,nexvantage,1101 11th floor crescenzo gblock opp mcaclub bkc mumbai maharashtra,b3 1101 11th floor crescenzo gblock opp mcaclub bkc mumbai mh
S1-294899349,S3-951835761,India,0.6503490805625916,Address weak / name strong,2,0.8146,0.9273,0.125,1.0,0.0,1.0,drs technology company,drs technology,312 laxmi sagar bhubaneswar khordha orissa,312 khorda od
S1-301167107,S3-102743458,US,0.6502571105957031,Other residual,2,0.9593,0.9546,0.4286,1.0,0.0,0.0,pocahontas pediatric preferred group,pocahontas pediatric preferred inc,2007 douglas drive pocahontas ar,200 douglas drive pocahontas arkansas
S1-150464723,S2-507211574,India,0.6498852968215942,Name weak / address strong,4,0.886,0.4673,0.75,1.0,0.0,0.0,vy elevator private limited,umbradrexarc,c 604 dsidc industrial park narela delhi,c 304 dsidc industrial park narela delhi
S1-866897702,S3-807613447,India,0.6492669582366943,Missing address,2,0.9469,0.9688,0.0,0.0,0.0,0.0,consulting tanmay infratech corp,consulting tanmay infratech,c o umanakt dattoba munde at post govindpur taluka kallam osmanabad maharashtra,
S1-736127957,S3-58494292,US,0.6492516398429871,Address weak / name strong,21,0.6464,0.9373,0.2222,1.0,0.0,0.0,bright education networks llc,bright eduntfndon networks llc,19995 emerald view fairview park oh,cleveland 19988 emerald view ohio
S1-420563689,S2-190740751,India,0.6488831043243408,Missing address,2,0.9649,0.9784,0.0,0.0,0.0,0.0,proline constructions private limited,proline constructions private ltd,b 406 the island s no 169 3 7 opp sukhwani petrol pump wakad pune maharashtra,
S1-42628744,S3-126771762,India,0.648871660232544,Other residual,28,0.35,0.842,0.1667,1.0,0.0,0.0,south tech llp,sauth tek elelpi,shree mansion laxmi dharam kanta lane opposite old ioc depot 22 godam jaipur rajasthan,door no 756 shree mansion jaipur rj
S1-881895074,S3-868463811,India,0.6488144993782043,Address weak / name strong,3,0.8551,0.8552,0.2105,1.0,0.0,0.0,qss and brothers private limited,qss brothers private limited services,unit no 134 1st floor building no c 7 bhumi world village pimplas taluka bhiw andi thane maharashtra,unit no 9 134 thane mharastr
S1-839923116,S2-366011994,US,0.6487823724746704,Name weak / address strong,5,0.898,0.4085,0.8,1.0,0.0,0.0,yk archimedes inc,veoevo,954 fairfield avenue columbiana oh,fairfield avenue columbiana oh
S1-412013372,S2-588808814,India,0.6486888527870178,Missing address,23,0.5347,0.9589,0.0,0.0,0.0,0.0,harbinger hospital,harbinger hnosittahl,h no 7 1 69 2 1st floor d k road ameerpet hyderabad telangana,
S1-504674093,S2-67953179,US,0.6485645174980164,Other residual,4,0.7645,0.931,0.4286,1.0,0.0,0.0,knox federal star llc,knox fdeedarl star llc 12711,6750 hollis avenue dallas tx,006750 hollis ave dallas tx
S1-859008420,S3-22566413,US,0.6484447717666626,Missing address,2,0.9806,0.9619,0.0,0.0,0.0,0.0,rev it up seafood,rev it up seafood inc,15212 us 24 roanoke in,
S1-123885235,S3-404002765,US,0.6482380032539368,Name weak / address strong,7,0.9023,0.4952,0.6667,1.0,0.0,1.0,toa inc,quoviolyra,307 45th avenue northlake il,307 45th avenue northlake illinois
S1-530935136,S3-437664791,India,0.6481631398200989,Both moderately similar,7,0.6419,0.8179,0.4167,1.0,0.0,0.0,solutions poddar india private limited,private solutions polddar india limited,a 96 97 nehru vihar timarpur delhi north delhi delhi,plot a 476 a 96 97 north delhi new delhi dilli
S1-795254192,S3-120820918,US,0.648051381111145,Other residual,27,0.621,0.9208,0.2727,1.0,0.0,0.0,federal can,federa1 can lp,2319 24th street washington dc,washington 2319 1 2 24th st district of columbia
S1-137213608,S3-950355659,India,0.6479396820068359,Other residual,2,0.8386,0.6333,0.4286,1.0,0.0,0.0,bhosale and brothers,m s bhosale and,house no r 250 block road greater kailash i opposite r 251 delhi new delhi delhi,house no r 250 delhi new delhi dl
S1-276611262,S3-850831048,US,0.6479199528694153,Missing address,2,0.8413,0.9297,0.0,0.0,0.0,0.0,integrated golden family practice llc,integrated golden family,1 prior circle saco me,
S1-393137673,S2-486337760,India,0.6476693153381348,Missing address,2,0.9679,0.9556,0.0,0.0,0.0,0.0,shree chem pvt ltd,shree chem pvt,no 5 22 a seelamvaripalem t saicharan ghantasala mandal srikakulam krishna andhra pradesh,
S1-366289125,S2-542735091,US,0.6473934054374695,Transliteration / phonetic variation,5,0.6442,0.8764,0.4444,1.0,0.0,0.0,e 4 value debt inc,e 4 value inc services,1400 32nd avenue bldg building 210 fargo nd,400 32nd avenue fargo nd
S1-313438653,S2-116290969,US,0.6472918391227722,Address weak / name strong,2,0.9943,0.981,0.2,1.0,0.0,0.0,keller next of kenai peninsula borough llc,keller next of kenai peninsula borough,ak 1422 bay avenue kenai peninsula borough,1422a bay ave homer ak
S1-988992547,S3-371219320,US,0.6472625136375427,Missing address,1,0.8324,0.9417,0.0,0.0,0.0,0.0,green design corporation,green design corp,2310 119th drive lake stevens wa,
S1-183149970,S3-788668501,India,0.6472436189651489,Missing address,3,0.9543,0.9758,0.0,0.0,0.0,0.0,indian healthcare private limited,indian healthcare private ltd,varanasi ravindrapuri bhelupura plot no 21 a lane no 1 varanasi uttar pradesh,
S1-396333098,S3-503340352,India,0.6471314430236816,Address weak / name strong,2,0.9846,0.9742,0.15,1.0,0.0,0.0,universal super enterprises,universal super enterprises ltd,6th floor wing b two horizon center golf course road dlf 5 sector 43 gurgaon haryana,h no 6th 8 floor gurgaon hr
S1-728121411,S3-224972847,US,0.6467777490615845,Missing address,3,0.9339,0.7899,0.0,0.0,0.0,0.0,pettis auto,the pettis auto,1707 g street rogers ar,
S1-955346084,S2-866577594,US,0.6462967991828918,Missing address,1,0.9111,0.9538,0.0,0.0,0.0,0.0,hutto and stillwell irenic inc,hutto and stillwell irenic incorporated,2922 summer sun court unit cond 154 anchorage ak,
S1-469947546,S3-219520693,US,0.6461828947067261,Missing address,12,0.9582,0.9333,0.0,0.0,0.0,0.0,blue pub,blue pub inc,695 marion street stayton or,
S1-503658757,S2-761892231,US,0.6460708975791931,Name weak / address strong,10,1.0,0.4651,1.0,1.0,0.0,1.0,helios llc,vioecto,1033 condor junction road wendell nc,1033 condor junction road wendell nc
S1-77153528,S3-974186719,India,0.6460655331611633,Name weak / address strong,4,0.895,0.4556,0.7,1.0,0.0,0.0,international chokhani india private limited,jaxdeltavio,02 29 and 30 1st floor vajaram mansion 9th main hongasandra road garvebhavipya bangalore karnataka,h no 02 29 and 30 1st floor vajaram mansion 9th main hongasandra road garvebhavipya bengaluru urban bangalore krnatk
S1-13904414,S2-728211638,India,0.645968496799469,Name weak / address strong,5,0.9303,0.424,0.7778,1.0,0.0,0.0,tech technology pvt ltd,sri evogild,nc 1 11 vidhyadhar nagar sector 1 jaipur jaipur rajasthan,nc 1 11 vidhyadhar nagar sector 1 jaipur jaipur rajsthan
S1-263101646,S3-61483591,US,0.6455053687095642,Missing address,3,0.9803,0.9619,0.0,0.0,0.0,0.0,brown rapid aldel inc,brown rapid aldel,18024 audrey lane surprise az,
S1-514311262,S3-289207154,US,0.6452746391296387,Address weak / name strong,2,0.9857,0.9556,0.1667,1.0,0.0,0.0,toverva assets llc,toverva assets,al hamilton 406 7,7 hamillton alabama
S1-700478736,S3-544275201,India,0.6450430154800415,Missing address,3,0.9104,0.9415,0.0,0.0,0.0,0.0,technologies maa industrial private limited,technologies maa industrial limited center,cuddalore panruti salem main road tamil nadu no 54 5a2,
S1-143370274,S3-649548677,US,0.6449820399284363,Address weak / name strong,1,0.9871,0.9056,0.2222,1.0,0.0,0.0,newman and lamba plutonian,newman lamba plutonian,4887 96th street oh garfield heights,96th street null cleveland ohio
S1-869521174,S3-117074519,India,0.6449617147445679,Name weak / address strong,4,0.8757,0.5587,0.75,1.0,0.0,0.0,gujarat anand properties private limited,agproperties com,hall no 02 f f gomantika parisar jawahar chowk bhopal madhya pradesh,bhopal f f gomantika parisar jawahar chowk mp hall no 02 bhopal
S1-218622077,S2-544939005,US,0.6447468400001526,Missing address,3,0.8886,0.925,0.0,0.0,0.0,0.0,early advanced alpex,early advanced alpex corporation,58 springfield street unit 4 lawrence ma,
S1-270849339,S3-788211437,India,0.6443464159965515,Both moderately similar,29,0.4321,0.7675,0.2667,1.0,0.0,1.0,east builders limited,smt east bui1ders limited,413 akshar commercial complex opp sita tower shivranjani cross road satellite ahmedabad gujarat,413 satellite shyamal cross road gj
S1-990120292,S3-997068944,India,0.6441277265548706,Missing address,1,0.9599,0.9538,0.0,0.0,0.0,0.0,manush and co,manush and,flat no 61 sunville apartment next to infant jesus school off chincholi bundar rd m alad west mumbai mumbai city maharashtra,
S1-530788395,S2-256314095,US,0.6440032124519348,Missing address,3,0.9778,0.9677,0.0,0.0,0.0,0.0,gray bongiorno value quest,gray bongiorno value quest corp,131 main street unit 2 medway ma,
S1-696369986,S2-269025307,US,0.6439748406410217,Missing address,1,0.9757,0.9538,0.0,0.0,0.0,0.0,novial tpg,novial tpg co,10 aderene road peabody ma,
S1-736044396,S2-716336804,US,0.6438933610916138,Other residual,2,0.8642,0.4656,0.4615,1.0,0.0,1.0,silver telecom llc,lumfaye,2781 new hope cedar point road new hope al,2781 1 2 new hope cedar point rd po box 8860 new hope al
S1-258957204,S3-303858692,India,0.643886387348175,Missing address,3,0.8354,0.9679,0.0,0.0,0.0,0.0,dhansilk trading private limited,dhansilk tading private limited,khasra no 284 1 1 mangalia sadak bypass before mangalia toll plaza indore madhya pradesh,
S1-103988961,S3-285392760,India,0.6436662077903748,Missing address,4,0.9505,0.9765,0.0,0.0,0.0,0.0,united investments private limited,united investments private ltd,a 5 4 meera nagar koregaonpark pune maharashtra,
S1-873581432,S3-912826075,US,0.6436072587966919,Address weak / name strong,1,0.9831,0.9634,0.1538,1.0,0.0,0.0,foot and ankle medicine of orange county,foot and ankle medicine orange county,711 gold valley road orange county va,11 gold valley rd n a locustgrove virginia
S1-156454651,S3-224356538,India,0.6434733271598816,Other residual,30,0.4542,0.9022,0.2857,1.0,0.0,0.0,anand care private limited,anmd care private limited,shop no 71 a plot no 73 d 74 worli gandhi nagar dainik shivneri marg lokha nd bazar mumbai mumbai city maharashtra,shop no 71 a mumbai mumbai city mh
S1-695284681,S3-659822531,India,0.6431832313537598,Missing address,2,0.9351,0.9619,0.0,0.0,0.0,0.0,big chits pvt ltd,big chits pvt limited,mumbai 1st floor above ing vyshya bank sandhurst bridge opera house maharashtra mumbai city patel chamber,
S1-704939452,S3-926661844,India,0.6429837942123413,Missing address,5,0.9343,0.9455,0.0,0.0,0.0,0.0,services microsys technologies private limited,services microsys technologies limited center,building no 440 a pathikkal narikkodmala p o thalassery kannur kerala,
S1-60699908,S3-899460960,US,0.6427668929100037,Address weak / name strong,3,0.8465,0.928,0.2222,1.0,0.0,0.0,solis eureka inc,solis eureka incorporated,1224 ryan avenue maplewood mn,minnesota 001224 ryan avenue st paul
S1-760446021,S3-949667397,US,0.6427445411682129,Transliteration / phonetic variation,4,0.791,0.8786,0.375,1.0,0.0,0.0,north spruce,north partners,1522 hanover road wichita falls tx,hanover rd wichita falls texas
S1-674879910,S3-612970163,US,0.6427292227745056,Missing address,12,0.9757,0.9556,0.0,0.0,0.0,0.0,family program,family program inc,ballston ny 200 hickory bend,
S1-874201682,S2-686569908,India,0.6424239873886108,Name weak / address strong,2,0.8681,0.6728,0.8235,1.0,0.0,0.0,satnam polyclinic,satnam services,c o devathu yaso krishna flat no 202 vijay sai t ongole prakasam andhra pradesh,door no 799 c o devathu yaso krishna flat no 202 vijay sai t ongole andhra pradesh
S1-278983480,S3-549840550,India,0.642414391040802,Missing address,14,0.8018,0.9415,0.0,0.0,0.0,0.0,my investment private limited,my investment private limited enterprises,ck 49 4 r bhuleton varanasi u p varanasi uttar pradesh,
S1-193716464,S2-284595047,India,0.6421619057655334,Name weak / address strong,4,0.9,0.6491,0.7368,1.0,0.0,0.0,jai consultancy llp,jy kmsltemsi elelpi,32 502 shrishti chsl csr mhada complex near atharva college ekta nagar kandivli mumbai mumbai city maharashtra,3 2 502 shrishti chsl csr mhada complex near atharva college etka nagar kandivli mumbai city mumbai maharashtra
S1-914510559,S2-454369985,India,0.6420673727989197,Name weak / address strong,4,0.8822,0.5754,0.6667,1.0,0.0,0.0,first finance pvt ltd,phrst phainems pra li,1 d dhanur bldgsir p m rd mumbai maharashtra,door no 1 d dhanur bldgsir p m rd mumbai mharastr
S1-251578907,S2-315305190,India,0.6420665383338928,Both moderately similar,24,0.4512,0.8216,0.3333,1.0,0.0,0.0,good software private limited,gud sophtveyr praivet limited,flat no 109 guruprasad house society mulshi haveli pune maharashtra,h no 109 haveli pune mharastr
S1-973722548,S3-678404915,US,0.6419848799705505,Missing address,10,0.9011,0.9308,0.0,0.0,0.0,0.0,cozy hypnosis llc,cozy hypnosis llc services,1204 2nd street pekin il,
S1-487921304,S3-980954248,US,0.6419389247894287,Missing address,6,0.8746,0.9381,0.0,0.0,0.0,0.0,mccranie jefferson and torres presidio llc,mccranie jefferson and torres,1544 avilla vincintage road alexander ar,
S1-767763960,S3-163713404,India,0.6418052911758423,Address weak / name strong,1,0.9552,0.9297,0.15,1.0,0.0,0.0,delphi and sons private limited,delphi sons private limited,ff 13 adarsh malwa apartment flat 303 scheme no 54 opp apollo hospital vij ay nagar indore madhya pradesh,ff 13 indore mp
S1-438989385,S3-192234834,India,0.6416261196136475,Address weak / name strong,8,0.657,0.8679,0.1667,1.0,0.0,0.0,raviavi infotech private limited,raviaviinfotechprivate com,indu sharma no 28 and 29 k no 1427 viswapriya layout 2nd floor begur hobli anjanapp bangalore karnataka,indu sharma bangalore ka
S1-121945706,S2-143047753,US,0.6413047909736633,Name weak / address strong,4,0.9297,0.475,0.7143,1.0,0.0,0.0,animal welfare federation,miraecto,austin 12118 walnut park crossing tx,012118 walnut park crossing austin tx
S1-234859097,S2-928212042,India,0.64127516746521,Other residual,25,0.4866,0.5935,0.3,1.0,0.0,1.0,indian consultancy,imdiyn knsltensi,1484 karnataka bangalore hullahally cross begur koppa road electronics city,1484 bangalore karnataka
S1-581830736,S3-913750032,India,0.6410022377967834,Both moderately similar,2,0.8448,0.741,0.2308,1.0,0.0,0.0,patel advance private limited,sri patel advance limited service,plot 3 road 69 nandagiri hills jubilee hills hyderabad telangana,block a 872 plot 3 hyderabad telmgan
S1-429813907,S3-34720872,US,0.6408435702323914,Name weak / address strong,3,0.8812,0.6583,0.6667,1.0,0.0,1.0,synex,yumaonyx,504 canaan road marshall ar,504 canaan road marshall arkansas
S1-910020401,S2-910385345,US,0.6408292055130005,Missing address,2,0.9262,0.9417,0.0,0.0,0.0,0.0,panos corporation,panos corporation center,211 b riptide road unit b temple tx,
S1-797513151,S3-496679543,India,0.6407245397567749,Name weak / address strong,3,0.8128,0.4239,0.7,1.0,0.0,0.0,joy brothers care,halosol,e 237 sarita vihar new delhi south delhi delhi,e 237 sarita vihar south east delh new delhi dilli
S1-181235278,S3-314330521,US,0.640584409236908,Transliteration / phonetic variation,3,0.9063,0.7413,0.7143,1.0,0.0,0.0,west construction inc,incorporated west c0nstruction,roanoke city va 1661 barnett road,1661 barnett road roanoke city virginia
S1-548528648,S3-895215465,US,0.6404423713684082,Other residual,4,0.6773,0.6444,0.25,1.0,0.0,1.0,wjf hartford,wjf center,512 bingham court fl 0 millersville md,512 d bingham ct pmb 2717 millersville maryland
S1-426147919,S3-610885456,US,0.6404145956039429,Name weak / address strong,3,0.899,0.5631,0.7143,1.0,0.0,1.0,vantio auto repair llc,novibrix,50 brae burn drive eugene or,50 brae burn drive eugene oregon
S1-343329764,S2-226016317,US,0.6399375200271606,Other residual,21,0.5593,0.9379,0.4286,1.0,0.0,0.0,family medicine care,family medicine care id 73807,14712 coral street st john in,coral street dyer in
S1-754672567,S3-802185922,US,0.6397815942764282,Missing address,4,0.7793,0.9724,0.0,0.0,0.0,0.0,dique holding company ltd,dique holding company limited,614 harrison avenue aurora il,
S1-804872089,S3-495202415,India,0.6397331357002258,Other residual,6,0.6328,0.8929,0.3636,1.0,0.0,0.0,ek hands pvt ltd,ek hsats pvt ltd,plot no 11 basement jain nagar jaipur road sikar rajasthan,plot no 11 sikar rj
S1-692085118,S3-797341235,US,0.6394797563552856,Address weak / name strong,2,1.0,1.0,0.0909,1.0,0.0,0.0,mcclellan strategic,mcclellan strategic,1235 bay road queensbury ny,123 bay rd new york lake george
S1-22739427,S2-412878949,US,0.6391364336013794,Name weak / address strong,2,0.9619,0.4951,0.7778,1.0,0.0,1.0,alane shepard p a,zephyuma,913 new york avenue city of oshkosh wi,913 new york ave city of oshkosh wi
S1-129564965,S3-322276099,US,0.6389589905738831,Transliteration / phonetic variation,2,0.6747,0.9034,0.2727,1.0,0.0,0.0,coleman fast of lisbon clinic,coleman fast of,14 five mile line road lisbon ny,five mile line rd ogdensburg new york
S1-883366285,S3-707038810,US,0.6384617686271667,Both moderately similar,1,0.937,0.7133,0.3,1.0,0.0,0.0,cornerstone token llc,l l c cornerstone token,810 high street unit apartment f lockport ny,high street lockport new york
S1-359777977,S2-118085508,US,0.6383947730064392,Missing address,5,0.9159,0.9321,0.0,0.0,0.0,0.0,bobinette becerril all physical llc,bobinette becerril all physical llc www bobinette com,1216 burr oak court elkhart in,
S1-537973235,S3-653070110,India,0.6383357644081116,Transliteration / phonetic variation,4,0.9291,0.7698,0.7692,1.0,0.0,0.0,brigade care private limited,8rigade care,no 320 3rd floor bannur main road sri krishnanagar yaraganahalli mysore karnataka,320 3rd floor bannur main road sri krishnanagar yaraganahalli mysore krnatk
S1-148046444,S2-165334959,US,0.6383309364318848,Missing address,2,0.9584,0.97,0.0,0.0,0.0,0.0,johnson skin care,johnson skin care lp,5912 ironhorse road chesterfield county va,
S1-693861357,S2-629376635,US,0.6382359266281128,Both moderately similar,7,0.6959,0.6938,0.375,1.0,0.0,1.0,silver energy laboratories,laboratoriesenergysilver com,1 dairy lane brookhaven ny,1 daiy lane mount sinai ny
S1-811143069,S3-504375731,India,0.6378708481788635,Other residual,24,0.7039,0.8667,0.3636,1.0,0.0,0.0,classic trading,classic service,no 9 gill nagar 3rd street choolaimedu chennai tamil nadu,no 9 choolaimedu chennai tmilnatu
S1-477027633,S3-115421827,India,0.6375243067741394,Both moderately similar,5,0.7733,0.813,0.2857,1.0,0.0,0.0,shiv and brothers private limited,shri shiv and brothers limited service,room no 1 nagla bandar charch road g b road thane maharashtra,hn 24 room no 1 thane mh
S1-356700317,S2-107701145,India,0.6373370289802551,Missing address,7,0.9344,0.9692,0.0,0.0,0.0,0.0,royal agro private limited,royal agro private ltd,1768 gali partap paharganj new delhi central delhi delhi,
S1-511616192,S3-566008436,India,0.6368297338485718,Both moderately similar,4,0.774,0.7751,0.2941,1.0,0.0,0.0,ziraiya steel pvt ltd,pvt ziraiya 5teel ltd,3 818 d land mark world nh byepass po g a college kozhikode kerala,block a 684 3 818 d kozhikode kl
S1-550531373,S2-30893183,US,0.6367742419242859,Other residual,4,0.8782,0.9556,0.6667,1.0,0.0,0.0,corine griggs prairie aspac,corine griggs prairie,10200 cr 941b alvin tx,10202 cr 941b alvin tx
S1-867303171,S2-209466722,US,0.6367003321647644,Missing address,4,0.8415,0.9654,0.0,0.0,0.0,0.0,optimal intelligence international partners,optimal intelligence international partners id 66676,6170 glenview drive newburgh in,
S1-833894183,S2-221756171,India,0.6364495754241943,Other residual,22,0.6632,0.917,0.2632,1.0,0.0,0.0,alpha enterprises private limited,alpha emtrpraijes praivet limited,shop no 12 secunderabad hyderabad 13 and 14 ground floor happy trade centre 62 s d road telangana,h no 12 hyderabad secunderabad telangana
S1-119501584,S3-782658648,India,0.6363769769668579,Missing address,5,0.9338,0.96,0.0,0.0,0.0,0.0,big builders limited,big builders ltd,new delhi delhi new delhi w e a karolbagh 5 56,
S1-410854159,S3-924886818,India,0.6360006332397461,Address weak / name strong,26,0.4622,0.9272,0.2,1.0,0.0,0.0,dynamic media private limited,dynamic meag private limited,1st floor maniyar complex koppikar road hubli dharwar karnataka,dharwar ka floor
S1-467473771,S2-819438288,US,0.6359049677848816,Missing address,1,0.962,0.9563,0.0,0.0,0.0,0.0,sheaffer white and bethea,sheaffer white and bethea center,305 bostock road olive ny,
S1-416029635,S2-919216542,US,0.6357934474945068,Name weak / address strong,4,0.8845,0.4802,0.75,1.0,0.0,0.0,aldana valley big inc,veraonyx,4309 74th avenue court gig harbor wa,004309 74th avenue court gig harbor wa
S1-235295138,S3-924909526,US,0.6351995468139648,Both moderately similar,21,0.6036,0.6818,0.3,1.0,0.0,1.0,mann babcock,mann center,1500 3rd avenue islip ny,1500 3rd avenue bay shore city new york
S1-528348276,S3-75893590,US,0.6351611018180847,Address weak / name strong,4,0.9551,0.9791,0.2222,1.0,0.0,0.0,historical midwest center lp,historical midwest center llc,2919 high street lima oh,lim city 2919 high st ohio
S1-845674666,S2-301489764,India,0.6349958777427673,Missing address,6,0.8904,0.9333,0.0,0.0,0.0,0.0,impex and co,impex co,625 ijmima imitation jewellery market co op soc ltd off link road malad w mumbai mumbai city maharashtra,
S1-34307201,S3-87479055,US,0.6347753405570984,Missing address,2,0.8888,0.9467,0.0,0.0,0.0,0.0,pavia pharr cpa,pavia pharr,5033 momentum unit 2096 mesa az,
S1-920519947,S3-923299313,US,0.6345432996749878,Transliteration / phonetic variation,3,0.8543,0.7453,0.5,1.0,0.0,0.0,qs choice dte,choicedteqs com,1705 ashfield drive maumee oh,ashfield drive maumee ohio
S1-881565081,S2-504785710,India,0.6343135237693787,Missing address,2,0.9344,0.9742,0.0,0.0,0.0,0.0,services ars it private limited,services ars it private ltd,amgaon gondia maharashtra c o duryodhan k punde at surkuda post thana tah amgaon,
S1-283325673,S3-196645209,India,0.634239137172699,Address weak / name strong,23,0.6058,0.9125,0.2308,1.0,0.0,0.0,green properties private limited,green proprtij praivet limited,shop no 5 adeshwar arcade prem c kapadia indl est mumbai maharashtra,adeshwar arcade mumbai mh
S1-440419308,S3-320809894,US,0.6336402297019958,Address weak / name strong,6,0.7022,0.9125,0.1,1.0,0.0,0.0,innovative classic quartzsea inc,innovative classic,4812 cook road otisco ny,4812b cook rd lafayette new york
S1-612118564,S2-745109409,US,0.633452832698822,Missing address,4,0.9485,0.9024,0.0,0.0,0.0,0.0,geiger better mission,geiger geiger better mission,208 valley creek road park city mt,
S1-54708939,S3-771481737,US,0.6333649754524231,Missing address,1,0.9673,0.9545,0.0,0.0,0.0,0.0,kimball commodity,kimball commodity corp,1974 laguna oaks drive sahuarita az,
S1-302842691,S3-3215612,India,0.63335782289505,Missing address,5,0.8753,0.9368,0.0,0.0,0.0,0.0,ad charitable trust,ad charitable,room no 200 1st floor bio business block biotech park sec g jankipuram kursi r oad lucknow uttar pradesh,
S1-352183564,S3-418717800,US,0.6332993507385254,Missing address,15,0.9098,0.9241,0.0,0.0,0.0,0.0,family association,family association associates,80 martinsville street greencastle in,
S1-621787194,S2-309970743,India,0.633285403251648,Missing address,4,0.9322,0.9391,0.0,0.0,0.0,0.0,hundred holdings,hundred holdings center,no 1370 sf bagichi ransukh rai sita ram baz ar near ajmeri gate northdelhi north delhi delhi,
S1-29992948,S3-653815058,US,0.6332681179046631,Missing address,3,0.9537,0.9791,0.0,0.0,0.0,0.0,sterling intercontinental pc,sterling intercontinental inc,7956 stonehurst drive dublin oh,
S1-734044545,S3-206530314,India,0.6331953406333923,Other residual,3,0.8878,0.9448,0.7647,1.0,0.0,0.0,s and r public school company,s and r public school,726 a e ward sai plaza flat no 302 shahupuri 3rd lane kolhapur maharashtra,hn 179 726 a e ward sai plaza flat no 302 shahupuri 3rd lane kolhapur mharastr
S1-374740063,S2-942376166,US,0.633077085018158,Missing address,3,0.9743,0.9556,0.0,0.0,0.0,0.0,heritage chain inc,heritage chain,13026 stagecoach road unit 3713 laurel md,
S1-198600940,S2-355189974,US,0.6327735185623169,Missing address,3,0.9554,0.9714,0.0,0.0,0.0,0.0,atlantic alliance clinic,atlantic alliance clinic ltd,san bernardino 1348 date street ca,
S1-51142844,S3-663313891,India,0.6327496767044067,Missing address,3,0.9392,0.7479,0.0,0.0,0.0,0.0,supreme consulting private limited,dr supreme consulting private,3 shish bunglows telephone exchange road opp karambhoom i gujarat patan,
S1-654475832,S3-319505271,India,0.6327450275421143,Transliteration / phonetic variation,30,0.6732,0.8618,0.375,1.0,0.0,0.0,creative foundation private limited,creative private limited center,a 19 ground floor fiee complex suite 1071 okhla industrial area phase 2 new delhi delhi,a 19 ground floor new delhi dilli
S1-621893323,S2-690758416,US,0.6326574087142944,Missing address,4,0.9224,0.9308,0.0,0.0,0.0,0.0,montara midstream partners,montara midstream,507 corte colina camarillo ca,
S1-208640870,S2-614395611,US,0.6325629949569702,Missing address,4,0.8435,0.9032,0.0,0.0,0.0,0.0,3846 third place properties inc,3846 third place,1389 middle road oswegatchie ny,
S1-587391735,S3-879161623,US,0.6322652101516724,Missing address,1,0.9735,0.9647,0.0,0.0,0.0,0.0,green carolina,green carolina co,longmeadow 1435 longmeadow street ma,
S1-678799931,S3-273307877,US,0.6321674585342407,Transliteration / phonetic variation,7,0.794,0.7645,0.5,1.0,0.0,0.0,steffie murray spectral inc,murray steffie lnc center,693 c wolf hill road bethpage tn,wolf hill road bethpage tennessee
S1-238826231,S3-154057078,India,0.6321372389793396,Missing address,4,0.8878,0.9415,0.0,0.0,0.0,0.0,mouli institute of technology,mouli institute of technology corporation,305 block c third floor silver mall 8 r n t marg indore madhya pradesh,
S1-353864204,S2-808236165,US,0.6321134567260742,Missing address,6,0.6175,0.9467,0.0,0.0,0.0,0.0,reilly finance llc,reilly finalnlce llc,1171 studer avenue columbus oh,
S1-328945851,S3-10891597,India,0.6318978071212769,Address weak / name strong,3,0.7552,0.9618,0.1667,1.0,0.0,0.0,sharda textile india,sharda telhxtile india,no 569 1st block 2nd cross 3rd stage basaveswarnagar bangalore karnataka,569 bangalore krnatk
S1-259633959,S3-919873367,India,0.63178950548172,Address weak / name strong,1,1.0,1.0,0.1818,1.0,0.0,0.0,media add alloy private limited,media add alloy private limited,kuriyadathu kerelapark mainroadnr t n raoclg raiyaroad rajkot gujarat,kuriyadathu rajkot null gj rajkot
S1-514311262,S3-454300344,US,0.6317757368087769,Transliteration / phonetic variation,4,0.7264,0.8767,0.3333,1.0,0.0,0.0,toverva assets llc,toverva llc services,al hamilton 406 7,406 7 hamillton alabama
S1-403215487,S2-101842662,US,0.6315677165985107,Missing address,1,0.9796,0.9727,0.0,0.0,0.0,0.0,sanchez clean shore,sanchez clean shore co,1478 pumalo street san bernardino ca,
S1-144344258,S3-985347807,US,0.6314125061035156,Missing address,3,0.9663,0.95,0.0,0.0,0.0,0.0,clean social llc,clean social,1315 46th avenue pine bluff ar,
S1-448467266,S2-729795086,India,0.6314096450805664,Missing address,2,0.9136,0.9652,0.0,0.0,0.0,0.0,ac real private limited,ac real private ltd,flat no stf 1 sarathi apartment 2a 1a 1 5 wai pune maharashtra,
S1-767933361,S3-410094210,US,0.6310178637504578,Address weak / name strong,3,0.9559,0.9565,0.1818,1.0,0.0,0.0,super 80 ice cream,super 80 ice cream corp,5600 chapparal lane greensboro nc,5600d chapparal ln n a greensboro north carolina
S1-28378544,S3-427506090,US,0.6307930946350098,Address weak / name strong,3,0.9223,0.959,0.1538,1.0,1.0,0.0,arts league lp,arts league llc,fairfax county va 10612 allenwood lane,10612 allenwood ln po box 8633 great falls virginia
S1-461725348,S2-229350835,India,0.6307786107063293,Transliteration / phonetic variation,4,0.916,0.7024,0.9333,1.0,0.0,0.0,igneous charitable trust,charitableigneous com,c o ashok kumar ojha 20 a abdul hamid street kolkata kolkata howrah west bengal,c o ashok kumar ojha 20 a abdul hamid street kolkata calcutta howrah west bengal
S1-785619483,S3-592836017,India,0.630046010017395,Both moderately similar,11,0.8243,0.778,0.2857,1.0,0.0,0.0,shree ventures private limited,sri vemcrs praivet limited,1252 gurgaon in sector 46 gurgaon haryana,gurgaon hr gurgaon 1252
S1-225597437,S2-854653730,India,0.6296060681343079,Name weak / address strong,5,0.8669,0.4028,0.7692,1.0,0.0,0.0,natkhat foundation,ectomira,h no 248 gahira part police station khorabar gorakhpur uttar pradesh,h no 24 gahira part police station khorabar maharajganj gorakhpur uttar pradesh
S1-326277674,S3-730755625,India,0.629587709903717,Both moderately similar,3,0.7522,0.6979,0.4375,1.0,0.0,0.0,ambika balance pvt ltd,sri ambika pvt ltd center,54 7 ayyappan nagar manapparaipatty road manpparai tiruchirappalli tamil nadu,door no 740 54 7 ayyappan nagar manapparaipatty road manpparai trichy null tmilnatu
S1-811060855,S3-180817258,US,0.6294838786125183,Address weak / name strong,5,0.8315,0.8797,0.2222,1.0,0.0,0.0,ridge committee llc,ridge c0mmittee committee,4315 kencrest drive onondaga ny,04315 kencrest drive syracuse new york
S1-868516224,S3-650383037,India,0.6289086937904358,Both moderately similar,28,0.5493,0.8378,0.2381,1.0,0.0,0.0,high consulting private limited,hai knsltimg praivet limited,303 modern profound tech park 2 91 5 and 6 mptp 3f b2 serilingampally k v rangareddy telangana,door no 303 k v rangareddy serilingampally tg
S1-30435884,S3-550719462,US,0.6287550330162048,Missing address,2,0.9076,0.925,0.0,0.0,0.0,0.0,rcz crystal enhanced,rcz crystal enhanced corporation,2 paulding street huntington ny,
S1-271468309,S2-201943423,US,0.6286963224411011,Name weak / address strong,9,0.8942,0.6702,0.5556,1.0,0.0,1.0,board of motor vehicles pc,motorvehiclesboard com,4175 blackwood street thousand oaks ca,4175 blackwood saint city of thousand oaks ca
S1-300279499,S2-129974901,US,0.6285126805305481,Missing address,5,0.9773,0.9652,0.0,0.0,0.0,0.0,diex holdings group inc,diex holdings group,1532 brentwood drive round lake beach il,
S1-99862348,S2-388638282,India,0.6285114884376526,Missing address,3,0.941,0.9467,0.0,0.0,0.0,0.0,tec college,tec college llp,himmat nagar room no 116 s p road antophill wadala mumbai mumbai city maharashtra,
S1-585681960,S2-14799400,US,0.6282169222831726,Name weak / address strong,13,0.622,0.6012,0.5714,1.0,0.0,1.0,v aldel,v center,4202 ottawa avenue norridge il,4202 ottawa avenue harwood heights il
S1-798050923,S3-991302073,US,0.6280989646911621,Missing address,2,0.9664,0.9647,0.0,0.0,0.0,0.0,sally ruiz dpm,sally ruiz dpm lp,1777 1440 spanish fork ut,
S1-316848407,S2-362571969,US,0.6280550360679626,Missing address,2,0.967,0.9683,0.0,0.0,0.0,0.0,carpenter rosa and greenberg lp,carpenter rosa and greenberg inc,3319 cheek road nc durham,
S1-942968274,S3-574200760,US,0.6278454065322876,Missing address,6,0.7789,0.9379,0.0,0.0,0.0,0.0,metro rapid four inc,metr0 rapid four inc,941 lehigh avenue ny vestal,
S1-632126853,S2-593008415,India,0.6278186440467834,Missing address,6,0.8663,0.936,0.0,0.0,0.0,0.0,sarasraj agrotech,sarasraj agrotech llp llp,fno 401 s no 9 1 2 rajgad corner opp shiantinik haveli pune maharashtra,
S1-904732930,S2-365152052,India,0.6276538372039795,Missing address,1,0.9633,0.9579,0.0,0.0,0.0,0.0,motors packages llp,motors packages,jalgaon parola c o of dagadu sonar bajar peth maharashtra,
S1-245023930,S3-919954258,India,0.6275619268417358,Missing address,6,0.9187,0.8069,0.0,0.0,0.0,0.0,frog india ltd,smt frog india ltd,plot no 176 sector 52 gutigau gurugram gurgaon haryana,
S1-293295162,S2-880770033,India,0.6274100542068481,Missing address,4,0.9665,0.9529,0.0,0.0,0.0,0.0,meeta hygiene llp,meeta hygiene,door no 35 1585 church circle near bible tower erinjeri angadi thrissur kerala,
S1-174837210,S2-722322565,US,0.6273187398910522,Missing address,4,0.9508,0.9704,0.0,0.0,0.0,0.0,uptown diner associates,uptown diner associates ltd,2404 norman parker road cherryville nc,
S1-281042521,S3-717544127,US,0.6272982358932495,Transliteration / phonetic variation,12,0.5105,0.8514,0.375,1.0,0.0,0.0,2897 first boulevard management llc,2897first,14520 village drive unit unit 1107 fontana ca,village drive fontana california
S1-73538351,S2-167366376,India,0.6269388794898987,Missing address,8,0.943,0.9095,0.0,0.0,0.0,0.0,pahel international company,pahel international international company,c o saurabh kumar vill halalpur madarpur hajipur distt vaishali bihar hajipur vaishali bihar,
S1-65452862,S3-229900688,India,0.6268064975738525,Name weak / address strong,1,1.0,0.5093,1.0,1.0,0.0,1.0,zm decor llp,umbradrex,127 netaji subhash road kolkata calcutta west bengal,127 netaji subhash road kolkata calcutta west bengal
S1-259066233,S3-436029722,US,0.6266033053398132,Missing address,3,0.9457,0.9714,0.0,0.0,0.0,0.0,vision clinic care,vision clinic care lp,16 sunset avenue chelmsford ma,
S1-740521093,S2-590765251,US,0.6258072257041931,Missing address,7,0.8765,0.936,0.0,0.0,0.0,0.0,trinity cathedral,trinity cathedral trading,232 brookline street unit 1a cambridge ma,
S1-626872014,S3-109008300,India,0.6254903674125671,Address weak / name strong,3,0.8447,0.9096,0.2,1.0,0.0,0.0,technologies deys infra limited,technologies deys limited services,pawan vihar near shiv mandir malhipur road no 168 uttar pradesh saharanpur saharnpur,no 168 saharnpur sabdalpur up
S1-483977253,S2-825663945,US,0.6254326701164246,Other residual,11,0.8804,0.9543,0.6667,1.0,0.0,0.0,cary cultural coalition llc,cary cultural coalition llc society,203 cherwell drive cary nc,03 cherwell drive cary nc
S1-467324492,S3-43548555,India,0.625432014465332,Both moderately similar,16,0.6584,0.8128,0.3333,1.0,0.0,0.0,ace jai technology,es jy technology,4082 kucha dilwali singh ajmeri gate delhi central delhi delhi,dilli central delhi 4082 delhi
S1-450996022,S2-497187652,India,0.6253577470779419,Missing address,2,0.9463,0.9733,0.0,0.0,0.0,0.0,great producer private limited,great producer private ltd,2nd floor 26 crescent cross road high grounds bangalore karnataka,
S1-683472981,S2-665189960,India,0.6253577470779419,Missing address,5,0.9495,0.9733,0.0,0.0,0.0,0.0,vijay projects private limited,vijay projects private ltd,unit 221 222 2nd floor tower b4 spaze i tech park sector 49 sohna road gurgaon haryana,
S1-68035377,S3-701064174,US,0.6252963542938232,Missing address,8,0.9322,0.9333,0.0,0.0,0.0,0.0,urban cafe,urban cafe corp,800 cedar street seymour tx,
S1-798591441,S3-169423813,US,0.6249032020568848,Missing address,3,0.916,0.9415,0.0,0.0,0.0,0.0,westermann metropolitan third corporation,westermann metropolitan third,243 carr drive lafollette tn,
S1-127343380,S3-396460338,India,0.6246862411499023,Missing address,3,0.9008,0.9407,0.0,0.0,0.0,0.0,parekh law chambers,parekh law chambers company,a 105 shyamkamal agrawal market mumbai maharashtra,
S1-520846393,S2-300104338,US,0.6246862411499023,Missing address,3,0.9123,0.9407,0.0,0.0,0.0,0.0,roberson and ficker,roberson and ficker service,rehoboth 187 fairview avenue ma,
S1-880225814,S2-354535027,US,0.6246564984321594,Missing address,3,0.8486,0.912,0.0,0.0,0.0,0.0,joycelin poff apex digital llc,joycelin poff apex llc partners,320 lake winds court seneca sc,
S1-532997017,S2-301750980,US,0.62464439868927,Missing address,6,0.6617,0.9615,0.0,0.0,0.0,0.0,mendoza charter school llc,mendoza charter sccohrl llc,rougemont nc 269 river gorge run,
S1-793130102,S2-430108680,India,0.6245124340057373,Missing address,4,0.7809,0.9648,0.0,0.0,0.0,0.0,agra services private limited,agra 5ervices private limited,rasoal pur sarai khoja agra uttar pradesh,
S1-416995068,S2-144948402,India,0.6244465708732605,Missing address,6,0.8603,0.9225,0.0,0.0,0.0,0.0,new delhi trading private limited,new delhi trading limited center,m 11 first floor middle circle connaught place new delhi delhi,
S1-63906266,S2-18258299,India,0.6241965293884277,Missing address,3,0.9312,0.9704,0.0,0.0,0.0,0.0,seven media private limited,seven media private ltd,plot 99 thirumala nagar annex 3rd cross street perungudi chennai tamil nadu,
S1-581626443,S3-64071510,India,0.6239578127861023,Name weak / address strong,4,0.8891,0.5288,0.7857,1.0,0.0,0.0,sree consulting private limited,halopyra,704 c and b square andheri kurla road andheri e mumbai mumbai city maharashtra,c 704 c and b square andheri kurla road andheri e bombay mumbai city mh
S1-795254192,S2-439965141,US,0.6238266229629517,Other residual,30,0.5866,0.8927,0.4286,1.0,0.0,0.0,federal can,fdemmral can,2319 24th street washington dc,319 24nd street washington dc
S1-31754925,S3-673730757,US,0.6237226724624634,Address weak / name strong,21,0.5393,0.93,0.2,1.0,0.0,0.0,ridge institute,ridge isrtue,1575 vinson road clayton nc,vinson rd pmb 9306 clayton north carolina
S1-725971374,S3-356698546,India,0.6236666440963745,Address weak / name strong,6,0.6692,0.8573,0.2143,1.0,0.0,0.0,jps mall india private limited,jps india private limited partners,tf 08 sowparnika chandrakanth 2 52 2 chembanahalli dommasandra sarjapura ro ad bangalore karnataka,tf 08 bangalore ka
S1-509076033,S3-578297447,US,0.6235148310661316,Missing address,3,0.954,0.9467,0.0,0.0,0.0,0.0,kirby block,kirby block ltd,5383 clyde king road asheboro nc,
S1-504794493,S3-609392694,India,0.6234465837478638,Missing address,5,0.9494,0.95,0.0,0.0,0.0,0.0,spin academy,spin academy llp,80 jai jawan scheme ii tonk road jaipur rajasthan,
S1-677555615,S3-483116021,US,0.6230541467666626,Missing address,6,0.8787,0.9308,0.0,0.0,0.0,0.0,ankeny cardiology medicine,ankeny cardiology,821 sharon drive ankeny ia,
S1-419138489,S3-972540802,India,0.6230469346046448,Both moderately similar,5,0.9027,0.7847,0.2105,1.0,0.0,0.0,dindori and brothers private limited,shri dindori brothers private limited,office no 607 concorde plot 66a sector 11 cbd belapur navi mu mbai navi mumbai thane maharashtra,office no 607 null new mumbai mharastr
S1-430519359,S3-73344526,India,0.6229429244995117,Both moderately similar,26,0.437,0.729,0.2857,1.0,0.0,1.0,ace high ventures llp,es hai vemcrs elelpi,02 133 4 2 p no 13 14 f no 103 vijaya residency spring field colony jeedimetla qutubul lapur rangareddy telangana,02 133 4 2 lapur rangareddy tg
S1-172176543,S2-472624389,US,0.6228442788124084,Missing address,4,0.9753,0.9692,0.0,0.0,0.0,0.0,mitchell and calvo xrp p c,mitchell and calvo xrp llc,il chicago 7342 carpenter street,
S1-69210507,S2-738977978,India,0.6225164532661438,Other residual,21,0.6616,0.647,0.4,1.0,0.0,0.0,creative consulting pvt ltd,krietiv kmsltimg pra li,18 laxmi nagar madrampura civil lines jaipur rajasthan,rajsthan jaipur 18 2 civil lines
S1-916330988,S3-514441448,US,0.6223752498626709,Other residual,2,0.8679,0.5216,0.375,1.0,0.0,1.0,classic consumer union,lumonyx,136 dellwood avenue swannanoa nc,136 dellwood ave swannanoa north carolina
S1-549778312,S2-746781066,US,0.6222813129425049,Other residual,3,0.917,0.9417,0.5,1.0,0.0,0.0,big ice cream llc,big ice cream llc center,820 new hampshire street lincoln ne,220 new hampshire st lincoln ne
S1-114251657,S3-46784071,India,0.6222322583198547,Both moderately similar,8,0.6923,0.6981,0.3158,1.0,0.0,0.0,dream solutions pvt ltd,drim solyusms pra li,mahendragarh kanina rao villa ward no 13 ghara road near shri shyam vatika c o satbir singh haryana,c o satbir singh kanina mahendragarh hriyana
S1-479662376,S2-449865338,India,0.6222261786460876,Name weak / address strong,1,0.8751,0.6291,0.6667,1.0,0.0,0.0,proton services private limited,m s protonservicescom,surat sumeru city mall opp krishna township sudama chowk chorasi a 94 gujarat,a 0094 sumeru city mall opp krishna township sudama chowk chorasi gujrat
S1-245697147,S2-246542249,US,0.6222004294395447,Name weak / address strong,1,1.0,0.5485,1.0,1.0,0.0,1.0,asset building fellowship vi,vantageevoevo,1681 ashwood lane homewood al,1681 ashwood lane homewood al
S1-397531275,S3-32211804,US,0.6219756603240967,Missing address,15,0.5892,0.9379,0.0,0.0,0.0,0.0,preferred hospitality company inc,preferred hosptiacliy company inc,4400 walnut boulevard unit unit 100 corvallis or,
S1-17418759,S2-226383549,India,0.6217799782752991,Missing address,2,0.884,0.925,0.0,0.0,0.0,0.0,hws estate group,hws estate,mumbai govind nagar sunder baug n s s road ghatkopar west nr khan compound asalpha village sh no 279 maharashtra,
S1-173664859,S3-943045547,US,0.6217525005340576,Address weak / name strong,1,1.0,1.0,0.1,1.0,0.0,0.0,harbor opportunity corp,harbor opportunity corp,430 2nd street raton nm,316 2rd st raton new mexico
S1-927953925,S2-69904630,US,0.6213969588279724,Other residual,21,0.8437,0.9168,0.4286,1.0,0.0,0.0,surgical physicians llc,surgical physicians id 97347,8442 149th street savage mn,844 149th st savage mn
S1-919331916,S3-813764587,India,0.6213706731796265,Name weak / address strong,5,0.8929,0.4071,0.75,1.0,0.0,0.0,amara traders private limited,halohalonovi,no 1 1 252 and 253 ii floor sri venkateshwara arcade chikkadapally hyderabad telangana,ii floor sri venkateshwara arcade chikkadapally tg door no 1 1 252 and 253 hyderabad ramnagar
S1-915075519,S2-985676079,India,0.6210007071495056,Other residual,21,0.6755,0.8594,0.4545,1.0,0.0,0.0,global country ice private limited,gl0bal country ice limited services,flat no 67 block c 4c janakpuri new delhi west delhi delhi,delhi west delhi door no 67 new delhi
S1-655612317,S3-54067851,India,0.6209931373596191,Missing address,4,0.9763,0.9727,0.0,0.0,0.0,0.0,saanchi ation india co,saanchi ation india,no 1240 10th main 12th b cross ii stage woc road bangalore karnataka,
S1-763235318,S2-257923845,US,0.6207015514373779,Name weak / address strong,6,0.8897,0.6944,0.8571,1.0,0.0,0.0,nolan hudson,nolan services,6074 branch hill guinea road milford oh,branch hill guinea road milford oh
S1-790328713,S3-291448212,US,0.6206746697425842,Missing address,4,0.8292,0.9385,0.0,0.0,0.0,0.0,corner massage llc,corner massage llc trading,741 morningside drive unit apt 59 fayetteville ar,
S1-471044573,S3-27628521,India,0.6205863356590271,Missing address,3,0.9485,0.9724,0.0,0.0,0.0,0.0,sree business private limited,sree business private ltd,k 28 3rd floor sarita vihar new delhi south delhi delhi,
S1-835908458,S3-900279609,US,0.6201418042182922,Both moderately similar,16,0.5782,0.8268,0.2857,1.0,0.0,0.0,southern northland corp,southern corp services,1808 wayland drive phoenix az,wayland drive phooenix arizona
S1-698672073,S2-849128990,India,0.6198972463607788,Missing address,8,0.7733,0.9506,0.0,0.0,0.0,0.0,foods bpc leaf private limited,foods bpc leaf piael limited,indiranagar colony bahadurpura hyderabad 19 2 21 11 f 25 telangana tadban,
S1-537178604,S3-125165477,US,0.6198357343673706,Both moderately similar,4,0.7518,0.6821,0.2,1.0,0.0,0.0,april s quality couriers,april s couriers center couriers center,1133 central avenue saint paul mn,133 central ave st paul minnesota
S1-799725622,S3-249822035,US,0.6197795867919922,Both moderately similar,4,0.7999,0.6552,0.375,1.0,0.0,1.0,wright rocky dte llc,dterockywright com 4648544102,342 turner road eure nc,342 turner rd north carolina eure
S1-271344789,S2-747665644,US,0.6197748780250549,Other residual,4,0.8706,0.9448,0.6,1.0,0.0,0.0,cascade federation of memphis,cascade federation of,145 lt george w lee avenue memphis tn,00145 lt george w lee ave memphis tn
S1-385272273,S3-220391852,India,0.6194707751274109,Other residual,2,0.8604,0.925,0.3125,1.0,0.0,0.0,fine herbs india private limited,fine herbs lndia private,office no 312 sharda chambers no 1 k n road bhat bazar mumbai maharashtra,plot 98 office no 312 bhat bazar mharastr
S1-548687027,S3-216147989,India,0.6193239688873291,Missing address,5,0.9231,0.936,0.0,0.0,0.0,0.0,skybridge college company,skybridge college,d 1 3 okhla industrial areaphase ii new delhi south delhi delhi,
S1-557185860,S3-888920695,US,0.6187163591384888,Missing address,4,0.8292,0.9629,0.0,0.0,0.0,0.0,georgetown heritage alliance,georgetown herile alliance,510 gabriel hill drive georgetown tx,
S1-713949016,S3-582291934,US,0.6187163591384888,Name weak / address strong,6,0.9092,0.3412,0.5,1.0,0.0,1.0,desert highland newtekone,lyrairicalo,142 william thomas road trinity tx,142 william thomas rd trinity texas
S1-117377277,S2-765806769,India,0.6181127429008484,Missing address,4,0.9208,0.8246,0.0,0.0,0.0,0.0,ahmadabad city engineering private limited,ahmadabad ahmadabad city engineering,d7 goyal plaza opp goyal park ahmadabad city ahmedabad gujarat,
S1-331911199,S3-498611900,India,0.6180034279823303,Name weak / address strong,6,0.96,0.4995,0.8,1.0,0.0,0.0,nagora softtech private limited,umbrafayezeph,55 1870 puskaraj chs subhash nagar n g acharya marg chembur mumbai maharashtra,1 55 1870 puskaraj chs subhash nagar n g acharya marg chembur mumbai mh
S1-535306923,S3-996280149,US,0.6177883148193359,Name weak / address strong,4,0.9266,0.3722,0.6667,1.0,0.0,0.0,desert cola llc,onyxariadova,berwyn il 1546 cuyler avenue,1546 cuyler avenue berwyn illinois
S1-719703297,S2-34653262,India,0.6175617575645447,Missing address,2,0.9429,0.903,0.0,0.0,0.0,0.0,raj gold software private limited,raj gold software,2nd floor m squared building kariavattom technopark thiruvananthapuram thiruvananthapuram trivandrum kerala,
S1-893729649,S3-987631735,India,0.6174331903457642,Missing address,4,0.8174,0.9692,0.0,0.0,0.0,0.0,akshat and co,akshat and c0,uttar pradesh ghaziabad ff 12 a ghaziabad central market old bus stand,
S1-297600499,S3-754513206,India,0.6173631548881531,Missing address,4,0.9692,0.903,0.0,0.0,0.0,0.0,gajanand chitfund private limited,gajanand chitfund,ward 10 dumri tola 9panc h dumari block raghopur supaul supaul saharsa bihar,
S1-113970762,S2-595987549,India,0.6172294020652771,Missing address,6,0.937,0.9704,0.0,0.0,0.0,0.0,mumbai agro private limited,mumbai agro private ltd,6th floor comet building gurunanak road bandra west mumbai mumbai city maharashtra,
S1-488846631,S3-654302073,India,0.6170692443847656,Address weak / name strong,2,1.0,1.0,0.1333,1.0,0.0,0.0,best tech pvt ltd,best tech pvt ltd,403 4th floor tower a unitech cyber park sector 39 gurgaon gurgaon haryana,hriyana gurgaon no 866 403
S1-657370451,S3-509707420,US,0.6169816851615906,Address weak / name strong,5,0.9157,0.9647,0.0714,1.0,0.0,1.0,memorial trust iv,memorial trust,110 matador lane unit 701 charlotte nc,110 mtaador ln null charlottte city north carolina
S1-840909800,S3-765236090,US,0.6169024109840393,Missing address,4,0.7442,0.9111,0.0,0.0,0.0,0.0,ridge coalition,ridge coalition enterprises,412 island view drive newport nc,
S1-740126236,S3-882536510,India,0.6159799098968506,Missing address,2,0.9809,0.9636,0.0,0.0,0.0,0.0,pr ecommerce india,pr ecommerce india ltd,jhajjar haryana plot no 134 sector 16 industrial estate bahadur garh,
S1-23458183,S2-688962616,India,0.6159021258354187,Missing address,7,0.9318,0.9636,0.0,0.0,0.0,0.0,raj technology limited,raj technology ltd,flat no e803 pluemeria garden estate omicron 3 greater noida noida gautam buddha nagar uttar pradesh,
S1-83568710,S3-666701296,India,0.6158596277236938,Missing address,3,0.9449,0.9429,0.0,0.0,0.0,0.0,rsvp india llp,rsvp india,swaroop 5 flat no 11039 b wing sector 4 atpl gandhinagar gandhi nagar gujarat,
S1-357983775,S2-463931827,US,0.6155751943588257,Missing address,3,0.9796,0.9619,0.0,0.0,0.0,0.0,caldan innovation inc,caldan innovation,218 auburn meadows court franklin oh,
S1-391459375,S3-90716528,US,0.6155049800872803,Missing address,5,0.7217,0.9286,0.0,0.0,0.0,0.0,royal health group,royal health group authority,315 325 bountiful ut,
S1-921498427,S3-862502142,US,0.6153693795204163,Missing address,1,0.9811,0.9652,0.0,0.0,0.0,0.0,national society vi llc,national society vi,759 500 pleasant grove ut,
S1-670740511,S3-276852004,US,0.6153292655944824,Missing address,3,0.9581,0.9474,0.0,0.0,0.0,0.0,sato merchants corp,sato merchants,3028 shepperd road monkton md,
S1-35052417,S3-760287087,US,0.6153290867805481,Both moderately similar,22,0.4979,0.8479,0.3636,1.0,0.0,1.0,notech integrated thunder llc,n0tech integrated,2174 st rt 376 mc connelsville oh,2174 b st rt 376 morgan twp ohio
S1-150819262,S2-503780836,US,0.6152762770652771,Name weak / address strong,5,0.9244,0.6932,0.6667,1.0,0.0,0.0,safe all,safe center,23 braley lane bolton ny,ny bolton 23 braley ln
S1-887108125,S3-642969773,India,0.6151737570762634,Both moderately similar,5,0.8384,0.7155,0.3529,1.0,0.0,0.0,maa agro private limited,smt maa agro private,flat 8 archane plot 18 setor 17 vashi navi mumbai thane maharashtra,block a c 232 flat 8 archane thane navi mumbai mharastr
S1-213421466,S2-614011048,India,0.6147726774215698,Name weak / address strong,2,0.9128,0.5166,0.7692,1.0,0.0,0.0,ish electronics private limited,drexverahalo,maharashtra saptshrungi apt gajanan chowk komati lane panchvati 9 10 nashik,9 10 saptshrungi apt gajanan chowk komati lane panchvati nashik dixi mharastr
S1-97420771,S3-722465701,US,0.6147170066833496,Name weak / address strong,6,0.8338,0.4245,0.625,1.0,0.0,0.0,zapata and somerville inc,wexhalocalo,505 plantation street unit 109 worcester ma,massachusetts worcester 505 plantation street 109
S1-34100401,S2-586072382,US,0.6143817901611328,Missing address,8,0.927,0.8111,0.0,0.0,0.0,0.0,interstate trust llc,the interstate trust llc,509 william street stoneham ma,
S1-428920299,S2-632763723,India,0.6138379573822021,Missing address,7,0.9509,0.7523,0.0,0.0,0.0,0.0,southern marketing private limited,m s southern marketing private,plot no 247 chetana housing colony alwal hyderabad telangana secunderabad,
S1-912003055,S2-703269454,India,0.6135939359664917,Name weak / address strong,5,0.957,0.6211,0.8333,1.0,0.0,0.0,hybrid india apps pvt ltd,sri hybridindia,cts no 78 a 6 plot no 3 b wing 2nd floor suashish diamonds industrial estate rajendra nagar dattapada road borivlai east mumbai maharashtra,cts no 78 a plot no 3 b wing 2nd floor suashish diamonds industrial estate rajendra nagar dattapada road borivlai east mharastr
S1-683360581,S2-121272899,US,0.6132245659828186,Missing address,15,0.5954,0.9034,0.0,0.0,0.0,0.0,midwest bancorp inc,midwest inc partners,28083 1700 street walnut il,
S1-609634097,S2-972243108,India,0.6122896671295166,Other residual,6,0.8378,0.7257,0.5455,1.0,0.0,0.0,all international limited,ol imtrnesnl limited,j 4 57akhirki extension new delhi south delhi delhi,block b 610 j 4 57akhirki extension gurugram south delhi delhi
S1-719261676,S3-487671630,India,0.612273633480072,Both moderately similar,17,0.7292,0.6838,0.4615,1.0,0.0,1.0,prime foundation,praim phaumdesn,4th k m stone kharkhoda road village bhaisru khurd tehsil sampla sampla haryana,4th k m stone tehsil sampla sampla hr
S1-491236317,S3-607902288,India,0.6122339367866516,Address weak / name strong,2,0.9661,0.9,0.15,1.0,0.0,0.0,bu mills limited,bu mills,chennai dadha chambers chennai tamil nadu 3rd floor south wing new no 250 old no 268 avvai shnamugam salai,no 330 dadah chambers chennai tn
S1-734847106,S3-485833222,US,0.6116117835044861,Address weak / name strong,3,0.9623,0.9765,0.1429,1.0,0.0,0.0,primary care mountain medicine,primary care mountain medicine ltd,13 jackson street unit apartment 1 amsterdam ny,013 jackson st pmb 4716 amsterdam new york
S1-841118034,S3-128229187,India,0.6113303899765015,Missing address,4,0.9622,0.9571,0.0,0.0,0.0,0.0,prabhav and co,prabhav and,plot no a 22 palaspalli near airport bhubaneswar khordha orissa,
S1-73039256,S3-980135934,US,0.6112704277038574,Both moderately similar,2,0.9299,0.8455,0.2308,1.0,0.0,0.0,t 7 q sciences llc,the t 7 q sciences llc,513 kiwanis avenue sioux falls sd,po box 3019 513 kwianis ave sioux falls south dakota
S1-616778592,S3-445737431,US,0.6112686395645142,Transliteration / phonetic variation,2,1.0,0.7525,0.125,1.0,0.0,0.0,hacker sommers and harmon spectral,spectral sommers and harmon hacker,4301 wendell boulevard wendell nc,wendell 04301 wendell blvd north carolina
S1-870988296,S2-177393781,US,0.611116349697113,Name weak / address strong,11,0.8315,0.4105,0.5556,1.0,0.0,1.0,office of public works,fayeevo,95 simpson road fall branch tn,95 simpson rd pmb 5011 fall branch tn
S1-755003179,S3-164515132,India,0.6104585528373718,Name weak / address strong,4,0.8738,0.6587,0.7,1.0,0.0,0.0,global india private limited,sri globalindia com,ground floor 704 kalikapur road kolkata kolkata howrah west bengal,ground floor 704 kalikapur road kolkata howrah kolkata pscimbng
S1-182657784,S2-44221855,India,0.6103196740150452,Missing address,3,0.9542,0.95,0.0,0.0,0.0,0.0,tag changers llp,tag changers,no 41 museum road bangalore 1 bangalore karnataka,
S1-572242683,S2-180930465,US,0.6101099848747253,Missing address,3,0.8947,0.9478,0.0,0.0,0.0,0.0,cathyleen johnson banco,cathyleen johnson,1077 cherokee avenue rock hill sc,
S1-329842454,S3-664359494,India,0.6097437739372253,Address weak / name strong,4,0.7651,0.8738,0.2308,1.0,0.0,0.0,shivam apex foods pvt ltd,shivam apex pvt ltd center,b 614 natasha golf view aprts new ring road domlur bangalore karnataka,b 614 bangalore ka
S1-756955301,S3-424108806,US,0.6091984510421753,Transliteration / phonetic variation,20,0.6191,0.8588,0.25,1.0,0.0,0.0,mccall worldwide llc,mccall llc services,fl 0 2526 cheyenne way md gambrills,2842 cheyenne way po box 4402 gambrills maryland
S1-900420437,S3-707164471,India,0.6090623736381531,Address weak / name strong,4,0.716,0.9779,0.125,1.0,0.0,0.0,management veer technologies pvt ltd,management veher technologies pvt ltd,no 71 14th a main iind stage iind phase west of chord road mahalakshmipuram bangalore karnataka,71 bangalore ka
S1-859573224,S2-720318458,India,0.6085607409477234,Transliteration / phonetic variation,7,0.7911,0.7367,0.6875,1.0,0.0,0.0,universal foundation private limited,yunibhrsal phaundesn praibhet limited,miicr 65 phase 1 chhend colony near bank of india rourkela sundargarh orissa,miicr 65 raurkela phase 1 chhend colony near bank of india od isa rourkela
S1-739320977,S3-893844309,US,0.6082486510276794,Name weak / address strong,6,0.879,0.5897,0.625,1.0,0.0,1.0,autism assistance council,aacouncil com,422 howard grove parkway cary nc,422 howard grove parkway cary north carolina
S1-661124072,S3-576523315,India,0.6081759333610535,Missing address,8,0.789,0.9385,0.0,0.0,0.0,0.0,white media private limited,white media private limited enterprises,27 1448 chalakkattumolayil house ollur p o thrissur kerala,
S1-284477779,S2-75865952,US,0.6081563234329224,Missing address,3,0.8759,0.9571,0.0,0.0,0.0,0.0,pediatric pacific specialists inc,pediatric pacific specialists incorporated,203 brookwood avenue unit a hamilton oh,
S1-343256841,S3-231811696,India,0.6081316471099854,Name weak / address strong,6,0.8692,0.6237,0.6667,1.0,0.0,0.0,good global,good service,h no 174 at po ketkawale tal purandar pune maharashtra,no 174 at po ketkawale tal purandar pune region pune mh
S1-703054648,S3-897969586,India,0.6079655885696411,Address weak / name strong,25,0.5993,0.9292,0.2222,1.0,0.0,0.0,red consulting private limited,red kmsltimg praivet limited,h no 531 miyanpur hussenabad jaunpur uttar pradesh,531 jaunpur up
S1-958113252,S3-256683928,US,0.6079214811325073,Address weak / name strong,2,0.9901,0.9786,0.125,1.0,0.0,0.0,georgeanne owens aberdeen,georgeanne owens aberdeen co,308 cherry street shrewsbury ma,cherry st shrewsbuyr massachusetts
S1-606608234,S3-888523633,US,0.6077662706375122,Address weak / name strong,19,0.9053,0.9826,0.2,1.0,0.0,0.0,cardiology center llc,cardiology center l l c,932 cahal avenue unit b nashville tn,cahal ave b nahsville tennessee
S1-621298081,S2-534854980,US,0.6074240207672119,Missing address,2,0.5865,0.9449,0.0,0.0,0.0,0.0,dietz and canales jones,dietz and cfaels jones,5795 highway 36 rose bud ar,
S1-604889224,S3-857701815,US,0.6073876023292542,Missing address,8,0.6623,0.93,0.0,0.0,0.0,0.0,choice marine collective,choice marine center,unit 10 9500 springfield road oh youngstown,
S1-779688768,S2-198268925,India,0.6072521209716797,Both moderately similar,22,0.5364,0.7621,0.3636,1.0,0.0,0.0,shyam infotech private limited,private shyam infoch limited,8 2 686 b 6 ph space no 1c 1st floor 12th square complex mall rd no 12 banj ara hills telangana hyderabad,no 2 686 b 6 ph hyderabad telangana
S1-759277828,S3-558041830,India,0.6069625616073608,Missing address,3,0.9573,0.903,0.0,0.0,0.0,0.0,polaris education private limited,polaris education,c o balveer singh purab tola ward no 12 nighasan kheri uttar pradesh,
S1-787342339,S3-759787979,India,0.6069625616073608,Missing address,5,0.9574,0.903,0.0,0.0,0.0,0.0,vortex foundation private limited,vortex foundation,hyderabad pno 1 sainatha puram neredmet flat no g1 telangana,
S1-234585908,S2-776533443,US,0.6069434285163879,Other residual,4,0.7534,0.9339,0.4286,1.0,0.0,0.0,goldie s american signs,goldie s american service,4664 garfield street washington dc,6664 garfield st washington dc
S1-317377120,S3-719470602,US,0.6067802906036377,Address weak / name strong,1,0.6364,0.9444,0.2222,1.0,0.0,0.0,hauser strategic mellon inc,hauser sraegc mellon inc,917 16th street fargo nd,north dakota 0917 16th saint fargo
S1-866184249,S3-779960114,India,0.6065832376480103,Address weak / name strong,3,0.9759,0.9619,0.1818,1.0,0.0,0.0,sunrise foods pvt ltd,sunrise foods pvt,sriniketan teresa lane convent junction marketrd ernakulam kerala,ernakulam keralam n a sriniketan
S1-22104423,S2-264550645,India,0.6065735816955566,Transliteration / phonetic variation,4,0.9034,0.8656,0.8182,1.0,0.0,0.0,gold solutions pvt ltd,gold solyusns praivrr limirrd,ws a11 14 104 n 2nd floor platinum workspace sahara centre opposite polly quarters calicut road perinthalmanna malappuram malapuram kerala,ws a0011 14 104 n 2nd floor platinum workspace sahara centre opposite polly quarters calicut road perinthalmanna malappuram null kerala
S1-429481520,S3-293282077,US,0.6065237522125244,Missing address,1,0.982,0.9636,0.0,0.0,0.0,0.0,bright development,bright development inc,1619 600 kentucky street unit 600 amarillo tx,
S1-165564117,S3-203982293,India,0.6064660549163818,Missing address,5,0.8888,0.8776,0.0,0.0,0.0,0.0,kaveriya india corporation,kaveriya corporation center,no 11 ashoka street opp gate deva mata central horamavu bangalore karnataka,
S1-18332141,S2-195209588,US,0.6063763499259949,Missing address,2,0.9807,0.9619,0.0,0.0,0.0,0.0,hamilton ventures inc,hamilton ventures,1821 hinman settler road derby vt,
S1-740193851,S3-934141276,India,0.6063763499259949,Missing address,3,0.9799,0.9619,0.0,0.0,0.0,0.0,mountain services ltd,mountain services,h no 785 s f nizamudddin west new delhi delhi,
S1-96883288,S3-773645880,US,0.6063492894172668,Name weak / address strong,4,0.9554,0.6127,0.6667,1.0,1.0,0.0,aparicio and tennyson,tennys0naparicio com,pomeroy oh 32610 sr 833,32610 sr 833 ohio pomeroy
S1-478671117,S3-188157825,India,0.6063457727432251,Missing address,3,0.9059,0.7894,0.0,0.0,0.0,0.0,coatings india pvt ltd,smt coatings india pvt,36 r n r c ghat road grnd flr block a type 08 uluberia ii howrah west bengal,
S1-173068904,S3-573144602,India,0.6062474250793457,Missing address,6,0.9546,0.853,0.0,0.0,0.0,0.0,om finance private limited,m s om finance private limited,s no 504 a 1 sadar bazar satara maharashtra,
S1-696171579,S2-453466511,India,0.6056888699531555,Both moderately similar,23,0.514,0.6814,0.3077,1.0,0.0,1.0,southern city healthcare pvt ltd,sdrn siti helthkeyr pra li,62kh gorakha gauri hand pamp rampur saidpur ghazipur uttar pradesh,62kh null varanasi region ghazipur uttar pradesh
S1-696171579,S2-410040653,India,0.6056888699531555,Both moderately similar,22,0.514,0.6814,0.3077,1.0,0.0,1.0,southern city healthcare pvt ltd,sdrn siti helthkeyr pra li,62kh gorakha gauri hand pamp rampur saidpur ghazipur uttar pradesh,62kh null varanasi region ghazipur uttar pradesh
S1-426257994,S3-361747949,US,0.6055590510368347,Transliteration / phonetic variation,2,0.8079,0.8161,0.1818,1.0,0.0,0.0,nm cascade sumitomo llc,nm sumitomo llc center,219 7th avenue rio rancho nm,19 7st ave rio rancho new mexico
S1-703495414,S2-32780649,India,0.6054533123970032,Missing address,7,0.8315,0.9565,0.0,0.0,0.0,0.0,cochin services co,cochin services company,16 828 r c road karuvelipady cochin ernakulam kerala,
S1-447704298,S2-81623850,India,0.6053091287612915,Missing address,5,0.9442,0.7667,0.0,0.0,0.0,0.0,lee producer,mr lee producer,c o ram saran layek vill bhutama post nachna bankura west bengal,
S1-26472208,S2-539907053,India,0.6053063273429871,Name weak / address strong,6,0.8792,0.6609,0.75,1.0,0.0,1.0,next group,next corp www nextcorp com,13 6 431 d 54 moghal nagar mehdipatnam hyderabad telangana,13 6 431 d 54 moghal nagar mehdipatnam hyderabad andhra pradesh
S1-648470512,S3-740910441,US,0.604925274848938,Missing address,2,0.892,0.9333,0.0,0.0,0.0,0.0,diamond auto group,diamond auto,255 nassau road costa mesa ca,
S1-777923023,S2-981553691,India,0.6047967076301575,Transliteration / phonetic variation,4,0.9085,0.7098,0.9231,1.0,0.0,0.0,om clinic,shri om cginc,lg 1 office plot no 13 gyan khand 2 indirapuram ghaziabad uttar pradesh,uttar pradesh lg 1 office plot no 13 gyan khand 2 indirapuram
S1-934704580,S2-63508033,US,0.6047837138175964,Missing address,3,0.9178,0.9333,0.0,0.0,0.0,0.0,south life,south life corp,nc bunnlevel 3603 mclean chapel church road,
S1-956518050,S3-14698536,India,0.6045228242874146,Missing address,3,0.8699,0.8998,0.0,0.0,0.0,0.0,yjv power private limited,yjv power limited services,443 a shanivar peth hasbnis bakhal pune city pune maharashtra,
S1-104397338,S2-166618789,US,0.6043921709060669,Missing address,14,0.9495,0.893,0.0,0.0,0.0,0.0,behavioral health medicine llc,behavioral behavioral health medicine llc,76 richmond road unit 2 warwick ma,
S1-991460010,S3-392917444,US,0.6039724349975586,Address weak / name strong,4,1.0,1.0,0.1818,1.0,0.0,0.0,human rights federation,human rights federation,545 oakdale road unit b jamestown nc,oakdale rd null jamestown north carolina
S1-890555521,S3-733936592,India,0.6039685010910034,Missing address,3,0.8999,0.9659,0.0,0.0,0.0,0.0,products real pharmaceuticals corp,products real pharmaceuticals corporation,flat no 2002 wing b chaitanya towers chsl appa saheb maratha marg opp mamta d bldg pr abhadevi mumbai mumbai city maharashtra,
S1-576143913,S2-517253083,US,0.603874921798706,Name weak / address strong,4,0.9649,0.6786,0.6667,1.0,0.0,0.0,holden rre pllc,rreholden com,3413 31st street tuscaloosa al,tuscaloosa 3413 31st st al
S1-704748979,S3-278184317,US,0.6037409901618958,Address weak / name strong,2,1.0,1.0,0.1,1.0,0.0,0.0,netech family office llc,netech family office llc,755 durand road beekmantown ny,55 durand rd new york plattsburgh
S1-796316582,S2-645360348,US,0.6033512949943542,Missing address,11,0.9662,0.9714,0.0,0.0,0.0,0.0,interfaith network,interfaith network lp,unit suite 120 7601 office plaza drive west des moines ia,
S1-786529142,S3-686379398,US,0.6031619906425476,Other residual,8,0.7131,0.8845,0.4444,1.0,0.0,0.0,cascade council iii p c,cascade cascade caucol iii p c,475 fir villa road dallas or,75 fir villa road null dallas oregon
S1-876721976,S3-114985435,India,0.602749764919281,Address weak / name strong,1,0.9763,0.9579,0.2,1.0,0.0,0.0,creative innovative technology pvt ltd,creative innovative technology,402 traffic lite m g road ghatkopar west mumbai mumbai city maharashtra,block d 900 402 mumbai mumbai city mh
S1-14167574,S3-892359357,US,0.6021994948387146,Address weak / name strong,2,1.0,1.0,0.2,1.0,0.0,0.0,hunger league,hunger league,17 van buren road glenville ny,van buren rd schenectady new york
S1-949723328,S3-472290604,India,0.6021634936332703,Missing address,4,0.9648,0.9619,0.0,0.0,0.0,0.0,prolink vidyalaya,prolink vidyalaya llp,03 sagar park shankar nagar gangapur road nashik maharashtra,
S1-741350861,S2-305350396,India,0.601891815662384,Both moderately similar,22,0.5655,0.6986,0.3571,1.0,0.0,0.0,perfect classic consulting,prphekt klasik kmsltimg,maharashtra ground floor mumbai city mumbai dinanath apartments m g road dahanukar wadi kandivali west,mumbai maharashtra mumbai city ground floor
S1-254478126,S2-477889742,India,0.6018649339675903,Transliteration / phonetic variation,3,0.8914,0.7185,0.8,1.0,0.0,0.0,mrudula prints,smt mrudula piirbgs,c o mo rafeek baisdeeh utraula balrampur uttar pradesh,uttar pradesh null c o mo rafeek baisdeeh utraula
S1-655710415,S3-592359094,US,0.601673424243927,Address weak / name strong,4,0.9532,0.9579,0.1667,1.0,0.0,0.0,evvy s catering,evvy s catering ltd,4101 1842 cynthiana ky,kentucky cynthina 1842
S1-246853643,S3-903988050,US,0.6015328168869019,Both moderately similar,6,0.7494,0.7514,0.4545,1.0,0.0,0.0,custom broadcast works inc,inc custom broodat works,sc seneca 807 by pass 123 unit 30,seneca ciy 807 by pass 123 south carolina
S1-369599899,S3-950117664,US,0.6013060808181763,Other residual,7,0.5831,0.3907,0.3333,1.0,0.0,1.0,shanahan industries llc,veralyra,1681 calle diamonte thousand oaks ca,1681 calle diamonte newbury park california
S1-378598744,S2-250843916,US,0.6012284755706787,Missing address,3,0.7728,0.9111,0.0,0.0,0.0,0.0,patriot project,patriot project enterprises,1090 rio glen drive eugene or,
S1-301788394,S3-44202071,US,0.6012284755706787,Missing address,5,0.7728,0.9111,0.0,0.0,0.0,0.0,murphy partners,murphy partners enterprises,1836 lester lane moretown vt,
S1-27047308,S2-884690076,India,0.6010916829109192,Missing address,3,0.9669,0.9319,0.0,0.0,0.0,0.0,technologies unique engineering private limited,technologies unique engineering,shop no 2 nishit chs ltd ushma nagar evershine nagar malad west mumbai mumbai city maharashtra,
S1-264326762,S3-639981740,US,0.6008756756782532,Missing address,7,0.8831,0.9412,0.0,0.0,0.0,0.0,cashman merlino and fiedler aria inc,cashman merlino and fiedler inc services,ny grand island 200 fareway lane,
S1-276507205,S3-129235987,US,0.6008586287498474,Other residual,11,0.686,0.6429,0.4286,1.0,0.0,0.0,n 7 i hill llc,llc n 7 i hi1l,al 3808 2nd avenue tuscaloosa,3478 2nd avenue tuscaloosa alabama
S1-459991540,S2-435825159,US,0.6006321907043457,Missing address,1,0.9655,0.9529,0.0,0.0,0.0,0.0,grand medical llc,grand medical,37 madison street warrenton town va,
S1-786566984,S2-203979369,US,0.6006193161010742,Missing address,10,0.6885,0.9608,0.0,0.0,0.0,0.0,tang metropolitan bankshares inc,tang mropoliatn bankshares inc,7251 118 kaufman tx,
S1-492504223,S3-175394872,US,0.6004025936126709,Transliteration / phonetic variation,4,0.7513,0.8925,0.3333,1.0,0.0,0.0,aggi calcagni microelectronics llc,aggi calcagni llc services,9 seton drive shrewsbury ma,pmb 5790 9 seton dr massachusetts shrewsbury
S1-180259882,S2-579445971,US,0.6004009246826172,Name weak / address strong,11,0.6314,0.4105,0.625,1.0,0.0,1.0,martin tire shop l l c,evozeph,1001 15th avenue texas city tx,1001 a 15nd avenue texas city tx
S1-319254528,S3-769937498,India,0.6003044843673706,Address weak / name strong,4,1.0,1.0,0.1765,1.0,0.0,0.0,xfk powers ltd,xfk powers ltd,b 1215 1216 1217 sun west bank ashram road ahmadabad city ahmedabad gujarat,b d 1215 ahmedabad hq region ahmedabad gj
S1-160342227,S3-753870011,US,0.6000322103500366,Other residual,4,0.5199,0.4643,0.2,1.0,0.0,1.0,swilley bowman and smith inc,calozeph,3492 21 fort mill sc,3492 21 ft m ill south carolina
S1-202203186,S3-362536196,US,0.5999693274497986,Other residual,4,0.7212,0.4056,0.2857,1.0,0.0,0.0,crystal imperial inc,evovio,9170 7 avoca ny,9170b 7 avoca new york
S1-152055106,S2-94300856,US,0.5998738408088684,Name weak / address strong,4,0.8495,0.5631,0.75,1.0,0.0,1.0,ah crystal mozayyx llc,yumanyla,50 middle neck road thomaston ny,50 middle neck road pmb 9149 thomaston ny
S1-711348392,S3-889042924,US,0.5998033881187439,Both moderately similar,5,0.7759,0.7128,0.2857,1.0,0.0,0.0,comer amc llc,llc c0mer amc,in 4521 peachwood court indianapolis,peachwood ct indianapolis indiana
S1-989159297,S2-263480742,India,0.599626898765564,Missing address,4,0.9182,0.7697,0.0,0.0,0.0,0.0,brisk quest limited,sri brisk quest ltd,c 122 ttc industrial areapawane village navi mumbai thane maharashtra,
S1-352339709,S3-657502046,US,0.5992600321769714,Both moderately similar,4,0.6386,0.8046,0.3,1.0,0.0,0.0,clear precision newbridge inc,inc clear precision newbidrg,mobile unit c 251 third court al,51 3th court c mobile alabama
S1-16450054,S3-568143364,India,0.59902024269104,Address weak / name strong,2,0.965,0.975,0.125,1.0,0.0,0.0,softpro ventures private limited,softpro ventures private ltd,flat no 402 a siri sai orchid vital rao nagar madhapur village hyderabad telangana,tg hyderabad 02 a
S1-176183045,S3-942016553,India,0.5990056395530701,Missing address,4,0.8957,0.9333,0.0,0.0,0.0,0.0,management mihir shelter,management mihir shelter corporation,531 5th floor west end mall near hilton hotel janakpuri west delhi delhi,
S1-904466230,S2-446500860,US,0.598976194858551,Missing address,5,0.7226,0.9496,0.0,0.0,0.0,0.0,nzh cornerstone spdr llc,nzh corngeratone spdr llc,1021 lake como drive monroe nc,
S1-158033869,S2-930212714,India,0.5988037586212158,Other residual,17,0.6117,0.7554,0.5,1.0,0.0,0.0,emerald and co,sri ererald and co,plot no 69a 2nd phasejigani indl area anekal taluk bangalore karnataka,plot no 69a anekal taluk chandapura karnataka
S1-545073817,S2-902858631,US,0.5987048745155334,Missing address,3,0.9161,0.9333,0.0,0.0,0.0,0.0,value vaneck group,value vaneck,38 murray avenue shelton ct,
S1-428206459,S2-230546256,India,0.5984825491905212,Missing address,2,0.9131,0.9333,0.0,0.0,0.0,0.0,urban and co,urban co,0 palnagar mirjapurmafi bhikhapur faizabad uttar pradesh,
S1-747124133,S3-106570801,US,0.5984197854995728,Both moderately similar,4,0.8007,0.8227,0.375,1.0,0.0,0.0,durham s consulting,the durham s consulting 8616,611 cumberland view drive crossville tn,cumberland view dr crossville tennessee
S1-467934066,S3-884243953,US,0.5981906652450562,Address weak / name strong,7,0.6806,0.8512,0.1111,1.0,0.0,0.0,clean starling llc,clean llc service,10849 palomino drive al montgomery,010849 palomino dr montgomry alabama
S1-717000793,S3-341115017,India,0.5980255007743835,Other residual,27,0.4158,0.9253,0.2667,1.0,0.0,0.0,red producer private limited,red prodyusr praivet limited,301 3rd floor balleshwar square opp iskcon temple s g highway ahmedabad gujarat,00301 s g highway ahmedabad gj
S1-680883806,S2-909744601,US,0.5980225205421448,Missing address,4,0.9789,0.9714,0.0,0.0,0.0,0.0,downtown ice cream co,downtown ice cream,2533 elizabeth drive pelham al,
S1-707873438,S3-849105157,India,0.5978960990905762,Address weak / name strong,12,0.8851,0.8876,0.2,1.0,0.0,0.0,bangalore technology private limited,bangalore technology technology limited center,no 647 5th main road opp to chaya speciality hospital ombr layout bangalore karnataka,no 647 bangalore ka
S1-307502301,S3-463304686,India,0.5977708697319031,Name weak / address strong,4,0.9601,0.6974,0.7143,1.0,0.0,0.0,ubi studio private limited,privatestudi0ubi com,plot no 17 five star hsgco op society farmaland ramdaspeth nagpur nagpur maharashtra,h no 17 five star hsgco op society farmaland ramdaspeth nagpur nagpur mh
S1-983707990,S3-694779382,US,0.5977124571800232,Acronym / name truncation,6,0.7638,0.8408,0.4444,1.0,0.0,0.0,orbola rio,osridbloa rio,255 westend circle city of sun prairie wi,westend circle sun prairie wisconsin
S1-503405627,S2-699398801,India,0.5977045893669128,Missing address,1,0.9814,0.9619,0.0,0.0,0.0,0.0,pune city overseas private limited,pune city overseas private limited limited,15a 4th floor city vista tower a fountain road kharadi pune city pune maharashtra,
S1-497048119,S2-11527738,US,0.5973501801490784,Other residual,5,0.8513,0.95,0.5,1.0,0.0,0.0,dynamic health inc,dynamic health inc trust,738 bucks hill road southbury ct,547 bucks hill rd southbury ct
S1-218114193,S3-817135648,India,0.5972989201545715,Address weak / name strong,2,0.9304,0.9529,0.1667,1.0,0.0,0.0,balaji estate llp,balaji estate,101 apple wood parkwoods nr refinery road gorwa vadodara gujarat,baroda vadodara 101 gujrat
S1-27999720,S2-161526301,US,0.5972895622253418,Other residual,13,0.8507,0.9308,0.4286,1.0,0.0,0.0,division of labor,division of labor district,1550 coburg road eugene or,001550 coburg rd eugene or
S1-225203266,S3-985450765,India,0.5970349311828613,Transliteration / phonetic variation,15,0.5665,0.8315,0.15,1.0,0.0,0.0,say hotels pvt ltd,say pvt ltd service,mumbai city b 910 mumbai damji shamji corporate square b h everest garden ghatkopar andheri link road maharashtra,mh mumbai block c 0255 b 910
S1-674636400,S3-702315782,India,0.5969634056091309,Missing address,6,0.9003,0.9272,0.0,0.0,0.0,0.0,rainbow foundation private limited,rainbow foundation limited services,patna bihar w o awadhesh kumar road no 24g adarsh vihar rajiv nagar c o manju devi,
S1-979230233,S2-333367023,India,0.5966980457305908,Both moderately similar,24,0.5246,0.7495,0.2727,1.0,0.0,0.0,new producer limited,niyu purotyucr limitet,h2 15 ranimangammal colony dindigul tamil nadu,h no 117 h2 15 dindigul tmilnatu
S1-298600765,S2-710042728,India,0.5966454744338989,Missing address,3,0.8479,0.9695,0.0,0.0,0.0,0.0,varanasi pratisthan limited,varanasi prtisthan limited,h no 6 2 113 indra nagar varanasi uttar pradesh,
S1-57534102,S3-581454589,US,0.5965129137039185,Address weak / name strong,5,0.8447,0.9478,0.1,1.0,0.0,1.0,ryan hospital inc,ryan hospital inc board,203 knapp road montgomery township pa,203 knarp rd lansddale pennsylvania
S1-817882392,S3-455825117,US,0.5964312553405762,Missing address,4,0.9176,0.9833,0.0,0.0,0.0,0.0,lopez harbor taxable inc,lopez harbor taxable lnc,24 donald street lexington ma,
S1-16230488,S3-374475497,US,0.5955535769462585,Name weak / address strong,7,0.8744,0.6481,0.5,1.0,0.0,0.0,gf abony,gf center,va franklin county 120 jubilee lane,120 jubilee ln franklin county virginia
S1-181275499,S2-668407811,US,0.5954253077507019,Other residual,4,0.9138,0.9442,0.5556,1.0,0.0,0.0,heritage business partners care,heritage business partners care corporation,2216 twin silo drive whitpain township pa,pa 221 twin silo dr whitpain township
S1-489100954,S2-339878635,US,0.5953355431556702,Missing address,3,0.6578,0.9428,0.0,0.0,0.0,0.0,hyacinthe moffett alpex l l c,hyacinthe mfforst alpex l l c,113 kain street ottawa il,
S1-891220733,S3-478228932,US,0.5950719714164734,Missing address,4,0.9339,0.9682,0.0,0.0,0.0,0.0,farmer witmer and harris studios corp,farmer witmer and harris studios corporation,131 morton street unit 203 boston ma,
S1-603153630,S2-25276799,US,0.5946257710456848,Both moderately similar,4,0.7227,0.7427,0.3,1.0,0.0,0.0,automated engineering technologies llc,5ervice automated engineering llc,charleston 1588 lee street wv unit apt c,001588 lee st charleston wv
S1-590194360,S3-798792148,India,0.5946093797683716,Name weak / address strong,4,0.8981,0.4711,0.6923,1.0,0.0,0.0,solutions cross seedlings,iriwex,c o roma industries malik pur road murthal sonipat haryana,hn 101 c o roma industries malik pur road murthal sonipat hr
S1-180167596,S3-616565859,US,0.5944494009017944,Missing address,3,0.9603,0.9576,0.0,0.0,0.0,0.0,jackson ouellette and gard center,jackson ouellette and gard,nc 10820 alto lane raleigh unit 204,
S1-305401475,S3-790731455,India,0.594359278678894,Missing address,5,0.8811,0.9333,0.0,0.0,0.0,0.0,kac nursing home,kac nursing home company,maharashtra shirala house no 830 sangli,
S1-955028169,S2-241858095,US,0.5943470001220703,Missing address,5,0.8472,0.9364,0.0,0.0,0.0,0.0,montoya charter school,montoya charter,1535 david street casper wy,
S1-75462560,S2-433422889,US,0.5943470001220703,Missing address,6,0.8608,0.9368,0.0,0.0,0.0,0.0,veterans fund,veterans fund trust,214 sutton row place houston tx,
S1-449662425,S2-753688226,US,0.5941812992095947,Transliteration / phonetic variation,6,0.9278,0.7079,0.5556,1.0,0.0,0.0,doseify inc,inc dsoiefey,fl 1 mo 2709 bristol lake drive columbia,2709 bristol lake dr columbia mo
S1-137611346,S3-90600096,US,0.5941663384437561,Address weak / name strong,1,1.0,1.0,0.0,1.0,0.0,0.0,bradley piedmont residential llc,bradley piedmont residential llc,4254 67th drive phoenix az,425 67nd dr phoeinx arizona
S1-788242870,S2-333080885,India,0.5937785506248474,Other residual,5,0.7602,0.8721,0.2857,1.0,0.0,0.0,hotel developers private limited,hotel hotel developers prgimte limited,tagore bhawantulsipur cuttack orissa,taogre bhawantulsipur cuttack od isa
S1-486331024,S3-260573181,US,0.5933101773262024,Address weak / name strong,2,1.0,1.0,0.1818,1.0,0.0,0.0,little seafood,little seafood,wi 7329 52nd avenue village of pleasant prairie,7329 52nd ave kneosha wisconsin
S1-792691978,S3-547614064,US,0.5933051705360413,Address weak / name strong,9,0.7945,0.9379,0.2222,1.0,0.0,0.0,the dent pilates inc,the dent pilates incorporated,wa 5707 121st place marysville,5707 b 121rd pl marysville washington
S1-304493178,S3-913866105,India,0.5932555198669434,Other residual,1,1.0,0.8418,0.1111,1.0,0.0,0.0,swastik services pvt ltd,pvt swastik services ltd,maharashtra mantra majestica co op sty sasane nagar kale padal road hadapsar c1 201 pune,cd 1 201 pune mh
S1-381817235,S2-526147493,India,0.5928466320037842,Missing address,2,0.9815,0.97,0.0,0.0,0.0,0.0,tanishq logistics co,tanishq logistics,c o olive bar and kitchen private limited pali hill tourist hotel 14 union park khar w mumbai maharashtra,
S1-39018132,S2-965216353,India,0.5928362011909485,Other residual,22,0.7616,0.8683,0.3636,1.0,0.0,0.0,raj infrastructure private limited,raj imphrastrkcr praivet limited,317 sarai sehjadi kati bagiya lucknow uttar pradesh,4 317 sarai sehjadi lucknow uttr prdes
S1-498474478,S3-200703293,India,0.5924493074417114,Address weak / name strong,4,0.9579,0.9733,0.1364,1.0,0.0,0.0,tithi producer private limited,tithi producer private ltd,hall h 1 second floor padam plaza plot no 5 sector 16 b avas vikas sikandra yojna agra uttar pradesh,hall h 01 agra up
S1-180723282,S2-149319045,India,0.5923005938529968,Both moderately similar,9,0.6627,0.6694,0.4,1.0,0.0,0.0,cfa technologies ltd,technologiescfa com,maharashtra off no a 3 pune city pune girme heights sn 62 12 salunke vihar,off no a 3 pune pune city mharastr
S1-31381177,S3-904784450,India,0.5922198295593262,Address weak / name strong,3,0.9607,0.9529,0.1875,1.0,0.0,0.0,catalyst agro,catalyst agro llp,plot no 9 saket layout kapra hyderabad minerva com plex s d road secunderabad hyderabad telangana,9 secunderabad hyderabad tg
S1-2420086,S2-313940920,India,0.5920426845550537,Missing address,2,0.9288,0.8111,0.0,0.0,0.0,0.0,jh real pvt ltd,mr jh real pvt ltd,trivandrum palakkad johns lane kerala parottukonam p o nalanchira,
S1-363866012,S2-780957793,India,0.5913357138633728,Missing address,17,0.847,0.9536,0.0,0.0,0.0,0.0,ahmedabad solutions center,ahmedabad solutions enterprises,b no 37 dhannjay bunglows b h shayamal 3 132 road satellite ahmedabad gujarat,
S1-721578696,S2-146324982,US,0.5908574461936951,Missing address,4,0.9421,0.9397,0.0,0.0,0.0,0.0,drayari connecticut inc,drayari connecticut connecticut,244 hayes road bean station tn,
S1-593425718,S2-309433805,India,0.5908058881759644,Missing address,7,0.5872,0.9307,0.0,0.0,0.0,0.0,prime land pvt ltd,prime llnd pvt ltd,c o mukesh jaiswal b c plaza mukharjee lane motijheel muzaffarpur bihar,
S1-343031020,S2-863560151,US,0.5905837416648865,Missing address,3,0.8286,0.929,0.0,0.0,0.0,0.0,jandy ruiz strategic israel llc,jandy ruiz strategic,7218 s brook drive austin tx,
S1-338748376,S3-19685252,US,0.5894675254821777,Address weak / name strong,3,0.8208,0.9333,0.0909,1.0,0.0,1.0,coronado pacific anadolu,coronado pacific,213 15th street ellendale nd,213 fifteenth st ellendal township north dakota
S1-17475238,S3-625120407,US,0.5893931984901428,Missing address,3,0.9768,0.9619,0.0,0.0,0.0,0.0,correy p castillo p a,correy p castillo,10571 side hill road ripley ny,
S1-245921801,S2-135953966,India,0.5888003706932068,Missing address,2,0.9053,0.7681,0.0,0.0,0.0,0.0,balaji college,shri balaji college limited,mythrivanam ameerpet andhra pradesh 402 hyderabad,
S1-470657754,S3-399940457,US,0.5886276960372925,Missing address,6,0.7372,0.93,0.0,0.0,0.0,0.0,bush piedmont osisko,bush piedmont,2408 williams creek road unit apt 38 high ridge mo,
S1-621935266,S3-841980698,India,0.588572084903717,Missing address,2,0.9654,0.9,0.0,0.0,0.0,0.0,sitamarhi hotels private limited,sitamarhi hotels,c o nand kishor prasad vill bangaon bazar ward 07 block bajpatti sitamarhi bihar,
S1-473891779,S3-584738813,US,0.588572084903717,Missing address,4,0.963,0.9,0.0,0.0,0.0,0.0,seor llc,seor,fishers in 9898 midnight line drive,
S1-766788853,S3-307196797,India,0.5885352492332458,Other residual,22,0.6853,0.9238,0.25,1.0,0.0,0.0,bright food private limited,8right food private ltd,tamil nadu 1st floor gpr nagar udhaya kumar st poonamallee tiruvallur pno 96,no 302 pno 96 tiruvallur poonamallee tn
S1-463728714,S3-775761016,US,0.5882300138473511,Address weak / name strong,6,0.7848,0.9107,0.1429,1.0,0.0,1.0,brown and clinkscales motor inc,brown and clinkscales motor incorporated www browncl com,265 8th avenue unit apartment 408 eugene or,265 eighth ave po box 7500 eugene oregon
S1-942453315,S3-714457912,US,0.5879392027854919,Both moderately similar,4,0.9195,0.7414,0.2222,1.0,0.0,0.0,nell aguirre p a m d p c,aguirre nell m d p c center,736 raindrops road gastonia nc,raindrops rd gastonia city north carolina
S1-837164058,S3-463610182,US,0.5875626802444458,Both moderately similar,5,0.6644,0.846,0.2,1.0,0.0,0.0,miller association vi,miller vi services,43 avery avenue buffalo ny,175 avery ave buffalo cdp new york
S1-206836703,S2-37613755,US,0.5875012278556824,Other residual,2,0.9082,0.92,0.6667,1.0,0.0,0.0,danica f crumb p a,danica f crumb p a corporation,1601 bonita drive middletown oh,01601 bonita drive middletown oh
S1-494460754,S2-994515465,India,0.5869827270507812,Missing address,7,0.8977,0.8998,0.0,0.0,0.0,0.0,hydro fans private limited,hydro fans limited center,8 c ferreira mansion sitladevi temple road mahim west mumbai mumbai city maharashtra,
S1-37866716,S3-736849867,US,0.5867481231689453,Missing address,4,0.7204,0.9172,0.0,0.0,0.0,0.0,preston trust llc,preston trust llc enterprises,1422 wolfram street chicago il,
S1-53841549,S3-750572753,US,0.58626788854599,Missing address,3,0.7624,0.9033,0.0,0.0,0.0,0.0,royal freight brands p c,royal freight p c center,3306 800 michigan city in,
S1-277207482,S2-88311206,US,0.5859559178352356,Missing address,8,0.9542,0.9556,0.0,0.0,0.0,0.0,medina bitcoin,medina bitcoin ltd,apple valley ca 15634 pohez road,
S1-849705055,S2-445722216,US,0.5858529210090637,Address weak / name strong,7,0.7696,0.934,0.2222,1.0,0.0,0.0,capital therapy inc,capita1 therapy,2033 22nd street phoenix az,02033 22nd st rio salado az
S1-337121022,S3-836497836,US,0.5855793952941895,Missing address,3,0.9632,0.9667,0.0,0.0,0.0,0.0,hackett capital,hackett capital lp,3104 chapel view drive beltsville md,
S1-734094871,S3-865272922,India,0.5854175686836243,Other residual,9,0.5237,0.7804,0.1667,1.0,0.0,1.0,mvg stock private limited,shri mvg steomkc private limited,100 mall godam road islampura new anaj mandi rohtak haryana,100 rohtak dist rohtak hriyana
S1-86178612,S3-446443835,India,0.5853500366210938,Address weak / name strong,2,0.9748,0.9448,0.1875,1.0,0.0,0.0,cholamandalam traders pvt ltd,cholamandalam traders,type ii unit no 9 dr vikram sarabhai instronic estate thiruvanmiyur chennai tamil nadu,chennai tn type ii madras
S1-32884197,S2-250409343,US,0.5851033329963684,Missing address,4,0.9075,0.9333,0.0,0.0,0.0,0.0,cherryfield cardiology associates,cherryfield cardiology,37 north street cherryfield me,
S1-902897966,S3-110222810,India,0.5850704312324524,Other residual,3,0.8721,0.6352,0.4545,1.0,0.0,0.0,om exports private limited,omexports com,agra uttar pradesh agra 12 chandra palace dholpurhouse,h no 12 chandra palace dholpurhouse agra uttr prdes
S1-441670017,S3-778822840,US,0.5850539207458496,Both moderately similar,6,0.7687,0.6786,0.4286,1.0,0.0,1.0,silver twin inc,inc 5ilver tn,209 portland street springfield mo,209 portland stret springfield missouri
S1-791424682,S2-268928958,India,0.5846131443977356,Name weak / address strong,2,0.9133,0.6049,0.7,1.0,0.0,0.0,jks search private limited,searchjks com,koladi road paruthipet near sa polytechnique chennai tamil nadu,koladi road paruthipet near sa polytechnique chennai tmilnatu
S1-796307942,S3-782738155,India,0.5845171809196472,Missing address,2,0.9496,0.975,0.0,0.0,0.0,0.0,life consultancy private limited,life consultancy private ltd,plot no 66 ground floor blk d pkt 3 sec 11 delhi north west delhi delhi,
S1-496309875,S2-312719470,US,0.5844536423683167,Missing address,3,0.7608,0.9652,0.0,0.0,0.0,0.0,trusted united idaho llc,trusted untd idaho llc,442 183rd street normandy park wa,
S1-680056173,S2-804669712,US,0.5843820571899414,Missing address,2,0.7762,0.94,0.0,0.0,0.0,0.0,coastal bright signs,coastal bright,7 monica cove greenbrier ar,
S1-624792125,S3-125133250,US,0.5841123461723328,Missing address,24,0.3958,0.966,0.0,0.0,0.0,0.0,ruiz s advertising,ruiz s advertifng,34 sadie bevins road sidney ky,
S1-2036784,S3-411966532,India,0.5838913321495056,Missing address,4,0.885,0.9067,0.0,0.0,0.0,0.0,partners nursing home partners,partners nursing,102 piccadil y 1 co op hsg soc ltd royal palm estate aarey milk colony goregaon e mumbai mumbai city maharashtra,
S1-100454727,S3-724589479,US,0.5838244557380676,Missing address,11,0.9657,0.9538,0.0,0.0,0.0,0.0,lucky deli,lucky deli co,1051 kettle road logan township pa,
S1-870056093,S3-919100580,India,0.5838161706924438,Other residual,3,0.9325,0.748,0.1429,1.0,0.0,0.0,kanhaiya tube private limited,smt kanhaiya tube private ltd,802 abhijyot square behind divya bhaskar press s g highway ahmedabad gujarat,335 802 ahmedabad gj
S1-678264878,S3-263068842,India,0.5835818648338318,Missing address,8,0.7927,0.9368,0.0,0.0,0.0,0.0,digital it private limited,digital it private limited enterprises,chennai kamaraj salai chinna kodungaiyur tamil nadu 116 108 chennai city,
S1-170902162,S3-888376289,India,0.5831378102302551,Name weak / address strong,2,0.8012,0.6561,0.5333,1.0,0.0,0.0,fhq exports private limited,fhqexports com,h no 6016 new sunny enclave kharar mohali punjab,h no d 6016 new sunny enclave kharar mohali sahibzada ajit singh nagar pb
S1-542856509,S3-181512964,India,0.5825307369232178,Name weak / address strong,5,0.9191,0.6539,0.8,1.0,0.0,0.0,galaxy consultancy private limited,gaileksi kmsltemsi praivet limited,plot no gh 03 16 th avenue sec 16c gaur city 2 greater noida w ghaziabad uttar pradesh,plot no gh 03 16 th avenue sec 16c gaur city 2 greater noida w ghaziabad kot up
S1-146512079,S2-179966758,US,0.5822534561157227,Name weak / address strong,10,0.7602,0.6611,0.7143,1.0,0.0,0.0,patriot committee vi,vpcommittee com,6315 royal fern drive tucson az,tucson 6315 roybl fern drive az
S1-757339422,S2-338920089,India,0.5819597244262695,Missing address,13,0.8932,0.9294,0.0,0.0,0.0,0.0,ahmedabad solutions private limited,ahmedabad solutions limited services,25 vaishali complex c g road new ashok asso nr kanchanjanga flat na vrangpura ahmedabad gujarat,
S1-564680972,S2-975737661,US,0.5819180607795715,Address weak / name strong,5,0.8173,0.8917,0.2,1.0,0.0,0.0,ytq cascade internet ltd,ytq cascade,1876 seabreeze street ca thousand oaks,001876 seabreeze st newbury park ca
S1-319413927,S3-429590025,US,0.5817826986312866,Missing address,4,0.8476,0.9368,0.0,0.0,0.0,0.0,catlin s auto sales,catlin s auto,medford 8 arden road ma,
S1-875092579,S3-975326504,India,0.5813683271408081,Address weak / name strong,1,1.0,1.0,0.125,1.0,0.0,0.0,pune canyon pvt ltd,pune canyon pvt ltd,off no 502b 5th floor icc devi gurav tech park s no 191 and 192 mumbai pune road pimp ri waghere pune maharashtra,mharastr off no 5 02b pune
S1-878577614,S2-960401081,US,0.5813495516777039,Missing address,3,0.8122,0.9333,0.0,0.0,0.0,0.0,blue supreme viking of rio rancho,blue supreme viking of,1410 annabelle road rio rancho nm,
S1-633229662,S2-216765289,US,0.581246554851532,Other residual,6,0.5485,0.5464,0.3636,1.0,0.0,1.0,wilkins optimal edp inc,weoptimal com,220 1st street fl 1st city of baraboo wi,220 first street null baraboo township wi
S1-233314911,S2-577184757,US,0.5809521675109863,Missing address,8,0.9428,0.9478,0.0,0.0,0.0,0.0,back alley cafe inc,back alley cafe cafe inc,1017 treemont way fall city wa,
S1-427595262,S3-455432991,India,0.5809388160705566,Address weak / name strong,2,0.9413,0.9579,0.1905,1.0,0.0,0.0,balaji projects llp,balaji projects,d no 3111 1st floor block no 3 2nd cross 5th main netravathi nandi enclave appartmen t bsk 3rd bangalore karnataka,d no 3111 bangalore krnatk
S1-997144758,S3-427875179,US,0.5803766846656799,Missing address,3,0.842,0.9471,0.0,0.0,0.0,0.0,coastal classic chain inc,coastal classic chain incorporated,319 pine street fort mill sc,
S1-58714303,S2-550920567,US,0.5800355672836304,Missing address,10,0.703,0.9394,0.0,0.0,0.0,0.0,allied capital partners,allied capital partners corp 2847,2600 brooken hill drive unit apt 12 fort smith ar,
S1-781134402,S3-704527280,India,0.5793948173522949,Name weak / address strong,3,1.0,0.4957,1.0,1.0,0.0,0.0,oakwood motors,nylajax sys,khasra no 372 374 and 375 village malikpur kohi alias rangpuri mehrauli delhi south west delhi delhi,south west delhi khasra no 372 delhi 374 and 375 village malikpur kohi alias rangpuri mehrauli delhi
S1-836219496,S3-508921450,India,0.5793348550796509,Address weak / name strong,2,1.0,1.0,0.15,1.0,0.0,0.0,bellevue holdings corporation,bellevue holdings corporation,7th floor shaligram corporates b h dishman corporate house c j road ambli ahmedabad daskroi gujarat,h no 7t floor ahmadabad ahmedabad gujrat
S1-321530438,S3-984133548,US,0.579006016254425,Missing address,2,0.9029,0.9294,0.0,0.0,0.0,0.0,oxon hill housing fund,oxon hill housing fund corporation,6529 livingston road unit 302 oxon hill md,
S1-777743977,S3-464854139,India,0.5786760449409485,Missing address,3,0.8508,0.8621,0.0,0.0,0.0,0.0,bikaner trading of gird,bikaner of gird services,rajbhawan c 21 indra nagar tansen road gird gwalior madhya pradesh,
S1-269631392,S2-858298223,India,0.5785384774208069,Name weak / address strong,2,0.9587,0.6591,0.9286,1.0,0.0,0.0,indu and co,sri indu company,plot no 110 sector 7 phase 1 industrial model township manesar gurugram gurgaon haryana,plot no 110 sector 7 phase 1 industrial model township manesar gurugram haryana
S1-529966789,S3-166489891,US,0.5784014463424683,Missing address,15,0.8761,0.9333,0.0,0.0,0.0,0.0,happy barbershop,happy barbershop trading,621 monterey street az gilbert,
S1-529966789,S2-407629357,US,0.5784014463424683,Missing address,14,0.8761,0.9333,0.0,0.0,0.0,0.0,happy barbershop,happy barbershop trading,621 monterey street az gilbert,
S1-739157273,S3-96159231,US,0.5782642960548401,Missing address,2,0.9012,0.9538,0.0,0.0,0.0,0.0,mccorvey ferguson and baumann planet llc,mccorvey ferguson and baumann llc center,3103 basford road frederick md,
S1-948907477,S3-650039512,India,0.5781712532043457,Transliteration / phonetic variation,2,1.0,0.8333,0.1364,1.0,0.0,0.0,vikas growth private limited,vikas limited private growth,office no 604 level 6 jeevan heights plot no 53 3 thorat colony s no 110 erandawane pune maharashtra,office no 6 04 poona bhandarkar road mh
S1-215829800,S3-200139402,India,0.5779431462287903,Address weak / name strong,2,1.0,0.9727,0.1667,1.0,0.0,0.0,uttam pharmacy pvt ltd,uttam pharmacy ltd pvt,novopan premises sy no 23 26 27 balanagar village and mandal balanagar mahbubnagar mahabubnagar telangana,hn 139 novopan premises rangareddi mahbubnagar telmgan
S1-786054543,S3-968519473,US,0.5778694152832031,Missing address,4,0.9706,0.968,0.0,0.0,0.0,0.0,channa mcwilliams d o p c,channa mcwilliams d o inc,12703 cobblestone drive houston tx,
S1-665524308,S3-307350725,India,0.5778437256813049,Missing address,2,0.9465,0.8538,0.0,0.0,0.0,0.0,real infotech private limited,dr real infotech private limited,room no 3 420 i suryakanti tower new bus stand thrikkaripur p o kasaragod kasargod kerala,
S1-502982254,S3-628773652,US,0.577634871006012,Address weak / name strong,6,0.5833,0.8774,0.2,1.0,0.0,0.0,kimmie slater value stellar inc,kimmieslater,1306 jameson avenue benton ar,1295 jameson ave n a benton arkansas
S1-701308048,S2-104871786,India,0.5775862336158752,Missing address,4,0.9117,0.8088,0.0,0.0,0.0,0.0,my ventures private limited,sri my ventures private limited,a 301 sanghavi regeancy near new rto office kalyan thane maharashtra,
S1-911151546,S3-595086831,US,0.5772109627723694,Missing address,4,0.9409,0.9619,0.0,0.0,0.0,0.0,health society vi,health society vi ltd,2117 lincoln avenue fort worth tx,
S1-18122246,S3-885772558,India,0.5772085189819336,Missing address,3,0.9507,0.95,0.0,0.0,0.0,0.0,kind science,kind science llp,uttar pradesh d 61 42 varanasi b 3 sidhgiribagh varanasi,
S1-862902523,S2-651458131,US,0.5772085189819336,Missing address,3,0.9581,0.95,0.0,0.0,0.0,0.0,mv tri state texas l l c,mv tri state texas,7425 iowa lane manvel tx,
S1-690612609,S2-245502176,US,0.5771718621253967,Missing address,7,0.8424,0.9366,0.0,0.0,0.0,0.0,snyder richards and mcdonald european inc,snyder richards and mcdonald,302 bedford avenue hempstead ny,
S1-890744894,S2-732926824,India,0.5763710737228394,Missing address,4,0.969,0.9158,0.0,0.0,0.0,0.0,assist pharmaceuticals private limited,assist pharmaceuticals,s no 87 12 baner veerbhadra nagar haveli pune maharashtra,
S1-785180662,S3-638642355,India,0.5762239098548889,Name weak / address strong,6,0.7981,0.6942,0.5455,1.0,0.0,0.0,one consultancy limited,wan knsltansi limited,plot 2522 4032 saptashati nagar bhubaneswar khordha orissa,323 plot 2522 4032 saptashati nagar bhubaneswar od isa
S1-267851614,S3-543890450,India,0.5758825540542603,Address weak / name strong,2,0.9733,0.96,0.1333,1.0,0.0,0.0,aligarh township llp,aligarh township,aligarh uttar pradesh aligarh 1233 habib painter wali gali usman para delhi gate,plot 120 1233 aligarh up
S1-317780845,S3-260574043,India,0.5756065845489502,Other residual,5,0.9061,0.7885,0.1667,1.0,0.0,0.0,nrd cold,shri nrd cold,502 vanijya bhavan agrawal cloth market ahmadabad city ahmedabad gujarat,b3 502 ahmedabad gj
S1-963700874,S3-926346339,India,0.575542688369751,Name weak / address strong,3,0.8887,0.3825,0.75,1.0,0.0,0.0,lnm solutions,yumacalopyra,c o indra patra po jharigam jayanti village nabarangpur orissa,c o indra patra po jharigam jayanti village nabarangpur od isa
S1-410810450,S2-138452123,US,0.5754424333572388,Missing address,5,0.9479,0.9655,0.0,0.0,0.0,0.0,national valley columbia pllc,national valley columbia,129 princeton boulevard unit apartment 1 tonawanda ny,
S1-741182670,S3-499432421,India,0.5754424333572388,Missing address,3,0.9511,0.9655,0.0,0.0,0.0,0.0,infinity welfare society,infinity welfare society corp,plot no 752 ground flour nitikhand 1 indrapuram ghaziabad uttar pradesh,
S1-102833988,S3-212381717,US,0.575373649597168,Address weak / name strong,1,1.0,1.0,0.0909,1.0,0.0,0.0,vezina s capital,vezina s capital,1707 rosa drive prince william county va,707 rosa dr woodbridge virginia
S1-938968213,S3-690096438,India,0.5752546787261963,Address weak / name strong,5,0.8372,0.9032,0.2381,1.0,0.0,0.0,investments and sons,investments sons center,1301 satgurus flying carpet corner of 13th and 17th road opp satguru kalyan khar west mumbai maharashtra,h no 1301 satgurus flying carpet raigad mumbai mh
S1-574220837,S3-54478520,US,0.5750830769538879,Missing address,4,0.7769,0.9375,0.0,0.0,0.0,0.0,lee express pono,lee express,143 castle heights harrodsburg ky,
S1-77604045,S3-503215511,US,0.5748149752616882,Transliteration / phonetic variation,9,0.873,0.904,0.5,1.0,0.0,0.0,rev it up pub,rev it up pub corporation,ny oyster bay 88 ketcham road,new york oyster bay ketcham road
S1-547197237,S3-495366918,US,0.5746233463287354,Missing address,2,0.9801,0.9619,0.0,0.0,0.0,0.0,sabra t rosenblum d o,sabra t rosenblum,1100 park avenue malvern ar,
S1-966301218,S3-661307978,India,0.5738906264305115,Name weak / address strong,6,0.9129,0.5255,0.75,1.0,0.0,0.0,balaji builders private limited,vantagevera,bidar humnabad 22 624 basava nagar humnabad karnataka,22 624 basava nagar humnabad bidar ka
S1-893202042,S3-770380976,US,0.5738651156425476,Missing address,6,0.8139,0.9613,0.0,0.0,0.0,0.0,pinnacle investment international inc,pinnade investment international,373 300 kanab city ut,
S1-69185536,S3-615324412,India,0.5737698674201965,Address weak / name strong,5,0.7557,0.8912,0.2353,1.0,0.0,0.0,bangalore south consultancyprivate private limited,banga1ore south consultancyprivate private ltd,no 104 4 1st cross new timber yard layout bengaluru karnataka 560 026 bangalore south bangalore karnataka,h no 104 bangalore south ka
S1-60463297,S3-605224819,US,0.5736750960350037,Both moderately similar,4,0.7845,0.6782,0.375,1.0,0.0,0.0,village of bagley youth horizon foundation corp,villagebagleyyouth com,wi 275 budweiser lane village of bagley,budweiser lane bagley wisconsin
S1-903031519,S2-329391797,US,0.573478639125824,Name weak / address strong,2,1.0,0.5208,1.0,1.0,0.0,1.0,mccray apex cbre,drexgild,456 timbercreek drive maryville tn,456 timbercreek drive maryville tn
S1-785287393,S3-751587734,US,0.5734549760818481,Missing address,6,0.6838,0.9575,0.0,0.0,0.0,0.0,purdie hensley and harris llc,purdie hens1ey and harris,2133 robberson avenue springfield mo,
S1-754339036,S2-517272895,US,0.5732187032699585,Other residual,16,0.5251,0.4276,0.375,1.0,0.0,1.0,ayers karman inc,synhalo,107 todd trail millbrook al,107 todd trl milblrook cdp al
S1-35424571,S3-736890147,US,0.5729579329490662,Both moderately similar,5,0.5215,0.7211,0.3333,1.0,0.0,1.0,antonio charita b md pc,bcharitaantonio com,3904 winding way acton tx,3904 winding way pmb 6406 granbury texas
S1-186162372,S2-993135290,US,0.5729203224182129,Missing address,3,0.8565,0.9405,0.0,0.0,0.0,0.0,vision medicine of clinton,vision medicine of clinton federation,333 main street clinton ma,
S1-334966326,S2-747159158,US,0.5728009343147278,Address weak / name strong,1,1.0,1.0,0.2,1.0,0.0,0.0,miller capital partners llc,miller capital partners llc,1780 waller road town of new hope wi,waller rd iola wi
S1-332159758,S2-286924513,India,0.5726354122161865,Name weak / address strong,1,1.0,0.5595,1.0,1.0,0.0,0.0,bakshi sangh,veoaria,durga ahsram gali near lal babu lodge b v college sheikhpura patna bihar,durga ahsram gali near lal babu lodge b v college sheikhpura patna bihar
S1-951645212,S2-604906956,US,0.572588324546814,Missing address,4,0.7481,0.9322,0.0,0.0,0.0,0.0,shelba richardson gulf cayson inc,shelba ricoarodson gulf cayson inc,1337 east street crete il,
S1-472292681,S2-52948309,US,0.572488009929657,Both moderately similar,22,0.5401,0.6823,0.3333,1.0,0.0,0.0,3 legged dog inc,services 3 legged inc,az peoria 13310 rio boulevard unit 2110,13312 rio blvd peoria az
S1-118150052,S3-723622103,India,0.5724257826805115,Name weak / address strong,5,0.9224,0.5793,0.6667,1.0,0.0,0.0,ss ventures llp,ai sai s vaimcrj ailailpi,961 gilco hight gilco valley mundi kharar sector 127 mohali punjab,61 gilco hight gilco valley mundi kharar mohali sector 127 pb
S1-432478198,S2-650356735,US,0.5723082423210144,Missing address,2,0.9606,0.9556,0.0,0.0,0.0,0.0,olaneus apollo,olaneus apollo ltd,2500 blanco boulevard bloomfield nm,
S1-473222129,S3-433300888,India,0.5718533396720886,Address weak / name strong,4,0.952,0.9714,0.125,1.0,0.0,0.0,nil business private limited,nil business private ltd,bhiwandi thane maharashtra d1a ground floor shree raj laxmi hi tech park mumbai nashik bypass road sonale unit no d1,unit no dc 1 thane null mh
S1-649053108,S2-229870460,US,0.5717763304710388,Missing address,3,0.9811,0.9636,0.0,0.0,0.0,0.0,c l and c jpmorgan inc,c l and c jpmorgan,1904 27th avenue pine bluff ar,
S1-946870187,S2-414346583,US,0.5711084604263306,Address weak / name strong,3,0.9642,0.9897,0.2,1.0,0.0,0.0,signature electronics enterprises llc,signature electronics enterprises l l c,9 foster road east fishkill ny,7 foster rd hopewell junction ny
S1-146094169,S3-519743984,India,0.5708970427513123,Missing address,4,0.9695,0.9684,0.0,0.0,0.0,0.0,bright marketing,bright marketing co,r12 6 world of joy gat n 1343 b nr podar sc haveli pune maharashtra,
S1-463317241,S2-412605679,US,0.5702536702156067,Missing address,1,0.9469,0.9215,0.0,0.0,0.0,0.0,bordelon animal hospital,bordelon animal animal hospital,6200 castro verde way ca elk grove,
S1-216486196,S2-463807864,US,0.5701466202735901,Transliteration / phonetic variation,21,0.6527,0.8725,0.5,1.0,0.0,0.0,barnes portfolio,barnes barnes pgtboroflo,7733 cedar drive james city county va,va 7733 cedar drive lanexa
S1-438818944,S2-719059679,US,0.569981575012207,Missing address,14,0.7994,0.9595,0.0,0.0,0.0,0.0,bricklayers union local no 817 p c,bricklayers uhnnino local no 817 p c,337 brewster avenue il lombard,
S1-54832240,S3-514191897,US,0.5696434378623962,Address weak / name strong,22,0.6779,0.8737,0.2,1.0,0.0,0.0,cascade,cascade corporation,811 brittany drive unit 1 cheyenne wy,716 brittany dr cheyenne wyoming
S1-174837210,S3-306748164,US,0.5690076351165771,Other residual,6,0.8661,0.6119,0.4444,1.0,0.0,1.0,uptown diner associates,associatesdineruptown com,2404 norman parker road cherryville nc,2404 norman parker rd cherryville north carolina
S1-280748977,S3-432279692,US,0.568622350692749,Missing address,9,0.9789,0.9636,0.0,0.0,0.0,0.0,board of education,board of education inc,columbus oh 5561 san gabriel drive,
S1-622112821,S2-168499586,US,0.5685361623764038,Missing address,5,0.8885,0.9,0.0,0.0,0.0,0.0,teus,teus ltd,905 glendower ct louisville ky,
S1-681272346,S3-952477953,India,0.5682240724563599,Missing address,2,0.9298,0.8079,0.0,0.0,0.0,0.0,world builders private limited,shri world builders private limited,6 e 298 sector 6 lucknow uttar pradesh,
S1-154629620,S3-296059223,India,0.5681869983673096,Transliteration / phonetic variation,23,0.4693,0.8394,0.1538,1.0,0.0,0.0,msp healthcare private limited,msp private limited services,flat no 1 urmila society ganesh chambers s no 31 dhankawadi pune maharashtra,1 pune mh
S1-1265776,S3-882587757,US,0.5681678056716919,Name weak / address strong,3,0.8719,0.4643,0.7143,1.0,0.0,1.0,kinman pan inc,dovacalo,1208 37th street little rock ar,1208 37th street little rock arkansas
S1-928194141,S3-526257644,India,0.5679078102111816,Address weak / name strong,1,1.0,1.0,0.0909,1.0,0.0,0.0,bangalore love private limited,bangalore love private limited,bangalore 18th main 2nd phase j p nagar 1391 karnataka,bangalore ka
S1-334731767,S3-21231362,India,0.5675832629203796,Address weak / name strong,1,0.7975,0.9603,0.1818,1.0,0.0,0.0,hw express private limited,hw express priave limited,188 st john s church road bangalore karnataka,door no 188 bangalore ka
S1-883119016,S3-145259278,India,0.5670812129974365,Other residual,3,0.9267,0.9313,0.7778,1.0,0.0,0.0,np developers pvt ltd,np developers pvt ltd 3753544148,sy no 3 h no 9 123 pipeline road kokapet gandipet rajendra nagar k v rangareddy telangana,sy no 03 h no 9 123 pipeline road kokapet gandipet rajendra nagar k v rangareddy telmgan
S1-764517549,S2-289284,India,0.5670039057731628,Both moderately similar,21,0.5918,0.8238,0.3125,1.0,0.0,0.0,sunrise food private limited,snrais phud praivet limited,flat 309 nandi manomay meadows 1st main 3rd cross naidu layout bangalore south bangalore karnataka,flat 309 n a bangalore bangalore south karnataka
S1-217422095,S2-479921977,India,0.5668507218360901,Missing address,3,0.9449,0.95,0.0,0.0,0.0,0.0,rm youth limited,rm youth ltd,no 6 ground floor avvaiyar street meenambakkam chennai tamil nadu,
S1-699392875,S3-938082065,India,0.5666592121124268,Both moderately similar,22,0.5895,0.8115,0.2857,1.0,0.0,0.0,vijay engineering limited,vijy imjiniyrimg limited,bangalore shop no 1 sri lak sri lakshmi nilaya 5th karnataka 1st flr bangalore south,bangalore south 1st flr bangalore ka
S1-597283255,S2-976235690,US,0.5662875175476074,Missing address,3,0.7527,0.9157,0.0,0.0,0.0,0.0,allison and mcgarrity constellation llc,allison and mcgarrity llc service,village of menomonee falls n76w15315 countryside drive wi,
S1-740744330,S3-468489612,US,0.5660184025764465,Other residual,3,0.9557,0.9638,0.375,1.0,0.0,0.0,dynamic best productions lp,dynamic best productions inc,524 ovington avenue brooklyn ny,524c ovington avenue brooklyn new york
S1-438973583,S2-591766250,India,0.5659377574920654,Other residual,28,0.5809,0.8946,0.2778,1.0,0.0,0.0,north consulting,north kmsltimg,epo 09 10 9th floor emerald plaza golf course extn road sector 65 bhondsi gurgaon haryana,epo 09 10 bhondsi new delhi haryana
S1-371160263,S3-234507008,India,0.5658286213874817,Transliteration / phonetic variation,16,0.7042,0.887,0.2667,1.0,0.0,0.0,premier industries private limited,premier private limited center,gat no 307 3 plot no 7 near nimbargi road mandrup south solapur solapur maharashtra,gat no 309 3 solapur mh
S1-89258427,S3-573666559,US,0.5658271908760071,Missing address,4,0.9214,0.9394,0.0,0.0,0.0,0.0,brunhilda williams safe latin llc,brunhilda williams safe,3738 vermont place atlanta ga,
S1-605165984,S3-597792470,US,0.5655621290206909,Transliteration / phonetic variation,5,0.8158,0.9,0.25,1.0,0.0,0.0,magallanes and sharp,magallanes,109 alamo court hampton city va,alamo ct hampton virginia
S1-209827627,S3-86087678,India,0.5654017329216003,Both moderately similar,4,0.8004,0.6744,0.4615,1.0,0.0,0.0,sky overseas private limited,skyoverseas com,d no 519 annapuram gounder garden five road salem tamil nadu,19 annapuram gounder garden five road salem tmilnatu
S1-353474951,S3-371965936,US,0.5652079582214355,Name weak / address strong,2,1.0,0.4579,1.0,1.0,0.0,1.0,graham asa llc,ariazephecto,4061 alaska street portland or,4061 alaska street portland or
S1-201485254,S2-535814753,India,0.5650192499160767,Missing address,5,0.9447,0.7992,0.0,0.0,0.0,0.0,bezalel traders pvt ltd,smt bezalel traders pvt,shop no 98 bldg no 20 h avenue global city vasai thane maharashtra,
S1-731155405,S3-885510454,US,0.5643373727798462,Missing address,4,0.914,0.9027,0.0,0.0,0.0,0.0,teamsters local 657,teamsters local 657 www teamsters com,7925 hudson avenue tulsa ok,
S1-107610874,S3-904485815,India,0.5641716718673706,Missing address,5,0.9407,0.9,0.0,0.0,0.0,0.0,krishna partners private limited,krishna partners,plot no 13 1 ground floor h i g oshb chandra sekhar pur bhubaneswar khordha orissa,
S1-603669590,S3-283626753,US,0.5636953711509705,Other residual,23,0.6826,0.8851,0.2727,1.0,0.0,0.0,internal medicine group,internal medicine 7219762642,4019 block drive unit 2167 irving tx,iving unit 2167 texas 04019 block dr
S1-406872650,S2-146487588,India,0.5636788010597229,Missing address,2,0.9708,0.9619,0.0,0.0,0.0,0.0,city infotech pvt ltd,city infotech pvt,house no 29 9 ward no 7 infront of jeening complex makdi mata road teh shamgarh mandsaur madhya pradesh,
S1-158475199,S3-91763359,US,0.5632349848747253,Address weak / name strong,1,0.9655,0.95,0.1818,1.0,0.0,0.0,modern river p c,modern river,64 paul avenue north hempstead ny,47 paul avenue new hyde park new york
S1-765817621,S3-989773499,US,0.5632314682006836,Acronym / name truncation,6,0.8601,0.74,0.2857,1.0,0.0,0.0,rines cardiology,rcardiology com,richmond tx 3427 fort richmond drive,fort richmond dr richmond texas
S1-646720941,S3-606693728,India,0.5631824135780334,Address weak / name strong,4,0.8313,0.8587,0.2353,1.0,0.0,0.0,nirmal india developers,nirmal developers partners,4th dimension cts 136 s no 34 pl no 10 erandwana office no 204 pune maharashtra pune,door no 65 office no 204 pune mh
S1-635607666,S3-24015646,US,0.5628195405006409,Address weak / name strong,2,1.0,1.0,0.1667,1.0,0.0,0.0,coon altenergy,coon altenergy,231704 twin fawn trail town of stettin wi,twin fawn trl wausau cdp wisconsin
S1-600251372,S2-690868224,US,0.5625573992729187,Other residual,3,0.8841,0.9455,0.6667,1.0,0.0,0.0,parker and jones eagle,parker and jones,4548 altgeld street chicago il,004548 altgeld street chicago il
S1-160325680,S2-155325397,US,0.5624746084213257,Missing address,1,0.95,0.9545,0.0,0.0,0.0,0.0,verrial portfolio pllc,verrial portfolio,1080 cr 121 hondo tx,
S1-619368063,S2-318830257,India,0.5622824430465698,Both moderately similar,26,0.6156,0.7668,0.4615,1.0,0.0,0.0,sun construction private limited,sn kmstrksn praivet limited,h 17 201 main vikas marg laxmi nagar delhi,dilli h no 8 62 h 17 201 delhi laxmi nagar
S1-513109600,S3-163768722,US,0.5619990229606628,Missing address,4,0.8524,0.9077,0.0,0.0,0.0,0.0,columbus youth association,columbus youth,5488 larkwood road columbus oh,
S1-206400670,S3-537807710,US,0.561926007270813,Missing address,5,0.8222,0.936,0.0,0.0,0.0,0.0,vanguard reliable studios,vanguard reliable,8812 winding trail st john in,
S1-828842796,S2-454858434,US,0.5614858865737915,Name weak / address strong,1,1.0,0.5167,1.0,1.0,0.0,0.0,phoenix allied emera,evoonyxwex,az phoenix 2236 heatherbrae drive,az 2236 heatherbrae drive phoenix
S1-251902073,S3-47593185,India,0.5612133741378784,Address weak / name strong,2,0.9832,0.9429,0.125,1.0,0.0,0.0,zuf research private limited,zuf research private,no 16 3rd floor gamma block sigma tech park white field main road bangalore karnataka,ka bangalore 16 bangalore
S1-884356294,S2-377613564,US,0.5610572695732117,Missing address,13,0.6798,0.9733,0.0,0.0,0.0,0.0,biraum holdings,biraum ho1dings,20 manor drive irondequoit ny,
S1-631255177,S3-749976815,US,0.5610123872756958,Missing address,5,0.6333,0.9342,0.0,0.0,0.0,0.0,brown and anderson chimera llc,brown and adnelgrson chimera llc,1465 staircase way washington city ut,
S1-41537885,S3-370548436,US,0.5608505606651306,Missing address,2,0.6145,0.9358,0.0,0.0,0.0,0.0,lemay oak clinic,lemay oak cfihc,ok muldrow unit 1st 4th 476490 1060 road,
S1-478520056,S3-486611540,India,0.560819149017334,Missing address,7,0.7652,0.9605,0.0,0.0,0.0,0.0,frontline educational society associates,frontline educational soicehety associates,smartworks business center c 28 and 29 tower a sector 62 room no 04 noida gautam buddha nagar uttar pradesh,
S1-544555012,S2-841461697,India,0.5604358911514282,Missing address,4,0.9336,0.9733,0.0,0.0,0.0,0.0,indo solutions private limited,indo solutions private ltd,door no 12 338 kandalloor kandalloor panchayath kayamkulam alappuzha kerala,
S1-86350297,S3-157158371,US,0.5597914457321167,Other residual,2,0.8095,0.9412,0.4286,1.0,0.0,0.0,pak nita o d,pak nita o d c0rp,20052 grassland way rogers mn,020052 grassland way rogers minnesota
S1-959282423,S3-616782382,US,0.559768557548523,Other residual,6,0.8417,0.4008,0.4286,1.0,0.0,0.0,powell and hill highview llc,kormira,fayetteville 67 camargo road tn,67 camargo rd fayetteville tennessee
S1-188085019,S2-249960101,US,0.5596628785133362,Transliteration / phonetic variation,22,0.6424,0.8571,0.375,1.0,0.0,0.0,redwood,rdeodo,3420 bell road unit 1086 phoenix az,bell rd phoenix az
S1-607553137,S2-801122990,US,0.5590315461158752,Missing address,4,0.9604,0.9571,0.0,0.0,0.0,0.0,bacon innovative diana l l c,bacon innovative diana,80 grant street unit apt 12 portland me,
S1-758677801,S3-532226643,India,0.5587790012359619,Other residual,3,1.0,0.8037,0.1765,1.0,0.0,0.0,fortune agro pvt ltd,pvt fortune agro ltd,papiya para n r khudiram pally milk factory siliguri darjiling darjeeling west bengal,no 41 padiya para darjiling darjeeling wb
S1-480846247,S3-766098119,US,0.5585246086120605,Missing address,3,0.8747,0.9385,0.0,0.0,0.0,0.0,fidelity huynh ace aeon lp,fidelity huynh ace,823 remington lane north aurora il,
S1-420551103,S2-35556743,India,0.5579521656036377,Both moderately similar,24,0.6965,0.7826,0.3846,1.0,0.0,0.0,sree red engineering private limited,sri red imjiniyrimg praivet limited,gh 03 sec 16 gr noida west bishrakh gautam buddha nagar uttar pradesh,gh 03 bishrakh uttar pradesh
S1-295955842,S3-413269110,India,0.5579506158828735,Missing address,3,0.9266,0.7275,0.0,0.0,0.0,0.0,advance papertech india,mr advance papertech,flatno 1111 d block 11th aratt milano gattahalli bangalore south bangalore rural karnataka,
S1-536682252,S3-147568749,India,0.5571259260177612,Address weak / name strong,1,1.0,1.0,0.1667,1.0,0.0,0.0,dynamic construction private limited,dynamic construction private limited,502 5th floor telecom nagar cuddapah andhra pradesh,no 502 kurnool region cuddapah ap
S1-414149033,S3-284859699,US,0.5571033954620361,Missing address,3,0.877,0.95,0.0,0.0,0.0,0.0,cascade choice dividend inc,cascade choice dividend incorporated,7605 pheasant ridge court bowie md,
S1-570755921,S3-827887830,India,0.5566849708557129,Address weak / name strong,3,0.716,0.8625,0.2,1.0,0.0,0.0,malwa digital india private limited,malwa india private limited service,311 swiss complex 33race course road bangalore bangalore karnataka,ka eglr 311 bangalore
S1-555211564,S3-543321184,India,0.5566604137420654,Missing address,3,0.8621,0.925,0.0,0.0,0.0,0.0,rajhans spices india,rajhans spices india corporation,g t road west bengal burdwan nawabhat near health city p o rajbati,
S1-706068085,S3-882373206,India,0.5564126372337341,Missing address,9,0.9179,0.7604,0.0,0.0,0.0,0.0,urban constructions private limited,smt urban constructions private,flat no 1906a mahalakshmi balaji emerald 90 ft road kanchan goan thakurli kalyan thane maharashtra,
S1-994223388,S3-560999507,India,0.5561726093292236,Address weak / name strong,9,0.8321,0.8647,0.2143,1.0,0.0,0.0,first technologies private limited,first private limited services,tamil nadu triplicane chennai old no 74 new no 129 third floor triplicane high road,74 chennai triplicane tn
S1-429116077,S2-526181893,US,0.5560998916625977,Missing address,2,0.9585,0.9571,0.0,0.0,0.0,0.0,clean creative produce l l c,clean creative produce,95 20 113 street ny south richmond hill,
S1-474477542,S3-772709370,India,0.5554976463317871,Missing address,13,0.7899,0.94,0.0,0.0,0.0,0.0,jaipur india private limited,jaipur india private limited enterprises,t 9 third floor agrasen tower central spine vidhyadhar nagar jaipur rajasthan,
S1-87143410,S2-601586690,India,0.5552440881729126,Missing address,7,0.7837,0.986,0.0,0.0,0.0,0.0,birbhum tech private limited,birbhum tcegh private limited,general secretary of b a u s c o kishan besra vill badilpur p o abinashpur birbhum west bengal,
S1-978662378,S3-636908743,US,0.5544174909591675,Other residual,3,0.8329,0.4841,0.3333,1.0,0.0,1.0,dugan grand rothschild,drexdova,3915 winchester lane bowie md,3915 1 2 winchester ln bowie maryland
S1-681703702,S3-113107176,India,0.554162323474884,Address weak / name strong,3,0.8863,0.9324,0.1875,1.0,0.0,0.0,chandravi ventures private limited,chandravi ventures limited service,ginserv bangalore karnataka site no 1 hal 3rd stage behind hotel leela palace kodihalli bengaluru,bengaluru bangalore ka ginserv
S1-291253966,S3-350849117,India,0.5540931224822998,Missing address,8,0.8542,0.9368,0.0,0.0,0.0,0.0,creative logistics limited,creative logistics limited enterprises,hno 668 first floor block c1 near nanda devi mandir palam vihar gurgaon haryana,
S1-682835091,S2-5630742,India,0.5540403127670288,Missing address,4,0.9608,0.9667,0.0,0.0,0.0,0.0,saheli solutions pvt ltd,saheli solutions pvt pvt,c p 18 sector b lda coloney kanpur road lucknow uttar pradesh,
S1-967125129,S3-714297105,India,0.5535723567008972,Address weak / name strong,14,0.5878,0.9545,0.1667,1.0,0.0,0.0,rajkot resorts pvt ltd,rajkot rbcorets pvt ltd,topland residency block no k 64 opp parijat residency sadhu vashvani ro ad rajkot gujarat,plot 751 topland residency rajkot surat gujrat
S1-105039015,S2-854801547,US,0.5534675121307373,Name weak / address strong,6,0.9158,0.6838,0.6,1.0,0.0,0.0,garcia pyrophyte,garcia services,1735 titan watershed drive unit 106 south bend in,in south bend 1735 titan watershed dr
S1-677834345,S2-294208387,US,0.5534493327140808,Missing address,4,0.8102,0.9263,0.0,0.0,0.0,0.0,omi heritage bakery,omi heritage,916 ohio street augusta ks,
S1-606797259,S3-131451363,US,0.5532274842262268,Other residual,6,0.6464,0.8375,0.1111,1.0,0.0,0.0,1621 lincoln place properties,1621lincolnplace com,1007 silvercrest drive webster ny,new york silvercrest dr webbster
S1-665726916,S2-210279496,India,0.5531330108642578,Missing address,13,0.9357,0.9733,0.0,0.0,0.0,0.0,shree brothers private limited,shree brothers private ltd,13 261 mukta prasad nagar bikaner rajasthan,
S1-483772562,S3-731643924,India,0.5531226992607117,Missing address,3,0.8677,0.9102,0.0,0.0,0.0,0.0,construction nokha siva private limited,construction nokha private limited center,2 a the emperess no 19 barnaby road kilpauk chennai tamil nadu,
S1-999619733,S3-785364363,US,0.5528658628463745,Both moderately similar,4,0.7793,0.7588,0.4,1.0,0.0,0.0,cota integrated templeton inc,inc service cota templeton templeton,12 pleasant street holbrook unit 2f ma,unit 2f 12 pleasant stret massachusetts hobrook
S1-412174397,S3-501245758,US,0.5527142882347107,Missing address,5,0.9428,0.9543,0.0,0.0,0.0,0.0,global software studios inc,global software studios studios inc,2970 leland road marianna fl,
S1-590638788,S3-56556036,US,0.5527033805847168,Address weak / name strong,3,0.8867,0.9308,0.125,1.0,0.0,0.0,certified payroll holdings,certified payroll,606 cunningham road seymour tn,cunningham rd semour tennessee
S1-200330662,S3-890580982,India,0.5523883700370789,Both moderately similar,14,0.4591,0.7874,0.3,1.0,0.0,0.0,ajinkya and co,adbnnoida and co,surveyno 1 plotno1nrcanal bagasara road champrajpur jetpur rajkot gujarat,surveyno 1 rajkot gj
S1-433592402,S3-930563819,India,0.5520405173301697,Address weak / name strong,8,0.756,0.8996,0.2308,1.0,0.0,0.0,balaji super software private limited,balaji super private limited center,rex plot 15 s no 41 14 sai colony triveninagar pune maharashtra,mh pune triveninagar rex
S1-195283215,S2-773494057,US,0.5510335564613342,Missing address,3,0.9346,0.95,0.0,0.0,0.0,0.0,barragan davis and martinez,barragan davis and martinez partners,8812 munson avenue niagara falls ny,
S1-596282355,S2-953061943,US,0.5509317517280579,Missing address,3,0.7697,0.927,0.0,0.0,0.0,0.0,platinum marine enterprises pc,platinum marine pc center,5209 schuler street unit d houston tx,
S1-677953285,S3-805961387,US,0.5508661270141602,Missing address,4,0.6977,0.9154,0.0,0.0,0.0,0.0,collins patriot automobile,collins patriot,ca fairfield 620 asbury lane,
S1-84914001,S2-207733186,US,0.5504436492919922,Missing address,4,0.8087,0.94,0.0,0.0,0.0,0.0,watts heritage rithm,watts heritage,2175 duncan drive fl 1 medford or,
S1-950594607,S2-750247882,India,0.5503110289573669,Missing address,7,0.781,0.9615,0.0,0.0,0.0,0.0,black properties private limited,black poperties private limited,c o dr pradeep kumar atp o raniganj p s imamganj gaya bihar,
S1-517681658,S3-472799675,India,0.5501629114151001,Missing address,7,0.9042,0.6959,0.0,0.0,0.0,0.0,north technology limited,sri north technology,no 25 2nd floor 1st cross wheller road coxtown bengaluru bangalore karnataka,
S1-833894183,S3-515396797,India,0.5500420331954956,Both moderately similar,25,0.6147,0.8081,0.2632,1.0,0.0,0.0,alpha enterprises private limited,private alpha entprrises limited,shop no 12 secunderabad hyderabad 13 and 14 ground floor happy trade centre 62 s d road telangana,shop no 12 hyderabad secunderabad tg
S1-61516868,S2-83223927,US,0.5497539639472961,Missing address,2,0.9431,0.9531,0.0,0.0,0.0,0.0,braga powell and jackson biologics llc,braga powell and jackson biologics biologics llc,14700 wallin drive unit 209 plainfield il,
S1-158549446,S2-922939077,US,0.5496999025344849,Missing address,5,0.8615,0.9243,0.0,0.0,0.0,0.0,marcella gallardo delta preferred llc,marcella gallardo delta,tucson az 16621 columbus boulevard,
S1-77550252,S3-591456806,India,0.5495023131370544,Missing address,2,0.9743,0.9636,0.0,0.0,0.0,0.0,radha brothers pvt ltd,radha brothers pvt,s no 31 2 f 334 335 koregaon park bhairoba pump pune maharashtra,
S1-181429893,S3-288508993,US,0.5494531393051147,Missing address,2,0.9419,0.8386,0.0,0.0,0.0,0.0,torres medical center llc,the torres medical center llc,3533 rivers crossing drive city of waukesha wi,
S1-120424200,S2-794424514,US,0.5491880774497986,Missing address,6,0.9248,0.9471,0.0,0.0,0.0,0.0,cox bodine and shultz llc,cox bodine and shultz llc services,unit apartment 1 sea cliff ny 339 glen avenue,
S1-671914738,S3-199947963,US,0.5488736033439636,Missing address,4,0.9805,0.9652,0.0,0.0,0.0,0.0,highland pediatrics,highland pediatrics llc,town of lima 7810 80 wi,
S1-979315932,S3-481742396,US,0.5485938191413879,Missing address,4,0.7883,0.9321,0.0,0.0,0.0,0.0,harbor liberty elite llc,harbor liberty llc center,133 century drive unit suite 202 bend or,
S1-779361312,S2-919377781,India,0.5484540462493896,Missing address,21,0.74,0.9647,0.0,0.0,0.0,0.0,lucknow rest private limited,lucknow rest private limited 98169,part of 2nd floor tc g 1 a v 3 vibhooti khand gomti naga r lucknow uttar pradesh,
S1-645191548,S3-837704482,US,0.5484155416488647,Missing address,5,0.9421,0.8545,0.0,0.0,0.0,0.0,reyes security,the reyes security,1900 461 stephenville tx,
S1-736857398,S3-809968213,India,0.5478839874267578,Name weak / address strong,3,0.9849,0.4841,0.8571,1.0,0.0,0.0,baba systems private limited,dr umbrafaye,l gf 65 world trade centrebarakhamba lane connaught place new delhi central delhi delhi,l gf 65 2 world trade centrebarakhamba lane connaught place new delhi central delhi dl
S1-70450143,S3-38840494,US,0.5475649833679199,Missing address,4,0.7171,0.9,0.0,0.0,0.0,0.0,allied guild,allied guild enterprises,4225 oak avenue brookfield il,
S1-560358519,S3-371135011,US,0.5474093556404114,Other residual,6,0.8082,0.8846,0.3,1.0,0.0,0.0,caldora iron works,cald0ra iron works inc,14 liberty street highland falls ny,11 liberty st highland falls new york
S1-738976627,S2-289106998,India,0.5472027063369751,Missing address,3,0.838,0.9207,0.0,0.0,0.0,0.0,zp dealers private limited,zp dealers limited partners,west bengal calcutta kolkata 168 muktaram babu street ps jorasanko,
S1-552862610,S2-120861276,US,0.5468980073928833,Missing address,13,0.8091,0.9333,0.0,0.0,0.0,0.0,board of environmental protection,board of environmental,2209 yosemite court carrollton tx,
S1-6058541,S2-927967112,US,0.5467166900634766,Other residual,5,0.8404,0.4868,0.4444,1.0,0.0,1.0,yarbrough annie cpa,rizavera,2622 topeka avenue unit apt 106 wichita ks,2622 topeka ave wichita ks
S1-779582458,S3-573458043,US,0.5460071563720703,Missing address,11,0.8428,0.9111,0.0,0.0,0.0,0.0,chiropractic express care associates,chiropractic express,36 pond hill road new castle ny,
S1-85728042,S2-188993475,US,0.5460071563720703,Missing address,4,0.8459,0.9118,0.0,0.0,0.0,0.0,sterling biomedical associates llc,sterling biomedical,tx 16419 great oaks hollow drive houston,
S1-66761785,S2-146477002,US,0.5459714531898499,Transliteration / phonetic variation,6,0.7535,0.8569,0.4286,1.0,0.0,0.0,nakajima s manufacturing lp,nakajima s lp partners,10333 broadmoor court omaha ne,broadmoor ct null omaha ne
S1-563494284,S3-834310839,US,0.5456500053405762,Missing address,6,0.9444,0.96,0.0,0.0,0.0,0.0,care 7 u,care 7 7 u,miamisburg oh 1222 simonton avenue,
S1-915776436,S3-272295535,US,0.5454581379890442,Other residual,9,0.5745,0.9114,0.25,1.0,0.0,0.0,coastal clean oak inc,coastal clean 0ak incorporated,24 2nd street moville ia,iowa moville 24 second st
S1-458319680,S2-782194993,US,0.5452171564102173,Missing address,3,0.9653,0.9586,0.0,0.0,0.0,0.0,peak materials advisors l l c,peak materials advisors,5150 community drive unit 7 d willoughby oh,
S1-299286690,S2-433999616,India,0.5451167225837708,Name weak / address strong,24,0.6445,0.6352,0.625,1.0,0.0,0.0,hr trading private limited,hrtrading com,paschim vihar ritu appartments 6 delhi new delhi,6 paschim vihar new delhi dilli
S1-781378121,S3-352422889,US,0.5446984171867371,Name weak / address strong,9,0.9139,0.5505,0.625,1.0,0.0,1.0,temple lutheran church,zephbelosyn,51 pearl street hudson falls ny,51 pearl street hudson falls new york
S1-170054508,S2-848897556,US,0.5446035265922546,Missing address,5,0.9265,0.9333,0.0,0.0,0.0,0.0,b h navios corp,b h navios,15 foreside street methuen ma,
S1-977263574,S3-320447836,US,0.5443806648254395,Missing address,4,0.974,0.9652,0.0,0.0,0.0,0.0,regional associates inc,regional associates,311 raleigh avenue carolina beach nc,
S1-306248679,S2-659215876,US,0.543494462966919,Missing address,17,0.6494,0.9535,0.0,0.0,0.0,0.0,green aerospace global inc,green aerospace gtlocal inc,2775 eckert road lancaster oh,
S1-884793693,S3-710387666,India,0.5430167317390442,Address weak / name strong,2,0.9685,0.92,0.1538,1.0,0.0,0.0,nano trading limited,nano trading,no 7 karnataka bangalore unit no 308 prestige centre point edward road bangalore,7 bangalore magadi ka
S1-892104195,S3-525435819,India,0.5426607728004456,Name weak / address strong,1,1.0,0.5352,1.0,1.0,0.0,1.0,investa nursing home,avirizanex labs,1 72 2 3 6 7 sree square 4th floor near hp petrol bunk gachibow li hyderabad telangana,1 72 2 3 6 7 sree square 4th floor near hp petrol bunk gachibow li hyderabad telangana
S1-548594508,S2-802981996,US,0.542591392993927,Missing address,4,0.929,0.9686,0.0,0.0,0.0,0.0,eastern legacy aldel llc,eastern legacy aldel aldel,1151 shadowline drive memphis tn,
S1-463125345,S3-66948769,US,0.542561411857605,Missing address,10,0.9562,0.9529,0.0,0.0,0.0,0.0,united center inc,united center,9553 battery heights boulevard unit unit 303 manassas city va,
S1-803065384,S2-872519726,US,0.5424702167510986,Other residual,4,0.846,0.9313,0.7143,1.0,0.0,0.0,birgitta s interstate industries,birgitta s interstate,8129 stone river drive frisco tx,8312 stone river drive frisco tx
S1-264870869,S2-46610893,US,0.5424167513847351,Missing address,2,0.9459,0.9299,0.0,0.0,0.0,0.0,86 31 tax service inc,86 31 tax tax service inc,90 main street unit c westminster ma,
S1-245526555,S2-424579585,US,0.5422305464744568,Missing address,6,0.8642,0.9336,0.0,0.0,0.0,0.0,stiffler medical center inc,stiffler medical inc partners,358 farmers union road clarkton nc,
S1-881993035,S3-242451758,US,0.5421189665794373,Missing address,8,0.9811,0.9704,0.0,0.0,0.0,0.0,primary care physicians inc,primary care physicians,404 main street stockdale tx,
S1-389367682,S2-934686894,India,0.541816234588623,Both moderately similar,21,0.4918,0.7647,0.3478,1.0,0.0,0.0,unique jai agro llp,yunik jy egro elelpi,plot no 1 3rd floor adjacent sab mall abv arya bhat stationary dharma market se ctor 27 noida gautam buddha nagar uttar pradesh,plot no noida gautam buddha nagar uttar pradesh
S1-639941037,S2-655167316,US,0.5413420796394348,Missing address,14,0.7793,0.966,0.0,0.0,0.0,0.0,surgical peak care,surgical peak cee,s2131 h town of winfield wi,
S1-674831904,S3-706613625,India,0.54096919298172,Other residual,4,0.9478,0.7993,0.1875,1.0,0.0,0.0,padma holdings co,sri padma holdings co,no 7 ground floor 8th main road 11th cross 2nd block jayanagar bangalore south bangalore karnataka,7 bangalore south bangalore ka
S1-875092579,S3-291638641,India,0.5408427715301514,Address weak / name strong,6,0.9822,0.9579,0.125,1.0,0.0,0.0,pune canyon pvt ltd,pune canyon pvt,off no 502b 5th floor icc devi gurav tech park s no 191 and 192 mumbai pune road pimp ri waghere pune maharashtra,off no 5 02b pune mharastr
S1-332273389,S3-694676217,US,0.5400546789169312,Name weak / address strong,2,0.9144,0.5772,0.625,1.0,0.0,1.0,milicent s tattoo,lyraectosol,1315 state rte 160 gallipolis oh,1315 state rte 160 gallipolis twp ohio
S1-437529425,S3-33462534,India,0.539879322052002,Address weak / name strong,7,0.8636,0.9142,0.1739,1.0,0.0,0.0,mumbai exports private limited,mumbai exports limited center,a g002 ground floor plot 8 pt tower no 7 lodha estrella salt pan road wadala truc k terminal mumbai mumbai city maharashtra,a g002 mumbai mumbai city mh
S1-72579437,S3-306699405,US,0.5398672819137573,Missing address,5,0.9347,0.95,0.0,0.0,0.0,0.0,leora schreier gesher clinic,leora schreier gesher,306 caroline avenue frederick county va,
S1-10262368,S3-681066237,India,0.5395582318305969,Name weak / address strong,3,0.9014,0.6587,0.7143,1.0,0.0,0.0,zeus consultancy,zeus 5ervices,50 1 54 12 1 flat no 402 tsr and psr royal apartments asrnagar seethammadhara visakhapatnam vishakhapatnam andhra pradesh,h no 05 50 1 54 12 1 flat no 402 tsr and psr royal apartments asrnagar seethammadhara vishakhapatnam ap
S1-720356189,S3-644103342,US,0.5395113229751587,Missing address,24,0.396,0.9449,0.0,0.0,0.0,0.0,webb communications llc,webb cotmuicatiosn llc,108 seamands drive wilmore ky,
S1-355342999,S3-837190400,US,0.5393921732902527,Both moderately similar,21,0.509,0.8296,0.3333,1.0,0.0,0.0,bell tribeca p c,bell p c center,2505 herman b towner street prichard al,alabama 2507 herman b towner street eighht mile city
S1-861457982,S2-104974497,India,0.5385197401046753,Missing address,3,0.8904,0.95,0.0,0.0,0.0,0.0,allium mountains corp,allium mountains corporation,flat no e 11 sanghavi residency bhigwan road baramati pune maharashtra,
S1-614580736,S3-827459876,US,0.538320004940033,Missing address,3,0.958,0.9667,0.0,0.0,0.0,0.0,historical committee,historical committee ltd,21206 orange hill avenue chesterfield county va,
S1-750424206,S2-590723667,US,0.5382137894630432,Missing address,3,0.9701,0.9538,0.0,0.0,0.0,0.0,keystone hyperliquid l l c,keystone hyperliquid,460 bielby road fl 0 lawrenceburg in,
S1-485649590,S3-858414969,US,0.5378759503364563,Missing address,4,0.9399,0.8827,0.0,0.0,0.0,0.0,conley and dehart center,conley dehart center center,256 sand pebble lane greece ny,
S1-898164125,S2-24856962,India,0.5376871824264526,Name weak / address strong,7,0.8993,0.4546,0.6154,1.0,0.0,0.0,madanapalli polytech ltd,lumviojax,2 190 g floor bogitivaripalli vempalli madanapalli mandal madanapalli chittoor andhra pradesh,3 2 190 g floor madanapalli bogitivaripalli vempalli madanapalli mandal amdhrprdes
S1-376835622,S2-143472850,US,0.537501335144043,Other residual,2,0.8963,0.9684,0.4286,1.0,0.0,0.0,chiropractic custom health l l c,chiropractic custom health l l c board,3399 ratcliff lane salem or,3271 ratcliff ln salem or
S1-913972237,S3-180571358,India,0.5373826622962952,Address weak / name strong,2,0.9392,0.9222,0.2,1.0,0.0,0.0,ansha and sons co,ansha sons co,no 2 1126 mahathma gandhi 1st main road 8th street kancheepuram kanchipuram tamil nadu,2 1126 kanchipuram tn
S1-150377710,S3-447711057,India,0.537325382232666,Name weak / address strong,11,0.8932,0.4831,0.8571,1.0,0.0,0.0,dream finance private limited,tavovantage,b 322 g f dakshin puri near sai baba mandir new delhi south delhi delhi,b 322 g f dakshin puri near sai baba mandir new delhi dl
S1-656076899,S2-678040359,US,0.5372828245162964,Missing address,3,0.9441,0.9545,0.0,0.0,0.0,0.0,pullen and cowell pllc,pullen and cowell,tn 11015 patterson road rockvale,
S1-88523509,S2-521733251,US,0.5371878743171692,Name weak / address strong,3,0.9659,0.667,0.7143,1.0,0.0,0.0,betti s legacy pizza,legacybettis com,tx fort worth 3844 spurgeon street,3844 spurgeon st fort worth tx
S1-851280428,S2-307683574,India,0.5369608998298645,Both moderately similar,25,0.7471,0.7892,0.3571,1.0,0.0,0.0,sree construction private limited,sri kmstrksn praivet limited,ghaziabad uttar pradesh d 4 2nd floor r k tower sector 4a vaishali ghaziabad,d c 4 ghaziabad uttar pradesh
S1-851280428,S2-915117980,India,0.5369608998298645,Both moderately similar,24,0.7471,0.7892,0.3571,1.0,0.0,0.0,sree construction private limited,sri kmstrksn praivet limited,ghaziabad uttar pradesh d 4 2nd floor r k tower sector 4a vaishali ghaziabad,d c 4 ghaziabad uttar pradesh
S1-739807217,S3-185584911,India,0.5367609858512878,Missing address,4,0.834,0.9333,0.0,0.0,0.0,0.0,vijay consulting,vijay consulting company,plot no 205 ground floor blk b pkt 5 sector 7 rohini landmark gurdwara delhi north west delhi,
S1-574659151,S2-586680926,India,0.5367438793182373,Missing address,3,0.9731,0.9625,0.0,0.0,0.0,0.0,acro advisors,acro advisors co,vadodara gujarat vadodara akshar city house no a 662,
S1-337550084,S3-499263642,US,0.5365684628486633,Other residual,1,0.6877,0.3698,0.4286,1.0,0.0,1.0,manna elite nexus inc,orbiviowex,904 stillwater drive kalida oh,904 stlilwater drive kalida ohio
S1-770967591,S2-108688653,US,0.5361030697822571,Both moderately similar,14,0.7454,0.7579,0.375,1.0,0.0,0.0,pediatric dental innovative care llc,dentalinnovativepediatric com,tn unit 506 111 17th avenue nashville,17th ave nashville tn
S1-112321678,S2-4613530,US,0.536087691783905,Address weak / name strong,2,0.9139,0.937,0.2222,1.0,0.0,0.0,bielawski association of los lunas,bielawski association of lunas center,58 primero road nm los lunas,primero rd meadow lake nm
S1-946675412,S2-120552025,US,0.5355945825576782,Missing address,3,0.9211,0.9676,0.0,0.0,0.0,0.0,baltimore human rights alliance,baltimore human rights alliance board,md 2935 frederick avenue baltimore,
S1-736249279,S2-345715161,India,0.5354109406471252,Missing address,3,0.9259,0.8048,0.0,0.0,0.0,0.0,neos hospital,shri neos hospital,west bengal bally jagachha howrah 33 2 ashutosh mukherjee lane,
S1-206052500,S2-337328170,US,0.5352792739868164,Name weak / address strong,3,0.8686,0.4259,0.6667,1.0,0.0,1.0,laflotech,veokor,216 park place spokane wa,216 park pl spokane wa
S1-575772479,S3-615719021,India,0.5350377559661865,Both moderately similar,6,0.7977,0.845,0.2353,1.0,0.0,0.0,petals and co,petals co services,no 65 10 36th across 26th 4th tblock 9th block pos bangalore south bangalore karnataka,h no 65 10 bengaluru bangalore krnatk
S1-191037512,S2-743371690,US,0.5349969267845154,Name weak / address strong,5,0.859,0.6697,0.7143,1.0,0.0,1.0,pemao pioneer materials inc,materialspioneer com,7107 lincoln drive putnam county tn,7107 licoln drive putnam county tn
S1-320018456,S3-862427622,India,0.5346951484680176,Transliteration / phonetic variation,6,0.9256,0.7231,0.6667,1.0,0.0,0.0,sunrise impex private limited,5unrise private limited center,187 a urban estate phase ii jalandhar city jalandhar punjab,h no 187 a urban estate phase ii jalandhar city jalandhar pb
S1-707873438,S2-278715890,India,0.5346198678016663,Name weak / address strong,11,0.898,0.5292,0.7647,1.0,0.0,0.0,bangalore technology private limited,btprivate com,no 647 5th main road opp to chaya speciality hospital ombr layout bangalore karnataka,h no 647 5th main road opp to chaya speciality hospital ombr layout bengaluru bangalore krnatk
S1-497454975,S3-228533889,US,0.5344613790512085,Name weak / address strong,5,0.9277,0.4226,0.6667,1.0,1.0,1.0,je debt,zetaflux,10534 rhody drive chimacum wa,10534 rhody drive washington chimacum
S1-874683526,S3-345066011,India,0.5342920422554016,Name weak / address strong,1,1.0,0.573,1.0,1.0,0.0,1.0,ujjaita india limited,vantagejax,28 a chandra nagar indore mp indore madhya pradesh,28 a chandra nagar indore mp indore madhya pradesh
S1-548754239,S2-169269448,India,0.5341655015945435,Name weak / address strong,5,0.8637,0.6071,0.8182,1.0,0.0,0.0,new care,nyu ker,no 2 2 walton road off vittal mallya road bengaluru bangalore karnataka,no 2 2 walton road off vittal mallya road bangalore rural bangalore karnataka
S1-481814899,S2-364028803,US,0.5341231822967529,Missing address,2,0.942,0.9524,0.0,0.0,0.0,0.0,cristen s dental,cristen s dental corp,7909 village center sherrills ford nc,
S1-544523729,S3-745899556,India,0.5340113043785095,Transliteration / phonetic variation,1,0.9269,0.7498,0.7647,1.0,0.0,0.0,great om projects pvt ltd,kiret om purajekts piraivet limitet,tamil nadu first floor challa mall complex 17 thyagaraya road t nagar no 105 chennai,no 8 105 first floor challa mall complex 17 thyagaraya road t nagar chennai tn
S1-622561153,S3-75530961,India,0.5337795615196228,Both moderately similar,4,0.7267,0.7884,0.3,1.0,0.0,0.0,ss food,smt ss food corp,b 13 basement motinagar central delhi delhi,491 b 13 motinagar farid nagar dl
S1-20455707,S2-345373889,India,0.5334258675575256,Name weak / address strong,5,0.9842,0.6038,0.9286,1.0,0.0,0.0,high constructions pvt ltd,hai kmstrksms pra li,shop no 4 lower flowr dish a shilp town center cidco at aurangabad aurangabad maharashtra,no 4 lower flowr dish a shilp town center cidco at aurangabad aurangabad maharashtra
S1-707374571,S3-114548161,US,0.5333251953125,Address weak / name strong,3,0.8715,0.9576,0.0769,1.0,0.0,1.0,devonne smith cascade newhold,devonne 5mith cascade newhold,3 frantone lane colonie ny,3 fractone ln po box 2580 albany new york
S1-779266193,S2-359591438,India,0.5331655144691467,Missing address,1,0.9446,0.9154,0.0,0.0,0.0,0.0,vinayak holding india pvt ltd,vinayak holding holding india pvt ltd,flat no 3s no 6 3 opp ramkrushna mangal karyalay pimple gurav pune maharashtra,
S1-307778825,S2-346729199,US,0.533108115196228,Missing address,3,0.9808,0.9692,0.0,0.0,0.0,0.0,surgical center center,surgical center center inc,5037 call place unit 301 washington dc,
S1-348395065,S2-420350541,US,0.5330617427825928,Name weak / address strong,5,0.8768,0.4945,0.8,1.0,0.0,0.0,bright hospitality collective llc,ciravioveo,1649 dandridge avenue knoxville tn,dandridge avenue knoxville tn
S1-67698896,S2-117283670,US,0.5329954624176025,Missing address,4,0.9343,0.9529,0.0,0.0,0.0,0.0,metro council,metro council ltd,6205 durand avenue village of mount pleasant wi,
S1-495177820,S3-859174861,India,0.5328633785247803,Name weak / address strong,6,0.8661,0.463,0.7778,1.0,0.0,0.0,urban infrastructure private limited,avivio,1973 bank street karol bagh new delhi delhi,816 1973 bank street karol bagh new delhi dl
S1-423025149,S3-781723227,India,0.5326008796691895,Address weak / name strong,3,0.7648,0.8759,0.2353,1.0,0.0,0.0,complete foundation india pvt ltd,complete india pvt ltd center,h no rz 2690 upper ground floor front side gali no 29 tuglakabad extension new delhi south delhi delhi,h no new delhi dl
S1-121765016,S3-576399074,US,0.5325089693069458,Missing address,8,0.8287,0.94,0.0,0.0,0.0,0.0,foot and ankle pinnacle care,foot and ankle pinnacle care enterprises,3618 ampfield way chesterfield county va,
S1-58797843,S2-928259096,US,0.5322144627571106,Missing address,7,0.6812,0.9167,0.0,0.0,0.0,0.0,filia h smith l c s w,filia h smith l c s w inc 4285674764,925 rushton street ogden city ut,
S1-91210355,S3-850830564,US,0.5321820378303528,Missing address,4,0.878,0.8805,0.0,0.0,0.0,0.0,cooperative supply solutions clinic,cooperative cooperative supply solutions,2330 108th avenue coon rapids mn,
S1-973722548,S3-808811437,US,0.5316745042800903,Missing address,14,0.8075,0.9172,0.0,0.0,0.0,0.0,cozy hypnosis llc,cozy hypnosis llc enterprises,1204 2nd street pekin il,
S1-554351486,S2-561717146,US,0.5316649675369263,Missing address,2,0.966,0.963,0.0,0.0,0.0,0.0,creative ace equipment corp,creative ace equipment,1276 laurel avenue bridgeport ct,
S1-725827702,S3-970993842,US,0.5315582156181335,Missing address,2,0.8944,0.9517,0.0,0.0,0.0,0.0,yr unified impact corp,yr unified impact corporation,640 desiree drive grand forks nd,
S1-413286262,S3-102040890,India,0.5313546657562256,Both moderately similar,16,0.7411,0.8411,0.3333,1.0,0.0,0.0,sai finance,mr 5ai finance,vellore 46 kasikara st nellorepet na g tamil nadu vellore,h no 46 kasikara st vellore tn
S1-881267062,S3-274922079,US,0.5313280820846558,Name weak / address strong,2,1.0,0.5167,1.0,1.0,0.0,1.0,clear metro tge,umbrairigild,1205 bella hill drive raleigh nc,1205 bella hill drive raleigh nc
S1-117246818,S3-40339428,US,0.5313278436660767,Other residual,8,0.6966,0.4907,0.3,1.0,0.0,1.0,ridge guild iv llc,rgiv com,6555 southern avenue unit 2004 mesa az,6555 southern ave null mesa arizona
S1-417793478,S3-584967644,US,0.5313197374343872,Address weak / name strong,23,0.8448,0.9143,0.2222,1.0,0.0,0.0,vega,vega lp,kingfield me unit apartment 15 62 kingfield road,62 kingfield rd kingfield maine
S1-95388676,S3-212125787,India,0.5312332510948181,Name weak / address strong,5,0.7938,0.5578,0.9,1.0,0.0,0.0,ot and sons private limited,otsons com,sharda prasad ghosh lane govind mitra road patna bihar,sharda prasad ghosh lane govind mitra road divreportingcircle patna bihar
S1-702765167,S2-86644294,US,0.5309274196624756,Name weak / address strong,3,0.9544,0.4722,0.6667,1.0,1.0,1.0,culbertson and turner llc,zetazephzeta,18180 carlota lane surprise az,18180 carlota ln surprise az
S1-160857433,S3-58954756,US,0.5308400392532349,Address weak / name strong,2,0.9705,0.9756,0.1818,1.0,0.0,0.0,shirley s liberty property solutions pllc,shirley s liberty property solutions,16431 seminole drive unit lot 224 moundville al,seminole dr null moundville alabama
S1-432879521,S2-444442753,US,0.5307130813598633,Name weak / address strong,7,0.946,0.589,0.5714,1.0,0.0,1.0,midwest alliance,wexfayefaye,1134 monroe street eugene or,1134 a monroe st eugene or
S1-343025202,S3-145822854,US,0.530676543712616,Missing address,2,0.9574,0.9714,0.0,0.0,0.0,0.0,trusted associated,trusted associated lp,6770 forrest lane murfreesboro tn,
S1-612481342,S2-301495816,US,0.5302451252937317,Missing address,3,0.9002,0.9486,0.0,0.0,0.0,0.0,leone montgomery cyber inc,leone montgomery cyber incorporated,or fl 1 talent 121 1st street,
S1-189750360,S3-328795250,India,0.5293946862220764,Both moderately similar,4,0.7902,0.7789,0.3333,1.0,0.0,0.0,services sona care corporation,partners services sona corporation,4 5 nalagampalli pes hospital post kuppam chittoor andhra pradesh,43 4 5 kuppam chittoor ap
S1-758039683,S2-514833504,US,0.5291637182235718,Missing address,4,0.8078,0.9378,0.0,0.0,0.0,0.0,bright sterling element llc,bri6ht sterling element llc,208 buena vista avenue federalsburg md,
S1-630455617,S2-766619164,US,0.529148519039154,Missing address,8,0.7351,0.918,0.0,0.0,0.0,0.0,sheridan first factory llc,sheridan first llc center,2887 cinnebar circle safford az,
S1-558694551,S3-515912399,US,0.5290083885192871,Address weak / name strong,17,0.7891,0.9111,0.2222,1.0,0.0,0.0,heritage center,heritage center corporation,5514 dayport street houston tx,dayport st pmb 2529 houston texas
S1-460163085,S2-879369873,India,0.5290067195892334,Name weak / address strong,16,0.6516,0.6597,0.6667,1.0,0.0,0.0,sunrise finance pvt ltd,snrais phinans praivrr limirrd,building no 45 1513 speciality hospital thana kannur kerala,kannur kerala building no 45 1513 kannur
S1-110202678,S3-795701033,India,0.5289795398712158,Name weak / address strong,5,0.9132,0.6545,0.8235,1.0,0.0,0.0,finance astra vertical,ciravantage,delhi house no 188 ground floor blk b pkt 2 sec 6 rohini north west delhi delhi,north west delhi house no 88 ground floor dl blk b pkt 2 sec 6 rohini delhi
S1-463028295,S2-447194129,US,0.5287637710571289,Missing address,2,0.9086,0.95,0.0,0.0,0.0,0.0,bren coffman dds,bren coffman,511 walnut street oh leetonia,
S1-425327515,S3-159846373,India,0.5285270810127258,Other residual,6,0.6257,0.6248,0.25,1.0,0.0,1.0,oasis aquatech pvt ltd,ltd oasis pvt service,17 583 opposite sreedharmasastha temple puzhampallam road marathakkara mukundapuram thrissur kerala,17 583 thrissur kl
S1-319263355,S3-73397759,US,0.5283486247062683,Missing address,10,0.9664,0.9517,0.0,0.0,0.0,0.0,scholarship ministries,scholarship ministries and co,207 3rd street hastings mn,
S1-412130679,S3-691686233,India,0.5280108451843262,Address weak / name strong,13,0.7753,0.8814,0.2,1.0,0.0,0.0,bangalore media pvt ltd,bangalore pvt ltd center,2nd floor p v r complex 80 feet road indira nagar bangalore karnataka,no 2nd floor bangalore ka
S1-158449740,S2-142175038,US,0.5277012586593628,Missing address,7,0.8341,0.9333,0.0,0.0,0.0,0.0,fresh bike shop,fresh bike,414 2nd street livingston mt,
S1-227520735,S3-303125592,US,0.5276341438293457,Missing address,8,0.9463,0.9364,0.0,0.0,0.0,0.0,pacific network,pacific network and co,5518 freedom street ravenna oh,
S1-566850895,S3-857433873,India,0.5275501012802124,Address weak / name strong,6,1.0,1.0,0.1333,1.0,0.0,0.0,amas trading public limited,amas trading public limited,shop no 1 sagar homes 2 a sector sarvadharm colony bhopal madhya pradesh,1 bhopal mdhy prdes
S1-249063170,S3-744290798,US,0.5273883938789368,Missing address,4,0.8619,0.9379,0.0,0.0,0.0,0.0,strand oceanhawk inc,strand oceanhawk incorporated,71 fairview drive childersburg al,
S1-687354967,S3-794562244,India,0.5270439982414246,Transliteration / phonetic variation,3,0.7081,0.8666,0.2667,1.0,0.0,0.0,palghar agency private limited,palghar private limited partners,gala no 10 sunshine heights valiv phata sativali road vasai road east palghar thane maharashtra,gala no 10 palghar mh
S1-101414352,S2-867875075,India,0.5270287990570068,Missing address,17,0.5017,0.9509,0.0,0.0,0.0,0.0,aarvtech bearings private limited,aarvtech bengnirsg private limited,plot no 10 11 block no 212 shiv city industries 4 mankana tal kamrej surat gujarat,
S1-247575738,S3-698960102,US,0.5269781947135925,Missing address,2,0.9204,0.9615,0.0,0.0,0.0,0.0,wenonah mcclain clean dome,wenonah mcclain clean,1985 fruitvale road lincoln county or,
S1-332697774,S3-488865370,US,0.5268821120262146,Address weak / name strong,2,1.0,1.0,0.1111,1.0,0.0,0.0,savina longacre general,savina longacre general,124 allison road ny bedford,allison rd kaotnah new york
S1-559304869,S3-595628276,US,0.5266031622886658,Missing address,4,0.8554,0.91,0.0,0.0,0.0,0.0,rocky drive partners,rocky drive,720 jackson street robinson il,
S1-860898486,S3-430484450,US,0.5263401865959167,Both moderately similar,3,0.8031,0.7251,0.2857,1.0,0.0,0.0,velex capital kgaa inc,inc velex capital kfa,8 trepal drive eastford ct,trepal dr eastford connecticut
S1-61201622,S2-177486508,US,0.5262655019760132,Missing address,3,0.8645,0.9369,0.0,0.0,0.0,0.0,cyr and rodriguez auto sales,cyr and rodriguez auto center,8319 corkwood drive indianapolis in,
S1-572862513,S2-511973882,US,0.5262307524681091,Missing address,5,0.7982,0.9566,0.0,0.0,0.0,0.0,preferred heritage quasaredge llc,preferred heritfae quasaredge llc,150 old ranch road wa allyn,
S1-122544171,S2-283896327,India,0.5261951684951782,Transliteration / phonetic variation,4,0.8466,0.7125,0.7333,1.0,0.0,0.0,unique finance private limited,iunik phainyans praibhet limited,west bengal north 24 parganas rabindra nagar barasat c o putul hari mondal noapara,19 c o putul hari mondal north 24 parganas noapara west bengal
S1-421295734,S3-106460053,US,0.5259745717048645,Missing address,6,0.6808,0.956,0.0,0.0,0.0,0.0,vanguard premier resorts inc,vanguard premier res0rts,623 valerie lane addison il,
S1-444693675,S3-16127805,US,0.5259087085723877,Missing address,4,0.9789,0.9765,0.0,0.0,0.0,0.0,norris robertson and dunn rail p c,norris robertson and dunn rail llc,mn new brighton 802 9th avenue,
S1-976254787,S3-172232634,India,0.5258039832115173,Name weak / address strong,3,0.9249,0.5639,0.7857,1.0,0.0,0.0,josnika travel private limited,tavoaviwex,809 ecostar vishweshwar nagar off aarey road goregaon east mumbai mumbai city maharashtra,mumbai region mumbai city ecostar vishweshwar nagar off aarey road goregaon east 809 mharastr
S1-500958030,S3-288316185,US,0.5257086753845215,Missing address,3,0.7515,0.9313,0.0,0.0,0.0,0.0,happy seafood city of brookfield,happy seafood city of,17375 river birch drive unit apartment 111 city of brookfield wi,
S1-337436926,S2-536980984,US,0.5253162384033203,Missing address,6,0.7725,0.9113,0.0,0.0,0.0,0.0,direct colonial rain l l c,direct colonial l l c services,2227 aspen court topeka ks,
S1-926153176,S3-829426756,US,0.5252607464790344,Address weak / name strong,3,0.9573,0.9412,0.1429,1.0,0.0,0.0,feix islands,feix islands corp,ny 3440 44 millbrook,44 millrook new york
S1-609892077,S3-712518005,US,0.5250111818313599,Missing address,3,0.9208,0.92,0.0,0.0,0.0,0.0,saque global,saque global inc inc,17 garfield street greenfield ma,
S1-386935441,S3-937476676,India,0.524754524230957,Address weak / name strong,2,1.0,1.0,0.1176,1.0,0.0,0.0,cpw automation private limited,cpw automation private limited,cowrks aerocity first floor worldmark 1 asset area 11 aerocity hospitality dist rict igia new delhi delhi,cowrks aerocity kapasheda dilli
S1-434372757,S3-593891462,India,0.5243895053863525,Other residual,4,0.8709,0.8957,0.25,1.0,0.0,0.0,technologies network electromechanical private limited,techno1ogies network electromechanical private,no 5 masilamani colony mylapore chennai 4 chennai tamil nadu,door no 005 chennai 4 chennai tn
S1-324595196,S2-146455178,US,0.5240734815597534,Name weak / address strong,4,0.8845,0.5497,0.8,1.0,0.0,0.0,cobb custom mfa inc,ccmfa com,1001 church street leon ia,church street leon ia
S1-322524263,S2-159977720,US,0.5240721106529236,Missing address,14,0.727,0.9143,0.0,0.0,0.0,0.0,cancer trust inc,cancer trust inc enterprises,1370 hollingsworth road jacksonville al,
S1-726288397,S2-547948823,US,0.5236151814460754,Missing address,4,0.9232,0.96,0.0,0.0,0.0,0.0,internal medicine better group,internal medicine better,tx houston 9954 aves street,
S1-427448284,S3-108430395,US,0.5235565900802612,Missing address,2,0.953,0.8673,0.0,0.0,0.0,0.0,regional chiropractic,the regional chiropractic,2647 fairystone park highway patrick county va,
S1-742858342,S2-384438192,India,0.523500919342041,Missing address,29,0.5864,0.9116,0.0,0.0,0.0,0.0,agro first mitra private limited,agro fiiicst mitra private limited,office no 119 1st floor bombay market apartment c h s ltd tardeo road mumbai mumbai mumbai city maharashtra,
S1-433992707,S3-743096446,US,0.5233572125434875,Name weak / address strong,2,0.8344,0.429,0.6,1.0,0.0,0.0,yx platinum outdoor inc,aviariaavi,town of bone lake 1166 243rd avenue wi,1166 243rd ave town of bone lake wisconsin
S1-120090453,S2-851461059,US,0.5233136415481567,Missing address,1,0.979,0.9636,0.0,0.0,0.0,0.0,glass s properties inc,glass s properties,255 snowhaven court unit 57 merced ca,
S1-530336718,S3-296822714,India,0.5227658152580261,Transliteration / phonetic variation,5,0.9377,0.8244,0.5455,1.0,0.0,0.0,red infrastructure pvt ltd,red inphrastrakcar praibhet limited,ge149 rajdanga main road kolkata kolkata kolkata howrah west bengal,hn 41 ge149 rajdanga main road kolkata kolkata howrah kolkata wb
S1-482200864,S3-967375102,India,0.5222270488739014,Name weak / address strong,5,0.935,0.6966,0.8333,1.0,0.0,0.0,future it private limited,phiucar aiti praibhet limited,krishna building 2nd floor room no 207 224 a j c bose road kolkata howrah west bengal,krishna building 2nd floor room no 207 224 a j c bose road kolkata howrah wb
S1-469158309,S3-754945833,US,0.5218638777732849,Missing address,12,0.7294,0.9077,0.0,0.0,0.0,0.0,rocky alliance,rocky alliance enterprises,79 north road yarmouth ma,
S1-242245302,S2-692398119,US,0.5218595266342163,Other residual,5,0.887,0.6389,0.4286,1.0,0.0,0.0,tamova,trva,110 loretta drive ledbetter ky,00110 loretta dr ledbetter ky
S1-3903539,S2-101756018,India,0.5217740535736084,Missing address,2,0.9456,0.9361,0.0,0.0,0.0,0.0,cqt kumar limited,cqt kumar kumar limited,plot no 48 ambazari hill top nagpur maharashtra,
S1-667178534,S3-985144801,US,0.5216697454452515,Missing address,7,0.9564,0.9539,0.0,0.0,0.0,0.0,roseanne williams peak dime,roseanne williams peak peak dime,15730 molly way az prescott,
S1-808359382,S3-159520343,US,0.5216339230537415,Missing address,3,0.9075,0.95,0.0,0.0,0.0,0.0,angela n das dds,angela n das,37438 pettinaro drive unit 4904 ocean view de,
S1-567297007,S3-136904705,US,0.5216211080551147,Missing address,5,0.9418,0.9294,0.0,0.0,0.0,0.0,jolin crown l l c,jolin crown,311 somerset drive kings mountain nc,
S1-554266719,S2-522444866,US,0.5214366912841797,Name weak / address strong,4,0.9112,0.3167,0.5,1.0,0.0,1.0,bates safe,kelohalo,5275 hilltop road unit j greensboro nc,5275 hilltop rd greensboro nc
S1-249430869,S3-824482743,India,0.5213252902030945,Missing address,4,0.9064,0.95,0.0,0.0,0.0,0.0,jj technologies corp,jj technologies,e 68 first floor kalkaji new delhi delhi south delhi delhi,
S1-777621303,S3-489968682,US,0.5210517644882202,Missing address,2,0.9363,0.9714,0.0,0.0,0.0,0.0,select wealth cincinnati,select wealth cincinnati lnc,2761 baker avenue cincinnati oh,
S1-328296575,S2-867126382,India,0.520887017250061,Missing address,3,0.9035,0.9478,0.0,0.0,0.0,0.0,sastha industries group,sastha industries,a 1 east baldev park delhi east delhi delhi,
S1-778546699,S2-950597630,India,0.5197215676307678,Name weak / address strong,5,0.8783,0.3635,0.6923,1.0,0.0,0.0,praxis and associates,wexvantage,74 part delhi street no 2 old tezab mill shahdara delhi north east,part street no 2 old tezab mill shahdara delhi dilli
S1-34035231,S3-369452666,India,0.5192441940307617,Both moderately similar,26,0.4607,0.8031,0.2143,1.0,0.0,0.0,classic enterprises private limited,klasik emtrpraijej praivet limited,mauza parari main road bihta near i i t campus p s bihta patna bihar,patna br mauza parari
S1-409799520,S2-764706035,US,0.5190559029579163,Name weak / address strong,2,0.8545,0.4273,0.6,1.0,0.0,0.0,fleming charter school,gildbrixavi,3350 club villas drive nc unit 1504 saint james,saint james 3350 club villas dr nc
S1-429941895,S3-158770137,US,0.518921971321106,Missing address,3,0.9461,0.9636,0.0,0.0,0.0,0.0,emmalynn hoffer first scuti,emmalynn hoffer first scuti scuti,28247 203rd avenue kent wa,
S1-834669391,S3-28189566,India,0.5188359618186951,Missing address,3,0.8726,0.8924,0.0,0.0,0.0,0.0,infotech welfare society,infotech welfare welfare society corporation,flt no 202 2nd flr a wing gautam nagar chs pocket 4 midc marol center road nr tel exchang andheri east mumbai city maharashtra,
S1-424232947,S3-538673192,US,0.5187445878982544,Missing address,10,0.9511,0.9524,0.0,0.0,0.0,0.0,uptown auto body,uptown auto body corp,1968 carriage way west linn or,
S1-545142649,S3-726579702,India,0.5185995101928711,Missing address,6,0.936,0.9467,0.0,0.0,0.0,0.0,parsh sangh,parsh sangh llp,maharashtra thane mumbai chl 26 dyaneshwar nagar bharat nagar nr govt colony bhd bldg no 272 bandra e 8,
S1-371318778,S3-242915342,India,0.518405020236969,Name weak / address strong,3,0.9502,0.5016,1.0,1.0,0.0,0.0,jay producer limited,soldelta one,latur moti nagar maharashtra latur behind kore garden,behind kore garden moti nagar latur maharashtra
S1-330977949,S3-37432013,India,0.5179428458213806,Address weak / name strong,11,0.7721,0.9884,0.1429,1.0,0.0,0.0,citylink group of companies pvt ltd,citylink group of compines pvt ltd,17 ganesh chandra avenue 4th floor kolkata kolkata howrah west bengal,wb kolkata 17 twenty four parganas
S1-630692055,S3-706970539,India,0.5177980065345764,Missing address,7,0.9024,0.9524,0.0,0.0,0.0,0.0,tech hospitality,tech hospitality corp,h no 24 1st floor block a pocket 1 sector 6 delhi north west delhi delhi,
S1-754355729,S2-204356536,US,0.5175576210021973,Missing address,3,0.9363,0.9667,0.0,0.0,0.0,0.0,brianne parrish md,brianne parrish,150 300 unit 112 provo ut,
S1-710081567,S3-428400523,India,0.5171546339988708,Address weak / name strong,1,0.9834,0.9667,0.1579,1.0,0.0,0.0,rudra medical centre,rudra medical centre ltd,bangalore bangalore north 1067 karnataka h b r l o 1st stage 5th block nagawara,door no 0028 1067 ka bangalore north bangalore null
S1-459892649,S2-826337764,India,0.5169522166252136,Missing address,3,0.7712,0.9735,0.0,0.0,0.0,0.0,pragnya traders public limited,pragnya traders publntc limited,plot no 25 ashray const shambhu nagar koradi road maharashtra nagpur,
S1-427418355,S3-879611123,India,0.5167836546897888,Missing address,2,0.9134,0.7903,0.0,0.0,0.0,0.0,hsbc india free pvt ltd,shri hsbc india free pvt limited,l g 48 next door mall bptp sector 76 faridabad haryana,
S1-440406014,S2-794136188,US,0.5166797637939453,Name weak / address strong,2,0.9231,0.5623,0.5714,1.0,0.0,1.0,estrada and alomar healthcare llc,estrada 8200465095,310 pearl drive belgrade mt,310 pearl dr null belgrade mt
S1-348424826,S2-925749503,US,0.5165511965751648,Missing address,6,0.8921,0.9333,0.0,0.0,0.0,0.0,lyons strategic iron works llc,lyons strategic iron,3712 miranda avenue gillette wy,
S1-258069368,S2-438512402,India,0.5165309906005859,Missing address,4,0.9636,0.7832,0.0,0.0,0.0,0.0,kapil charitable trust,dr kapil charitable trust ltd,no 159 broadwaychennai 600 108 chennai 600 108 chennai 600 108 chennai tamil nadu,
S1-717458211,S3-410858651,US,0.5162937045097351,Missing address,3,0.9447,0.94,0.0,0.0,0.0,0.0,verray concord l l c,verray concord,11 meadowlark drive browning mt,
S1-666459725,S2-388862403,US,0.5162587761878967,Acronym / name truncation,11,0.7651,0.7327,0.4,1.0,0.0,1.0,metro academy,macademy com,65 sherer street rochester ny,65 b sherer st po box 1785 rochester ny
S1-97753773,S2-363181032,India,0.5162414908409119,Name weak / address strong,3,0.99,0.6164,0.8462,1.0,0.0,0.0,ak asia private limited,m s akasia com,plot no 35 siddi vinayak nagar road no 3 bagh hayath nagar bagh hayath nagar rangareddy telangana,h no 35 siddi vinayak nagar road no 3 bagh hayath nagar bagh hayath nagar rangareddy telangana
S1-553467751,S3-550937289,India,0.5160689949989319,Missing address,2,0.9569,0.7731,0.0,0.0,0.0,0.0,innovative projects pvt ltd,m s innovative projects pvt,khordha ananta vihar pokhariput bhubaneswar plot no lig 117 orissa,
S1-347684255,S3-208197905,India,0.5158345103263855,Both moderately similar,8,0.9064,0.7273,0.2308,1.0,0.0,0.0,lotus care limited,smt lotus limited care,flat 8 dharam prem apts nehru rd mumbai maharashtra,h no 553 flat 8 mumbai mharastr
S1-392378903,S2-142237634,US,0.5158030390739441,Missing address,4,0.7525,0.9318,0.0,0.0,0.0,0.0,royal wireless ventures corp,royal wireless corp service,5218 riverwood drive richmond tx,
S1-168177485,S3-74714564,India,0.5157979726791382,Missing address,4,0.8606,0.9391,0.0,0.0,0.0,0.0,mahajan brothers clinic,mahajan brothers,sachdev nagar co op hsg b 2 flat no 38 ulhasnagar 421 003 ulhasnagar thane maharashtra,
S1-335392403,S2-367732176,US,0.515785813331604,Name weak / address strong,4,0.8402,0.4333,0.7143,1.0,0.0,1.0,linet inc,vantagequo,227 berry avenue unit unit 2 bellevue ky,227 berry avenue bellevue ky
S1-967717772,S2-494959890,India,0.5157806873321533,Missing address,4,0.8552,0.9645,0.0,0.0,0.0,0.0,pr automation private limited,pr automation prvate limited,2nd floor beejay towers chittoor road near sunny diamond jewellery rajaji jun ction kochi ernakulam kerala,
S1-102852081,S2-333562729,US,0.5156669020652771,Missing address,6,0.8795,0.9486,0.0,0.0,0.0,0.0,pena sterling airlines inc,pena sterling airlines incorporated,ar 2005 chandler avenue rogers,
S1-251025360,S2-952328452,US,0.5155133605003357,Missing address,12,0.9088,0.9333,0.0,0.0,0.0,0.0,bureau of motor vehicles,bureau of motor vehicles corporation,419 cedar street seattle wa,
S1-957491042,S3-99218511,India,0.5154401063919067,Missing address,4,0.9559,0.8968,0.0,0.0,0.0,0.0,suryaika clinic private limited,suryaika clinic,905 goregaon west mumbai 9th floor topiwala center off s v road topiwala lane goregaon west maharashtra,
S1-216814241,S3-592079385,India,0.5151956081390381,Address weak / name strong,9,0.9408,0.8933,0.1579,1.0,0.0,0.0,white business private limited,white business,maharashtra rajrani co op housing society ltd cts 463 463 01 t007 pandit solicitor road 1601 malad east mumbai,1601 malad east mh
S1-265318422,S3-972710753,US,0.5149475932121277,Missing address,3,0.8199,0.9241,0.0,0.0,0.0,0.0,miller plummer and thomas inc,miller plummer and,1400 reagan street unit unit 10 san benito tx,
S1-211207155,S3-558582206,India,0.5148817896842957,Name weak / address strong,4,0.9456,0.5405,0.8462,1.0,0.0,1.0,fs corporate pvt ltd,arciritavo,219b 2nd floor unitech arcadia south city ii sohna road gurgaon haryana,219b 2nd floor unitech arcadia south city ii sohna road gurgaon hr
S1-649354599,S3-4243461,India,0.514533519744873,Transliteration / phonetic variation,6,0.8529,0.8744,0.6667,1.0,0.0,0.0,nagita castings limited,nagita limited castings 1104709769,s 518 school block shakarpur delhi east delhi delhi,s 18 school block shakarpur delhi east delhi dilli
S1-804781857,S3-67855698,US,0.5145010948181152,Missing address,4,0.7748,0.9,0.0,0.0,0.0,0.0,coates family practice llc,coates family,70 brunell road altona ny,
S1-90042858,S2-113387862,India,0.5138800144195557,Other residual,23,0.7585,0.6349,0.4545,1.0,0.0,0.0,dream hari technology,tirim hri teknalji,14 1 maharali street balaji nagar coimbatore south coimbatore tamil nadu,b3 14 1 coimbatore tamil nadu
S1-90042858,S2-608791989,India,0.5138800144195557,Other residual,24,0.7585,0.6349,0.4545,1.0,0.0,0.0,dream hari technology,tirim hri teknalji,14 1 maharali street balaji nagar coimbatore south coimbatore tamil nadu,b3 14 1 coimbatore tamil nadu
S1-91794854,S2-598167560,India,0.5133840441703796,Address weak / name strong,21,0.6274,0.9026,0.2353,1.0,0.0,0.0,real equity corporation,real ecy corporation,27 weston street 05th floor room no 505 kolkata kolkata howrah west bengal,h no 27 weston street calcutta rajarhat gopalpur pscimbng
S1-721549197,S2-949345732,US,0.513237714767456,Name weak / address strong,22,0.6807,0.4367,0.625,1.0,0.0,1.0,beth lutheran church care,veraveovio,6646 hidden woods trail mayfield heights oh,6646 hidden woods trail cleveland oh
S1-448806563,S3-151959711,India,0.5130881071090698,Address weak / name strong,4,0.7335,0.9364,0.1176,1.0,0.0,1.0,ms traders corporation,ms traders corp,165 1st floor r s mansion amarjyothi layout intermediate ring roa d domlur bangalore karnataka,165 bengaluru bangalore ka
S1-646735167,S2-483822967,US,0.5129926800727844,Address weak / name strong,18,0.9516,0.9467,0.1818,1.0,0.0,0.0,vision care inc,vision care,33 woodsdale drive holiday island ar,033 woodsdale dr eurreka springs cdp ar
S1-660664085,S2-825934795,US,0.5129711031913757,Missing address,4,0.9392,0.96,0.0,0.0,0.0,0.0,west pacific,west pacific lp,4 durban court unit apartment c nottingham md,
S1-418905578,S3-446987794,US,0.5129186511039734,Missing address,5,0.7932,0.9423,0.0,0.0,0.0,0.0,premier blue angel inc,premier bau angel inc,3827 rockwell avenue wa spokane,
S1-175727535,S2-46375908,US,0.5128363370895386,Missing address,3,0.9644,0.9538,0.0,0.0,0.0,0.0,a preferred tailwind l l c,a preferred tailwind,154 lynn hill rd boone nc,
S1-721441358,S3-698175928,US,0.5126767158508301,Missing address,21,0.6304,0.8839,0.0,0.0,0.0,0.0,heartland centurion group,heartland group service,1415 sheepshead bay road brooklyn ny,
S1-21606634,S3-293736250,US,0.5124998092651367,Transliteration / phonetic variation,11,0.6834,0.8634,0.5,1.0,0.0,0.0,precision rare llc,precision llc service 3511,3901 lees ln louisville ky,lees ln louisville kentucky
S1-361295207,S3-759730491,US,0.5123894214630127,Address weak / name strong,2,0.988,0.9714,0.0909,1.0,0.0,0.0,painters local union 665,painters local union 665 llc,270 oarlock circle manlius ny,513 oarlock cir east syracuse new york
S1-857107674,S3-390400033,India,0.5123568773269653,Missing address,4,0.971,0.9625,0.0,0.0,0.0,0.0,evergreen and co,evergreen and,no 57 madhava kripa 8th cross 4th main malleshwaram bangalore karnataka,
S1-72476359,S2-16443158,India,0.5123568773269653,Missing address,3,0.9698,0.9625,0.0,0.0,0.0,0.0,venkata impex co,venkata impex,r h bunglow no 1 4 suncity neminath villa scheme vasai thane maharashtra,
S1-82205013,S3-415973897,India,0.5121287703514099,Missing address,1,0.9495,0.96,0.0,0.0,0.0,0.0,coastal and sons llp,coastal and sons,12 2 709 c 99 padmanabha nagar langer house asifnagar hyderabad telangana,
S1-691180913,S3-531245548,US,0.5118020176887512,Address weak / name strong,4,0.9866,0.9742,0.125,1.0,0.0,0.0,creative nutrition services,creative nutrition services llc,amarillo tx 3814 16th avenue,16rd ave amarillo texas
S1-109922163,S2-284220370,India,0.5110507607460022,Name weak / address strong,4,0.8732,0.4975,0.75,1.0,0.0,1.0,anamika public school,ciravantage,11 1 748 ground floor krupananda nagar anantapur ananthapur andhra pradesh,11 1 748 ground floor krupananda nagar ananthapur anantapur amdhrprdes
S1-779237535,S2-424225726,India,0.510956346988678,Missing address,3,0.7552,0.9059,0.0,0.0,0.0,0.0,maa trust,maa trust company,8 dda commercial complex c 2 c pkt 11 janakpuri west delhi delhi,
S1-759272717,S3-88513202,US,0.5108508467674255,Missing address,7,0.8371,0.9241,0.0,0.0,0.0,0.0,piedmont committee,piedmont committee federation,7805 rhonda lane clinton md,
S1-397669287,S2-522737352,India,0.5105006694793701,Missing address,3,0.9576,0.9385,0.0,0.0,0.0,0.0,gangavi consulting pvt ltd,gangavi consulting,e 20 delhi new delhi east delhi 1st floor west vinod nagar mandavali,
S1-994862381,S3-948782209,US,0.5103180408477783,Other residual,21,0.7618,0.4892,0.3333,1.0,0.0,1.0,cascade llc,jaxlyra,909 state street unit 260 westerville oh,909 state st westerville ohio
S1-676651982,S2-683271490,India,0.5100439786911011,Missing address,24,0.6454,0.9186,0.0,0.0,0.0,0.0,finance space star private limited,finance side star private limited,house no 228 ground floor block b phase 1 new delhi south west delhi delhi,
S1-82480738,S2-27463982,US,0.510016143321991,Name weak / address strong,8,1.0,0.6032,1.0,1.0,0.0,1.0,cardinal,umbracirapyra,2437 2869 hawkins tx,2437 2869 hawkins tx
S1-476003910,S3-649159568,US,0.5088716149330139,Missing address,9,0.7484,0.904,0.0,0.0,0.0,0.0,youth society,youth society enterprises,1134 1600 road e taylorville il,
S1-460461100,S3-599489830,US,0.5082938075065613,Address weak / name strong,2,0.9822,0.9556,0.125,1.0,0.0,0.0,rapid republic,rapid republic inc,1613 80th drive phoenix az,80th dr maryvale arizona
S1-857814119,S3-464252324,India,0.5080010890960693,Both moderately similar,20,0.6375,0.7423,0.3333,1.0,0.0,0.0,pioneer energy private limited,dr pioneer private limited services,telangana rd no 44 jhills co op hbs p no 770e hyderabad,p no 770e hyderabad tg
S1-448911241,S3-706820601,US,0.5079156160354614,Other residual,5,0.7548,0.8992,0.3,1.0,0.0,0.0,graves ramaco of everett,graves ramac0 of,2609 hoyt avenue everett wa,washington po box 2430 everett 2609 hoyt ave
S1-691527981,S2-867413878,US,0.5071857571601868,Name weak / address strong,11,0.6652,0.5806,0.5,1.0,0.0,1.0,metro liberty multimedia,mlmultimedia com,5913 rock ridge dr marion ia,5913 rock ridge dr po box 8694 marin ia
S1-225920024,S3-148225003,US,0.5069679021835327,Other residual,12,0.587,0.8672,0.3571,1.0,0.0,0.0,lester optics,lester services,wi village of lake delton unit condo 103 350 hiawatha drive,350 hiawatha dr unit condo 103 wisconsin dells wisconsin
S1-575003695,S2-211156907,US,0.5067999362945557,Missing address,5,0.8774,0.9143,0.0,0.0,0.0,0.0,turner education,turner education corporation,204 polar court white bluff tn,
S1-482494829,S3-567477122,India,0.5062270760536194,Address weak / name strong,4,0.921,0.9692,0.1875,1.0,0.0,0.0,fire india private limited,fire india private ltd,hyderabad telangana gulraj apartments raj bhavan road ayyappa swami temple lane somajiguda flat no 109,hyderabad tg somajiguda 109
S1-187150544,S2-58967761,US,0.5061749219894409,Address weak / name strong,5,0.9613,0.9538,0.2,1.0,0.0,0.0,peex fifth,peex fifth lp,701 dobson road unit 116 mesa az,dobson rd messa city az
S1-10870399,S3-5066391,US,0.5061550736427307,Missing address,4,0.9023,0.9442,0.0,0.0,0.0,0.0,crain harrison and baker clinic,crain harrison and baker clinic corporation,22 robin lane east greenbush ny,
S1-663673403,S2-350940532,India,0.5061444640159607,Missing address,6,0.9048,0.9272,0.0,0.0,0.0,0.0,dynamic investments private limited,dynamic investments limited center,a 103 krishna dham kashi nagar bhayander east thane maharashtra,
S1-558168273,S2-39678308,US,0.5059098601341248,Missing address,9,0.9137,0.9,0.0,0.0,0.0,0.0,anvil corp,anvil,619 saint andrews drive gulf shores al,
S1-645150584,S3-966755420,India,0.5057713389396667,Both moderately similar,4,0.7556,0.8335,0.2,1.0,0.0,0.0,talluri institute private limited,talluriinstitute com,office 204 sapphire cham sno 2 3 1 and 2 3 2 rivir haveli pune maharashtra,offide 204 haveli pune mh
S1-701813827,S3-459796743,US,0.5057172775268555,Missing address,1,0.8674,0.9579,0.0,0.0,0.0,0.0,cardiology supreme medicine lp,cardiology supreme medicine lp society,huntington 417 rotary road wv,
S1-253905396,S2-327274117,US,0.5054342746734619,Address weak / name strong,2,1.0,1.0,0.125,1.0,0.0,0.0,fowlkes rising llc,fowlkes rising llc,274 3rd street cokato mn,coktao mn third st
S1-957395192,S2-137705758,India,0.5044373273849487,Name weak / address strong,5,0.8937,0.5238,0.75,1.0,0.0,0.0,nexus housing pvt ltd,quoorbi,house no 23 d sector 11 faridabad haryana,house no 23 d faridabad haryana
S1-710639791,S3-598433376,US,0.5043994188308716,Address weak / name strong,5,0.6176,0.8784,0.125,1.0,0.0,0.0,maston murray and riley cross,mastonmurrayriley com,205 ashby street woodsboro tx,ashby st woodsbro texas
S1-887108125,S3-16474091,India,0.5040993094444275,Transliteration / phonetic variation,22,0.5851,0.8583,0.3529,1.0,0.0,0.0,maa agro private limited,maa private limited services,flat 8 archane plot 18 setor 17 vashi navi mumbai thane maharashtra,navi mumbai block a c 232 flat 8 archane thane mharastr
S1-729572229,S3-174519663,US,0.503936767578125,Other residual,4,0.7763,0.3829,0.375,1.0,0.0,1.0,sterling vision center l l c,deltajax,67 oakdale street attleboro ma,67 69 oakdale st attleboro massachusetts
S1-966000601,S3-905802579,US,0.5038168430328369,Missing address,3,0.8515,0.9067,0.0,0.0,0.0,0.0,veon llc,veon llc center,96 delmont avenue barre city vt,
S1-57462646,S3-719015628,US,0.5033465027809143,Missing address,4,0.851,0.9357,0.0,0.0,0.0,0.0,lamonica mantle and odom llc,lamonica mantle and,7825 hutton creek lane fair oaks ca,
S1-542738903,S3-197077394,India,0.5033448338508606,Missing address,4,0.9057,0.9272,0.0,0.0,0.0,0.0,taraksh consultancy private limited,taraksh consultancy limited center,ayesha colony islam nagar f m tower aligarh uttar pradesh,
S1-288692307,S2-355832749,US,0.503303050994873,Name weak / address strong,12,0.8896,0.4762,0.5,1.0,0.0,1.0,gulf committee,viozeta,128 calais avenue me calais,128 clais ave calais me
S1-901640603,S2-133479863,US,0.5032596588134766,Missing address,4,0.7876,0.898,0.0,0.0,0.0,0.0,sherman frontier rithm inc,sherman rithm inc center,749 black creek drive chattanooga tn,
S1-330235230,S3-611306353,India,0.5032049417495728,Other residual,5,0.5578,0.9155,0.2778,1.0,0.0,0.0,obtain clinic private limited,obtain cniinec private limited,flate no a 102 shiv surbhi chs ltd jivalpada thakur village kandivali ea st mumbai maharashtra,flate no a 02 mumbai st mharastr
S1-671098486,S3-377269331,India,0.5026527047157288,Transliteration / phonetic variation,1,1.0,0.7738,0.125,1.0,0.0,0.0,chennai biofuels private limited,private chennai biofuels limited,s32 sipcot industrial park venkadu village pillaipakkam sriperumb udur chennai kancheepuram tamil nadu,s 32 chennai kancheepuram tn
S1-111729747,S2-287073005,US,0.5018289089202881,Missing address,1,0.9798,0.9714,0.0,0.0,0.0,0.0,wilmington borough of,wilmington borough,34 king street wilmington ma,
S1-210026486,S3-319388770,US,0.5014619827270508,Name weak / address strong,1,1.0,0.5333,1.0,1.0,0.0,1.0,beacon inc,onyxgildio,430 kentucky street beaver dam ky,430 kentucky street beaver dam ky
S1-320018456,S2-388924576,India,0.5014136433601379,Missing address,10,0.8487,0.9415,0.0,0.0,0.0,0.0,sunrise impex private limited,sunrise impex private limited enterprises,187 a urban estate phase ii jalandhar city jalandhar punjab,
S1-592253876,S3-844346437,India,0.5012063384056091,Missing address,4,0.7792,0.9368,0.0,0.0,0.0,0.0,vijay care private limited,vijay care private limited enterprises,officeno49 embassy market nr dinesh hall ahmadabad city ahmedabad gujarat,
S1-440398561,S2-691165289,US,0.5004507899284363,Missing address,4,0.9473,0.9615,0.0,0.0,0.0,0.0,diamond mobility labs pllc,diamond mobility labs,3702 center road brunswick city oh,
S1-423910323,S3-529046756,US,0.500353217124939,Missing address,3,0.872,0.9486,0.0,0.0,0.0,0.0,pinnacle network works inc,pinnacle network works incorporated,lincoln ne 3810 locust street,
S1-400355500,S2-818120110,US,0.5001952052116394,Missing address,6,0.6954,0.91,0.0,0.0,0.0,0.0,laney s ace research,laney s ace,1122 brookmeade drive nashville tn,
S1-930515679,S2-37969797,India,0.5001643896102905,Name weak / address strong,5,0.8404,0.6391,0.7,1.0,0.0,0.0,all finance pvt ltd,ol phainems pra li,46 2a shrimangal society paud road pune maharashtra,pune region 46 2a shrimangal society paud road mharastr pune
S1-590943166,S3-697526743,India,0.5001447796821594,Address weak / name strong,2,0.9253,0.9385,0.1765,1.0,0.0,0.0,global perfect properties private limited,global perfect properties limited center,803 avdhesh house nr devang park jodhpur thaltej highway opp gurudwara thaltej ahmedabad gujarat,h no 463 803 thaltej ahmedabad gj
S1-805087944,S3-542487257,US,0.49995774030685425,Address weak / name strong,1,1.0,1.0,0.125,1.0,0.0,0.0,green health services llc,green health services llc,oh laurelville 16087 main street,ohio main st laurelvilel
S1-197228949,S2-51854433,India,0.49976950883865356,Missing address,2,0.9146,0.7209,0.0,0.0,0.0,0.0,horizon and sons limited,shri horizon and sons,c o binod ramsewak alok bluridge tower b 1 0302 haveli pune maharashtra,
S1-696599751,S2-352203705,India,0.49939823150634766,Both moderately similar,21,0.4684,0.8005,0.3158,1.0,0.0,0.0,south vision global pvt ltd,sauth bhisn global praibhet limited,lg 16 maniktalla muncipal market v i p market p 187 c i t road scheme vi m kolkata howrah west bengal,lg 16 kolkata howrah west bengal
S1-90004661,S3-415020550,India,0.4993031322956085,Address weak / name strong,5,0.9734,0.9579,0.1765,1.0,0.0,0.0,nsp traders pvt ltd,nsp traders pvt,vishakhapatnam flat 101 daspalla royale apartments 11 9 1 2 daspalla layout daspalla hills visakhapatnam andhra pradesh visakhapatnam,vishakapatnam vishakhapatnam amdhrprdes flat 101
S1-933725172,S2-812889746,India,0.49922382831573486,Name weak / address strong,6,0.9875,0.5391,0.9167,1.0,0.0,0.0,bangalore services pvt ltd,zetariza,no 401 ranka park apartment richmond circle lalbagh road bangalore karnataka,door no 401 ranka park apartment richmond circle lalbagh road bangalore karnataka
S1-890554190,S3-889403714,India,0.49863889813423157,Address weak / name strong,28,0.4814,0.9043,0.1739,1.0,0.0,0.0,great food private limited,gret phud praivet limited,times square 7th and 8th floor cts 349 and 349 1 w e highway nr sai service andheri ea st mumbai mumbai city maharashtra,times square null mumbai mumbai city mh
S1-899070234,S2-784710010,US,0.4985685348510742,Both moderately similar,21,0.6381,0.653,0.4,1.0,0.0,0.0,villa park pediatric dental bay specialists clinic,villaparkpediatric com,4 vermont street unit c3 villa park il,4a vermont st villa park il
S1-204157865,S3-121361526,US,0.49772948026657104,Missing address,2,0.9409,0.9545,0.0,0.0,0.0,0.0,i s and o thunder,i s and o thunder corp,8035 burgess gower road cedar hill tn,
S1-282345587,S2-582227088,US,0.49760860204696655,Missing address,3,0.7432,0.9128,0.0,0.0,0.0,0.0,shir womack heritage gladstone llc,shir womack heritage llc service,107 fallstone drive lincolnshire il,
S1-988827271,S3-145844442,India,0.4975414276123047,Missing address,17,0.6948,0.9274,0.0,0.0,0.0,0.0,sudharma nursing home,sudharma nsunmrsing home,l 1 14 743 a g f sangam vihar new delhi south delhi delhi,
S1-498083547,S3-73688552,India,0.49724024534225464,Name weak / address strong,2,0.9168,0.6341,0.5,1.0,0.0,0.0,aries resort private limited,dr ariesresort com,m63a sector23 ghaziabad uttar pradesh,m63a sector23 ghaziabad up
S1-597926746,S2-368377170,US,0.4972296357154846,Name weak / address strong,3,0.9544,0.4738,0.6667,1.0,0.0,0.0,apex hawk llc,nylaarcxylo,mooresville nc 97 spencer avenue,97 spencer ave mooresville nc
S1-565191966,S2-705952131,US,0.49686679244041443,Missing address,4,0.9345,0.8743,0.0,0.0,0.0,0.0,marquez express element llc,marquez marquez express element,615 ben avenue kannapolis nc,
S1-201385192,S2-430297919,India,0.49665457010269165,Name weak / address strong,1,0.8561,0.6852,0.7222,1.0,0.0,0.0,trc industries group,trc gr0up center,maharashtra rd no rsc 50 mhada layout sector no 5 charkop kandivali west mumbai mumbai city plot no 18 208,8258 rd no rsc 50 mhada layout sector no 5 charkop kandivali west mumbai maharashtra
S1-966339046,S3-980953211,India,0.49602487683296204,Address weak / name strong,4,0.7969,0.8857,0.2381,1.0,0.0,0.0,denso labs pvt ltd,denso denso ls pvt ltd,door no 5 48 mansion gollala yendada near venkateswara swamy temple gitam college post visakhapatnam rural visakhapatnam vishakhapatnam andhra pradesh,h no 5 48 vishakhapatnam visakhapatnam ap
S1-266834998,S2-535695625,US,0.49585646390914917,Missing address,3,0.9455,0.96,0.0,0.0,0.0,0.0,dynamic cloud brands pllc,dynamic cloud brands,8704 thrush trail mckinney tx,
S1-697645832,S2-765938309,India,0.4955638647079468,Missing address,6,0.9171,0.911,0.0,0.0,0.0,0.0,ujjaika cargo private limited,ujjaika cargo limited center,480 13 1 7th cross mahalakshmi layout bangalore karnataka,
S1-103256884,S2-23729799,US,0.4952598214149475,Missing address,11,0.8417,0.904,0.0,0.0,0.0,0.0,urban pilates,urban pilates corporation,4831 kingdom drive murfreesboro tn,
S1-493706781,S2-990299049,India,0.4946068823337555,Name weak / address strong,6,0.882,0.4722,0.8182,1.0,0.0,0.0,unique media,halodova,bathinda punjab mcb z5 12643 st no 17 adarsh nagar bathinda,mcb z5 12643 st no 17 aarsh nagar bathinda punjab
S1-487016441,S2-354828049,US,0.49348875880241394,Missing address,8,0.5292,0.9236,0.0,0.0,0.0,0.0,rena waddell rocky,rena wcdadgdll rocky,105 beirne avenue huntsville al,
S1-779038468,S3-63591534,India,0.4931597113609314,Both moderately similar,4,0.8814,0.7399,0.2667,1.0,0.0,0.0,sustainability law chambers,dr sustainability chambers service,manjeera majestic commercial tirumalagiri hyderabad telangana 717 7th floor near jntu kukatpally kphp,manjeera mmjestic commercial tirumalagiri hyderabad telmgan
S1-789810071,S3-705909034,US,0.49300822615623474,Missing address,4,0.948,0.9394,0.0,0.0,0.0,0.0,gilmore mirabelle a p a,gilmore mirabelle p a center,6312 grecian drive west valley city ut,
S1-919230083,S3-310361220,US,0.49296754598617554,Other residual,23,0.6925,0.8685,0.3333,1.0,0.0,0.0,kestrel group,kestrel inc,1010 robin road nm gallup,1010a robin road null gallup new mexico
S1-912746789,S2-985471190,India,0.4929312765598297,Missing address,1,0.9575,0.9179,0.0,0.0,0.0,0.0,bharat super developers private limited,bharat super developers,turkaha tola gopalganj c o sri dilip kr singh gopalganj bihar,
S1-274644453,S2-703314979,India,0.4929141402244568,Missing address,2,0.8339,0.9,0.0,0.0,0.0,0.0,gurugram lab,gurugram lab corporation,gurugram haryana gurgaon shop no 5 new railway road opposite lall nursing home mianwali col,
S1-720168289,S2-946651681,India,0.4928966462612152,Other residual,22,0.7238,0.7515,0.5,1.0,0.0,0.0,future healthcare private limited,phyucr helthkeyr praivet limited,b 83 galaxy apartments sector 43 gurgaon galleria dlf iv gurgaon haryana,386 b 83 galaxy apartments gurgaon haryana
S1-334676392,S2-780930821,US,0.4916691184043884,Missing address,5,0.9005,0.9484,0.0,0.0,0.0,0.0,anderson and thomas llc,anderson and thomas llc service,20 niska drive cherokee village ar,
S1-611054557,S3-810324311,US,0.49097520112991333,Name weak / address strong,3,0.9539,0.5,0.7143,1.0,0.0,1.0,gulf alliance iv,xylocalo,206 reagan avenue copperas cove tx,206 reagan avenue copperas cove texas
S1-192763800,S2-57500772,US,0.4908505380153656,Missing address,23,0.4894,0.9436,0.0,0.0,0.0,0.0,fj hill llc,fj hi1l llc,219 country meadow court mansfield tx,
S1-630193828,S2-452565989,India,0.49079039692878723,Both moderately similar,14,0.6857,0.7685,0.375,1.0,0.0,0.0,night nursing home,sri night nursing h0me,plot no 2903 2 phase 1 nr telephone exchange saraswati nagar road gidc vapi valsad gujarat,no 2903 2 vapi valsad gujarat
S1-335527660,S2-587731101,US,0.4907131493091583,Missing address,30,0.487,0.9642,0.0,0.0,0.0,0.0,harrison s national cosmetics,harrison s national csoemiis,517 green acres drive hampstead nc,
S1-97313365,S3-519631976,US,0.49060994386672974,Other residual,9,0.7768,0.6349,0.3333,1.0,0.0,0.0,prairie initiative vi,viinitiative com,1328 jackson street city of appleton wi,appleton 1328 jackson st wisconsin
S1-387711081,S3-429953969,US,0.49023234844207764,Missing address,1,0.957,0.9655,0.0,0.0,0.0,0.0,oncology physicians care,oncology physicians care corp,1186 olympiada knoll huntertown in,
S1-384367991,S3-695145982,US,0.4900205135345459,Both moderately similar,8,0.6061,0.8321,0.375,1.0,0.0,0.0,deck yhn group,dsansk yhn group,2800 fairview avenue roseville mn,minnesota 2800 fairview avenue saint paul
S1-76231719,S2-989972699,US,0.4897243082523346,Name weak / address strong,2,0.9166,0.4514,0.8,1.0,0.0,0.0,erma hampton eco,iriveo,1040 vaughn road bidwell oh,vaughn road bidwell oh
S1-202479804,S2-391742304,US,0.48961037397384644,Missing address,4,0.9052,0.9132,0.0,0.0,0.0,0.0,lilly teodora md m d p c,lilly teodora m d p c center,1813 lexington avenue roseville mn,
S1-736451699,S2-757709925,US,0.4896044135093689,Missing address,2,0.7069,0.8957,0.0,0.0,0.0,0.0,cook empire cadenza inc,cook empire,122 chinquapin orchard york county va,
S1-752555419,S2-447479356,US,0.4895895719528198,Both moderately similar,3,0.9164,0.7934,0.2222,1.0,0.0,0.0,king jena inc,the king jena inc,ia 3211 1st street beaconsfield,3211 1nd st ellstoon township ia
S1-862113887,S2-394254458,US,0.48948636651039124,Missing address,3,0.9578,0.9684,0.0,0.0,0.0,0.0,global committee,global committee lp,6 huntington circle unit 12 naperville il,
S1-826032796,S2-266113667,India,0.4894292652606964,Missing address,11,0.5956,0.8296,0.0,0.0,0.0,0.0,rocket mouldings ltd,rocket ltd services,room no 205 welcome plaza s 551 school block ii shakarpur delhi north delhi delhi,
S1-197917135,S3-13573281,US,0.4893874526023865,Address weak / name strong,5,0.9448,0.9667,0.1818,1.0,0.0,0.0,urgent care center of columbus group,urgent care center of columbus,274 shane ridge road mt columbus,columbu city 274 share ridge rd montana
S1-825525947,S2-109834496,US,0.4881408214569092,Missing address,4,0.8139,0.9368,0.0,0.0,0.0,0.0,safe mountain spire,safe mountain,620 coppell road tx unit 4501 coppell,
S1-403456805,S3-682327929,India,0.48806241154670715,Transliteration / phonetic variation,1,1.0,0.7566,0.1667,1.0,0.0,0.0,shiva trading limited,limited shiva trading,ss iv 208 sector 2 vashi navi mumbai thane maharashtra,ss iv turbhe mh
S1-891484063,S2-168712912,US,0.4879891574382782,Name weak / address strong,3,1.0,0.5553,1.0,1.0,0.0,0.0,caldara life center,pyrahalofaye,n4539 oak knoll road town of dekorra wi,n4539 oak knoll road town of dekorra wi
S1-338439964,S3-701927985,India,0.4876094162464142,Both moderately similar,5,0.746,0.6561,0.3846,1.0,0.0,0.0,upo exports private limited,upoexports com,nadri bazar ii nd floor 113 166 swaroop nagar kanpur uttar pradesh,nadri bazar swaroop nagar kanpur up
S1-912070630,S2-54298534,US,0.4874534010887146,Name weak / address strong,1,1.0,0.55,1.0,1.0,0.0,0.0,cardinal,tav0iriarc,ks 834 splitlog avenue kansas city,834 splitlog avenue kansas city ks
S1-362203988,S2-108257656,US,0.4874522089958191,Name weak / address strong,2,1.0,0.5238,1.0,1.0,0.0,0.0,noa inc,nexmira,ar 9701 croxted road fort smith,9701 croxted road fort smith ar
S1-531117628,S3-883679499,India,0.4874275028705597,Both moderately similar,2,0.843,0.727,0.2308,1.0,0.0,0.0,arora solutions private limited,m s arora solutions limited services,tamil nadu kanchipuram ground floor 195 5a2 gowtham extension sriperumbudur vallam village tamil nadu sriperumbudur,ground floor sriperumbudur tn
S1-831124096,S2-397877453,US,0.487376868724823,Missing address,4,0.957,0.9111,0.0,0.0,0.0,0.0,fanet,fanet inc,19112 baldwin street elk river mn,
S1-361462675,S3-142818151,India,0.48725372552871704,Both moderately similar,28,0.6362,0.7993,0.2143,1.0,0.0,0.0,unique investments private limited,yunik investments piraivet limitet,madurai south madurai no 38 1st floor t b road bharathidasan salai tamil nadu,no 38 madurai tn
S1-108132552,S2-329223557,India,0.4867511987686157,Missing address,7,0.6625,0.956,0.0,0.0,0.0,0.0,seaways sangh,seaways slaggh,thane sector 30a vashi navimumbai maharashtra office no 2402 g sqaure business park plot 25 26,
S1-814148378,S2-986447941,US,0.4864031672477722,Missing address,4,0.9408,0.9529,0.0,0.0,0.0,0.0,anchor living,anchor living ltd,144 harryhogan road northumberland county va,
S1-413286262,S2-807366568,India,0.48618748784065247,Name weak / address strong,10,0.7793,0.5707,0.5455,1.0,0.0,0.0,sai finance,cay kpainans,vellore 46 kasikara st nellorepet na g tamil nadu vellore,door no 46 kasikara st vellore tamil nadu
S1-791235526,S3-141344472,US,0.4858260154724121,Missing address,1,0.921,0.9552,0.0,0.0,0.0,0.0,sandwich vision heritage physicians care,sandwich vision heritage physicians physicians,365 6a unit 6 sandwich ma,
S1-799561754,S2-867398151,India,0.4858182370662689,Other residual,5,0.74,0.8528,0.3333,1.0,0.0,0.0,vjs infrastructure center,vj5 infrastructure,614 a m3m urbana sector 67 golf course extension road badshahpur gurgaon haryana,h no 614 a gurgaon badshahpur haryana
S1-789983716,S3-145111403,India,0.48575279116630554,Name weak / address strong,3,0.9116,0.5297,0.7273,1.0,0.0,0.0,good products private limited,belodrexbrix,vellore no 21 30 auxiliam college road gandhinagar tamil nadu vellore,no 21 30 auxiliam college road gandhinagar vellore tn
S1-348142410,S2-920382435,US,0.4855787456035614,Missing address,4,0.6045,0.9344,0.0,0.0,0.0,0.0,vadynum quantum llc,vadynum qenhm llc,6410 tabor church road fayetteville nc,
S1-283624977,S3-313196276,US,0.4853860139846802,Other residual,5,0.9195,0.9533,0.3846,1.0,0.0,0.0,nola r escobedo l c s w dds pc,nola r escobedo l c s w,7117 four sixes ranch road north richland hills tx,711 four sixes ranch road n rihland hills texas
S1-408942333,S3-699439602,India,0.4850993752479553,Name weak / address strong,10,0.6036,0.63,0.5625,1.0,0.0,0.0,smpl bhawan private limited,sbprivate com,flat no 402 tower j exotica fresco sector 137 noida gautam buddha nagar uttar pradesh,flat no 402 tower j noida gautam buddha nagar up
S1-202297484,S2-542568801,US,0.4842430353164673,Missing address,5,0.7999,0.8512,0.0,0.0,0.0,0.0,west grand galata,west galata center,6685 nyberg lane unit 103 tualatin or,
S1-606959375,S3-808973859,India,0.48416489362716675,Name weak / address strong,5,0.9103,0.4432,0.7692,1.0,0.0,0.0,bhoomi and sons private limited,smt zephveowex,pune blue hills sn 1 amchi colony nda road bavdhan maharashtra pune,pune mh pune region blue hills sn 1 amchi colony nda road bavdhan
S1-403954330,S3-38593567,US,0.4841556251049042,Name weak / address strong,3,0.8869,0.5463,0.6667,1.0,0.0,0.0,kitchens wilco llc,synveo,tn 4051 belcourt drive cleveland,4051 belcourt drive cleveland tennessee
S1-358877980,S3-269927891,India,0.48414504528045654,Other residual,4,0.8548,0.8038,0.1905,1.0,0.0,0.0,indian estate pvt ltd,the indian estate pvt ltd,office no1061 2nd floor b wing oberoi gardens off chandivali farms road bandra suburban an dheri e mumbai mumbai city maharashtra,office no1061 mumbai city mh
S1-820031978,S3-775632504,US,0.48396700620651245,Missing address,6,0.8396,0.9462,0.0,0.0,0.0,0.0,vivianne limon duration,vivianne limcn duration,west linn 19145 willamette drive or,
S1-343827849,S3-998836287,US,0.4835193455219269,Missing address,3,0.8879,0.9429,0.0,0.0,0.0,0.0,dodie bach esq,dodie bach,nc goldston 171 coral avenue,
S1-255956095,S3-799790795,US,0.48339924216270447,Name weak / address strong,5,0.8231,0.4477,0.5556,1.0,0.0,1.0,rogers s homecare,korwex,497 keysy clover trail broken bow ok,497 keysy clover trl oklahoma broken bow
S1-643853121,S3-334547804,India,0.48280519247055054,Address weak / name strong,2,0.9782,0.9529,0.1667,1.0,0.0,0.0,bright consultancy private limited,bright consultancy private,69 1854 a1 srm road kaloor kochi kochi ernakulam kerala,h no a1 ernakulam kerlm
S1-5355799,S2-510731867,India,0.48244717717170715,Missing address,4,0.9389,0.8968,0.0,0.0,0.0,0.0,fasten and sons private limited,fasten and sons,b 311 new delhi third floor ansal plaza khel goan marg south delhi delhi,
S1-622112821,S3-616803507,US,0.48240354657173157,Missing address,4,0.9522,0.9,0.0,0.0,0.0,0.0,teus,teus inc,905 glendower ct louisville ky,
S1-924933323,S3-754369995,US,0.4818163812160492,Missing address,4,0.7858,0.9143,0.0,0.0,0.0,0.0,zm roman inc,zm roman incorporated,860 joseph antoon circle stanley nc,
S1-211549149,S3-394066584,US,0.4816971719264984,Both moderately similar,3,0.9379,0.8111,0.2,1.0,0.0,0.0,great auto sales llc,the great auto sales llc,1 devonshire place unit 2310 boston ma,devonshire pl 2310 bosston massachusetts
S1-121945706,S3-672792817,US,0.48127445578575134,Missing address,6,0.8363,0.9351,0.0,0.0,0.0,0.0,animal welfare federation,animal welfare federation enterprises,austin 12118 walnut park crossing tx,
S1-118150052,S2-619693080,India,0.4812365174293518,Name weak / address strong,2,0.998,0.5793,0.8333,1.0,0.0,0.0,ss ventures llp,ai sai s vaimcrj ailailpi,961 gilco hight gilco valley mundi kharar sector 127 mohali punjab,h no 961 gilco hight gilco valley mundi kharar punjab sector 127 mohali
S1-24390448,S2-680440169,India,0.48113346099853516,Missing address,4,0.7993,0.9,0.0,0.0,0.0,0.0,deepak india,deepak india corporation,e 962 saraswati vihar delhi delhi north west delhi,
S1-262602823,S2-6371771,US,0.48074859380722046,Missing address,1,0.8929,0.9538,0.0,0.0,0.0,0.0,nunley colonial healthcare inc,nunley colonial healthcare incorporated,stanwood 14702 lake goodwin road wa,
S1-901300599,S3-613030438,US,0.48064252734184265,Missing address,5,0.8437,0.9412,0.0,0.0,0.0,0.0,maddi s auto body,maddi s auto,30 brookview terrace johnsburg ny,
S1-979457785,S2-869964400,India,0.48063167929649353,Missing address,3,0.7956,0.9674,0.0,0.0,0.0,0.0,systems radison global private limited,system radison glo8al private limited,g 9 alazim shopping center near bhalej road bridge anand unreth anand gujarat,
S1-622534070,S3-805003243,US,0.4803107976913452,Missing address,4,0.9327,0.9365,0.0,0.0,0.0,0.0,flynn and koon first group,flynn and koon first llc,7261 ave street n houston tx,
S1-467573913,S3-610017836,India,0.480122447013855,Other residual,7,0.8035,0.9038,0.2667,1.0,0.0,0.0,sun trading private limited,sun trading limited center,shop no 9 4 shanker point sanjay place agra uttar pradesh,h no 9 4 n a agra up
S1-502982254,S2-267635070,US,0.4800671637058258,Missing address,4,0.8517,0.8954,0.0,0.0,0.0,0.0,kimmie slater value stellar inc,kimmie slater stellar inc services,1306 jameson avenue benton ar,
S1-869463191,S3-422406806,India,0.4799520671367645,Name weak / address strong,3,0.8878,0.6051,0.5455,1.0,0.0,0.0,gambhir india logistics private limited,gilogistics com,plot no 105 opp dmart palanpur banas kantha gujarat,c 105 opp dmart palanpur banas kantha gj
S1-870801476,S3-743295517,US,0.4798640012741089,Address weak / name strong,3,1.0,0.9074,0.125,1.0,0.0,0.0,hanson and stewart,and hanson stewart,645 center street eatonville wa,center st eatnoville washington
S1-456595211,S2-824778620,India,0.4796889126300812,Missing address,25,0.5385,0.8305,0.0,0.0,0.0,0.0,nash resorts ltd,nash ltd services,sy 134 2 and 134 2 p gachibowli seri lingamapally hyderabad telangana,
S1-138911080,S3-439379785,US,0.4795699119567871,Missing address,3,0.9316,0.9474,0.0,0.0,0.0,0.0,kelcie a smith ph d,kelcie a smith,tx euless 408 fountain side drive,
S1-105679449,S2-622056824,India,0.4793965816497803,Name weak / address strong,4,0.9355,0.5429,0.8,1.0,0.0,0.0,aum enterprises,avibrix,446 unnati tower central spine vidhadhar nagar jaipur rajasthan,46 unnati tower central spine vidhadhar nagar jaipur rajasthan
S1-409140352,S3-697062633,India,0.4788779318332672,Address weak / name strong,2,1.0,0.8716,0.1579,1.0,0.0,0.0,noida enterprise private limited,private noida enterprise limited,shop no 09 sri chand market gejha road bhangel noida gautam buddha nagar uttar pradesh,no 09 noida new delhi uttr prdes
S1-764596437,S3-446193404,US,0.47843676805496216,Address weak / name strong,6,0.7247,0.9341,0.2,1.0,0.0,0.0,reilly nicholson and johns alussa inc,reilly ncohlolson and johns alussa inc,13503 black meadow road spotsylvania county va,black meadow rd spotsylvaina virginia
S1-891650524,S3-637911764,US,0.4779064655303955,Name weak / address strong,6,0.8257,0.663,0.5556,1.0,0.0,0.0,patriot pediatrics,ppatriot com,mount pleasant tx 3161 county road 4215,3161 county road 4215 mount plleasant texas
S1-728974682,S2-317510777,US,0.4775620698928833,Missing address,3,0.9143,0.9462,0.0,0.0,0.0,0.0,mcreynolds pbc corporation,mcreynolds pbc corp,3244 veneto way round rock tx,
S1-8931246,S3-837959241,India,0.4774842858314514,Address weak / name strong,1,1.0,1.0,0.1538,1.0,0.0,0.0,ed land indore private limited,ed land indore private limited,ahilya nagar n no 80751 annapurna rd 104 indore madhya pradesh,104 indore mdhy prdes
S1-398424624,S3-54198812,India,0.4773884117603302,Name weak / address strong,4,0.9147,0.4758,0.8,1.0,0.0,0.0,srh pharmaceuticals ltd,deltasoldova,shop no 277k bijapur p22 lingad gudi road bijapur karnataka,shop no 277k p22 lingad gudi road bijapur ka
S1-135455090,S3-795431266,US,0.47699496150016785,Other residual,19,0.7172,0.8916,0.375,1.0,0.0,0.0,education alliance,education center,1816 beechwood avenue saint paul mn,beechwood ave saint paul minnesota
S1-393980879,S3-566249840,US,0.47696301341056824,Missing address,6,0.9231,0.952,0.0,0.0,0.0,0.0,cardiology frontier group,cardiology frontier,8603 venice drive amarillo tx,
S1-169943682,S3-845358676,India,0.4766135811805725,Transliteration / phonetic variation,7,0.8062,0.88,0.25,1.0,0.0,0.0,crb and partners,crb and partners limited www crbpart com,plot no 21 bakkiyalakshmi nagar 3rd street sriperumbudur kanchipuram tamil nadu,21 sriperumbudur kanchipuram tn
S1-230299554,S3-495530764,India,0.47646909952163696,Address weak / name strong,3,1.0,1.0,0.1765,1.0,0.0,0.0,realtime academy,realtime academy,first floor building no h1904 f1 1502 19th main road 1st sector bangalore south bangalore karnataka,fiest floor bangalore south bangalore krnatk
S1-614283362,S3-502208206,US,0.47622770071029663,Name weak / address strong,2,0.7245,0.606,0.5833,1.0,0.0,0.0,tillery cox and deleon llc,ctillery com,ga atlanta unit 5 1197 joseph e boone boulevard,1197 1201 joseph e boone blvd unit 5 atlanta georgia
S1-671080583,S2-297438513,US,0.4758225977420807,Name weak / address strong,2,0.9023,0.566,0.5556,1.0,0.0,0.0,honore assets llc,ahonore com,1051 park street fl 0 grants pass or,grants pass 1051 park st or
S1-687946512,S2-295069815,India,0.4755759537220001,Address weak / name strong,1,1.0,0.8933,0.1667,1.0,0.0,0.0,vats asia private limited,private vats asia limited,3rd floor central delhi icp thapar house 124 janpath delhi new delhi,rd floor n delhi delhi
S1-494798110,S3-845855349,India,0.4754472076892853,Name weak / address strong,10,0.9167,0.6567,0.7273,1.0,0.0,0.0,baba services limited,mr 8aba services,p no 5 323 sector 5 gomtinagar vistar lucknow uttar pradesh,p no 5 323 sector 5 gomtinagar vistar lucknow up
S1-219383896,S3-177852433,US,0.4751398265361786,Missing address,6,0.663,0.9137,0.0,0.0,0.0,0.0,romero and bray semiconductor clinic,romero and bray clinic service,116 three mile loop kannapolis nc,
S1-1804503,S3-681346884,India,0.47492673993110657,Address weak / name strong,7,0.8749,0.9319,0.1429,1.0,0.0,0.0,apex software pvt ltd,apex software pra li,maharashtra bldg no 7 oshiwara avalon chs ltd oshiwara andheri west mumbai city 202 mumbai,202 mumbai mh
S1-887149174,S2-321832700,US,0.4747977554798126,Transliteration / phonetic variation,4,0.6355,0.9031,0.25,1.0,0.0,0.0,r v mcgee graf inc,r v mcete graf inc id 51434,3030 poplar terrace baltimore md,003030 poplar ter balimore md
S1-622304244,S2-898772818,India,0.47425714135169983,Other residual,6,0.7789,0.7463,0.5,1.0,0.0,0.0,classic properties limited,klasik praprtis limited,no 63 shankar mutt layout m g road khille mohalla mysore karnataka,h no 63 shankar mutt layout null mysore karnataka
S1-727057003,S2-99042100,US,0.47412019968032837,Name weak / address strong,11,0.9543,0.5274,0.6667,1.0,0.0,1.0,colonial guild,ciracalo,8010 grandview street houston tx,8010 grandview st houston tx
S1-496850888,S3-268031627,US,0.4739968180656433,Other residual,8,0.767,0.8679,0.4,1.0,0.0,0.0,qx crest,qx cmis,3312 table mountain pine drive nc raleigh,table mountain pine dr raleigh north carolina
S1-875280137,S3-606974874,US,0.47397539019584656,Address weak / name strong,21,0.6442,0.912,0.2308,1.0,0.0,0.0,pediatric care associates,pediatric care,9556 choctaw drive baton rouge city la,556 choctaw dr po box 3979 baton rouge louisiana
S1-467795565,S3-844988668,US,0.4731637239456177,Other residual,21,0.6576,0.5648,0.3333,1.0,0.0,1.0,rc nasdaq,rc center center,1260 6th street the dalles or,1260 sixth st the dalles oregon
S1-287976037,S2-867144102,US,0.4727409780025482,Name weak / address strong,4,0.9507,0.4056,0.8571,1.0,0.0,1.0,3 brothers,xyloarcumbra,102 state highway d rogersville mo,102 104 state highway d rogersville mo
S1-924521465,S3-563844199,India,0.4725077748298645,Missing address,8,0.9137,0.9118,0.0,0.0,0.0,0.0,monica importexport public limited,monica importexport,k 1 38 chittranjan park new delhi delhi,
S1-405596200,S2-284468491,India,0.47247421741485596,Other residual,6,0.6975,0.8824,0.3636,1.0,0.0,0.0,mz vision private limited,mz mz vrdiion private limited,145 darjeeling hill cart road siliguri west bengal,1 45 hill cart road siliguri pscimbng
S1-872019581,S2-612053142,US,0.4713774025440216,Missing address,2,0.8998,0.9333,0.0,0.0,0.0,0.0,becki brown express real,becki brown express real corporation,12862 still creek court rancho cucamonga ca,
S1-872019581,S3-483342383,US,0.4713774025440216,Missing address,1,0.8998,0.9333,0.0,0.0,0.0,0.0,becki brown express real,becki brown express real corporation,12862 still creek court rancho cucamonga ca,
S1-393162623,S3-634944168,US,0.4712529182434082,Missing address,7,0.8873,0.9429,0.0,0.0,0.0,0.0,straight edge tattoo,straight edge tattoo trading,144 daniel road hamden ct,
S1-93873534,S2-511375123,US,0.47109082341194153,Address weak / name strong,4,0.9205,0.9306,0.2,1.0,0.0,0.0,sheree crego o d,sheree crego crego,french creek wv 2786 alexander road,2788 alexander rd frenc hcreek wv
S1-555341548,S3-605014103,India,0.4706609547138214,Missing address,5,0.8985,0.9429,0.0,0.0,0.0,0.0,award memorial trust,award memorial trust company,h no 329b nehru nagar patliputra phulwari patna bihar,
S1-918473329,S3-524740230,India,0.470641553401947,Missing address,5,0.9051,0.9467,0.0,0.0,0.0,0.0,chakra welfare society,chakra welfare society company,shop no 58 loft mezzanine floor new link road andheri west mumbai maharashtra,
S1-900571666,S3-445545982,US,0.47038134932518005,Address weak / name strong,1,1.0,1.0,0.1111,1.0,0.0,0.0,krystalle s staffing partners,krystalle s staffing partners,3203 james terrace alton il,alotn 1203 james ter illinois
S1-929846421,S3-871302741,India,0.469867467880249,Other residual,4,0.7113,0.5197,0.4286,1.0,0.0,1.0,anagha industries group,veraarc,203 renaissance business center wellesley road near lal deval camp pune city pune maharashtra,203 renaissance business center pune city pune mharastr
S1-888171888,S2-808143288,US,0.46965304017066956,Missing address,26,0.5354,0.9263,0.0,0.0,0.0,0.0,qsh granite llc,qsh graooidae llc,3055 quincy street arlington county va,
S1-259244076,S2-100488536,US,0.4694174528121948,Missing address,3,0.9225,0.9529,0.0,0.0,0.0,0.0,pediatric dentistry optimal specialists,pediatric dentistry optimal specialists corporation,43 28 248 street little neck ny,
S1-592145289,S3-517394984,US,0.4692156910896301,Address weak / name strong,3,1.0,0.8667,0.1,1.0,0.0,0.0,louisburg baptist continental church,louisburg church continental baptist,5797 375th street louisburg ks,1797 375st street miami county kansas
S1-291694277,S3-292605208,US,0.4686721861362457,Transliteration / phonetic variation,4,0.7511,0.8695,0.4286,1.0,0.0,0.0,certified global angel,certified global www certified com,ma tewksbury 265 kendall road,tewksbury 265d kendall road massachusetts
S1-833691372,S2-534527079,US,0.468600869178772,Name weak / address strong,2,0.9494,0.4717,0.7143,1.0,0.0,1.0,carri wagner best horizon llc,solvera id 74852,44 fairfax road fox lake il,44 fairfax rd fox lake il
S1-776933023,S3-95011490,US,0.46757927536964417,Other residual,14,0.6908,0.8933,0.3333,1.0,0.0,0.0,memorial league,memorial center,302 ash forge drive nashville tn,489 ash forge drive antich tennessee
S1-463655257,S3-43581471,US,0.4659046232700348,Missing address,18,0.7035,0.9226,0.0,0.0,0.0,0.0,harbor partners llc,harbor partners llc enterprises,13932 international avenue la feria tx,
S1-668897081,S2-897896736,India,0.4657270610332489,Name weak / address strong,7,0.7975,0.6777,0.6364,1.0,0.0,0.0,future ventures limited,phyucr vemcrs limited,block d 501 archi paradise shobhagpura udaipur rajasthan,block d 501 archi paradise shobhagpura udaipur bhuwana girwa rajsthan
S1-686182911,S3-313168227,India,0.4654839336872101,Missing address,1,0.9169,0.8875,0.0,0.0,0.0,0.0,jai retails india pvt ltd,jai jai retails india pvt limited,f no 34 5a highway block lodha bellaza kphb colony kukatpally hyderabad telangana,
S1-197837391,S2-252927713,US,0.46467840671539307,Other residual,3,0.8078,0.9463,0.5556,1.0,0.0,0.0,celestina neuman grand gravity,celestina neuman grand gravity 7731159349,213 broad street unit h mount airy nc,213a broad street mount airy nc
S1-37866716,S3-929052845,US,0.4644080400466919,Other residual,2,0.8434,0.4332,0.4286,1.0,0.0,1.0,preston trust llc,xyloviogild,1422 wolfram street chicago il,1422 wolfram saint chicago illinois
S1-656857639,S3-483897933,India,0.46393221616744995,Transliteration / phonetic variation,4,0.6398,0.8895,0.3889,1.0,0.0,0.0,norman bites,norman service,c o tanmoy ghosh f4fl 4a malancha appt tarulia 2nd north 24 pgs north 24 parganas west bengal,wb c o tanmoy ghosh kolkata north 24 parganas
S1-914486004,S3-947915705,US,0.46345412731170654,Missing address,2,0.865,0.9333,0.0,0.0,0.0,0.0,vitia s book store,vitia s book,5452 wilson way coolidge az,
S1-538196475,S3-995713590,US,0.46345412731170654,Missing address,10,0.863,0.9351,0.0,0.0,0.0,0.0,grace presbyterian church,grace presbyterian church enterprises,manchester unit 96 449 main street ct,
S1-809711228,S3-897462449,US,0.4631195068359375,Missing address,9,0.8857,0.9471,0.0,0.0,0.0,0.0,board of consumer affairs,board of consumer affairs ventures,grand rivers 771 paradise road ky,
S1-494054588,S2-852253837,US,0.4621165692806244,Missing address,1,0.9399,0.9613,0.0,0.0,0.0,0.0,marte and jones australia group,marte and jones australia,1323 meadow lane chapel hill nc,
S1-148279743,S2-762124900,US,0.4618959128856659,Transliteration / phonetic variation,23,0.6018,0.8557,0.2727,1.0,0.0,0.0,clear biomedical services inc,clear services inc center,tx 6963 briarwood drive fort worth,6963 briarwood dr pmb 1764 ft owrth tx
S1-939792094,S3-218162221,India,0.4618586301803589,Both moderately similar,27,0.56,0.8019,0.2632,1.0,0.0,0.0,guru technologies private limited,shri guru tdehnologies private limited,maharashtra p no a 9 nashik gala no f 17 first floor nice area satpur i t i signal nashik,nashik p no a c 9 mh
S1-611962366,S3-453528755,US,0.46150466799736023,Name weak / address strong,5,0.821,0.5122,0.5714,1.0,0.0,0.0,diaz capital ellington of henry county,orbijaxzeph,55 steven drive henry county va,steven drive henry county virginia
S1-76004076,S2-969057072,US,0.46131429076194763,Missing address,6,0.5836,0.9283,0.0,0.0,0.0,0.0,sbj averin llc,sbj avfecrn llc,3019 west avenue austin tx,
S1-30812955,S3-363942534,India,0.46109139919281006,Address weak / name strong,2,0.9746,0.95,0.1304,1.0,0.0,0.0,jpc services ltd,jpc services,gala 105 c wing 1st floor vaibhav ind estate s v road nr saki telephone exchange mumbai mumbai maharashtra,h no 788 gala 105 mumbai bombay mh
S1-807780908,S3-865706504,India,0.46070921421051025,Missing address,28,0.3551,0.9617,0.0,0.0,0.0,0.0,ss constructions private limited,ss crontructinos private limited,shop no 4 nehru palace koroadsamandi karnal haryana,
S1-12561077,S3-178061150,US,0.4604290723800659,Missing address,4,0.7859,0.9279,0.0,0.0,0.0,0.0,hudson willis and furey communities,hudson willis and furey partners,60 little butte ranch road chelan wa,
S1-686426092,S2-328246834,US,0.46030330657958984,Missing address,3,0.9273,0.9579,0.0,0.0,0.0,0.0,ruthie eshelman dmd,ruthie eshelman,effingham il 11244 1550th avenue,
S1-446342543,S2-275939593,India,0.46022289991378784,Transliteration / phonetic variation,8,0.6896,0.7368,0.5333,1.0,0.0,0.0,east media pvt ltd,ist midiy a praibhet limited,ac mansion bl front gr fr p16 bentinck street kolkata kolkata howrah west bengal,hn 300 ac mansion bl front howrah kolkata west bengal
S1-303518948,S3-893522025,India,0.460178405046463,Address weak / name strong,2,1.0,0.8587,0.1538,1.0,0.0,0.0,coimbatore south vintrade private limited,private coimbatore south vintrade limited,sarojini street new sidhapudhur 395 coimbatore tamil nadu coimbatore south,141 395 western region coimbatore coimbatore tn
S1-880114041,S2-832728562,US,0.46007469296455383,Missing address,3,0.9564,0.9455,0.0,0.0,0.0,0.0,rb unified horse l l c,rb unified horse,8 hundred acre woods west hamlin wv,
S1-377212181,S2-630054241,US,0.45972803235054016,Missing address,2,0.8818,0.9571,0.0,0.0,0.0,0.0,charline owens optimal acres,charline owens optimal,va 4253 lamplighter court chesterfield county,
S1-629969170,S3-691669074,US,0.45912256836891174,Missing address,2,0.7138,0.9202,0.0,0.0,0.0,0.0,keelia white smart futurewave inc,keelia white smart inc center,12 haffards street unit 1n fall river ma,
S1-286035668,S3-44184632,US,0.45903709530830383,Both moderately similar,3,0.7875,0.7645,0.3636,1.0,0.0,0.0,terrie s secure salon p c,p c terrie s semcnhre salon,201 caroline avenue unit 1 smithfield nc,01 caroline ave unit 1 smithfield north carolina
S1-396995203,S3-292323878,US,0.4579107463359833,Missing address,3,0.8014,0.9304,0.0,0.0,0.0,0.0,federal premier montage,federal premier,2305 gambit trail phoenix az,
S1-765505408,S3-358861792,US,0.45770618319511414,Missing address,4,0.8248,0.9263,0.0,0.0,0.0,0.0,twila s hair studio,twila s hair,754 patriot parkway rock hill sc,
S1-736038839,S2-839152166,India,0.45764195919036865,Name weak / address strong,7,0.8496,0.6481,0.5385,1.0,0.0,0.0,jai foods,jy phuds,605 a wellington panchsheel tower no 1 ghaziabad uttar pradesh,0605 a wellington panchsheel tower no 1 ghaziabad uttr prdes
S1-717513417,S3-977221837,India,0.4571889042854309,Both moderately similar,15,0.5089,0.8231,0.3077,1.0,0.0,0.0,ashutosh india private limited,ashut0shindia com,srno 27 1 krantiveer ngr sai icon fl b 601 pune maharashtra,srno 27 1 pune mharastr
S1-35014153,S3-909346121,US,0.4570275843143463,Missing address,3,0.7872,0.9043,0.0,0.0,0.0,0.0,crane dental associates,crane dental,75 portland avenue redding ct,
S1-45031150,S3-475903648,US,0.4564376473426819,Name weak / address strong,5,0.8917,0.4286,0.6667,1.0,0.0,1.0,laflova,gildsyn,600 10th street murfreesboro ar,600 10th street murfreesboro arkansas
S1-362970653,S2-115446571,US,0.4562259912490845,Missing address,3,0.9231,0.9442,0.0,0.0,0.0,0.0,autism assistance coalition iii,autism assistance coalition iii corporation,5386 green oak court hilliard oh,
S1-138644160,S2-984471315,India,0.45607662200927734,Name weak / address strong,5,0.9424,0.4693,0.8571,1.0,0.0,0.0,jrd india india ltd,nylabeloecto,mahalakshmi chambers 29 mg road next to trinity metro station bengaluru bangalore karnataka,mahalakshmi chambers 29 mg road next to trinity metro station bengaluru bangalore krnatk
S1-146703899,S3-962541701,US,0.45564258098602295,Missing address,6,0.8321,0.9524,0.0,0.0,0.0,0.0,national institute inc,national institute trading,7130 sage avenue yucca valley ca,
S1-705059686,S2-372995700,India,0.45521900057792664,Address weak / name strong,23,0.6009,0.8668,0.2143,1.0,0.0,0.0,bombay consultants private limited,bombe kmsltemts praivet limited,5th floor csno 7333 plot no 6 ajay colony shikshakwadi ring road jalgaon jalgaon maharashtra,floor jalgaon maharashtra
S1-974833397,S2-498857992,US,0.45482999086380005,Missing address,4,0.9164,0.96,0.0,0.0,0.0,0.0,perryville elite cea,perryville elite,32 woodall road perryville md,
S1-636632265,S3-849082384,India,0.4547753632068634,Other residual,2,0.6921,0.9014,0.25,1.0,0.0,0.0,ravian care associates,ravian care service,sco 400 third floor town centre mall d park rohtak haryana,sco 400 rohtak hriyana
S1-382638925,S2-397913738,India,0.4545639157295227,Missing address,4,0.7932,0.9542,0.0,0.0,0.0,0.0,gandhidham nutrition private limited,gandhidham nutrition pbviace limited,office no 8 first floor plot no 130 ward 12 b gandhidham kachchh gujarat,
S1-456972978,S2-574826273,India,0.45454126596450806,Missing address,3,0.912,0.9529,0.0,0.0,0.0,0.0,india samruddha structures company,india samruddha structures,opp ganesh township link road s n 119 village umraj bharuch gujarat,
S1-581734380,S2-564327645,India,0.4540300667285919,Transliteration / phonetic variation,2,0.7632,0.8648,0.3636,1.0,0.0,0.0,kesha healthcare,ke5ha healthcare healthcare,a 081 dlf the crest park drive sector 54 gurgaon haryana,a 081 gurgaon haryana
S1-188570743,S2-738104913,India,0.4538995921611786,Missing address,6,0.7584,0.9538,0.0,0.0,0.0,0.0,hyderabad fasteners private limited,hyderabad fasteners parviabe limited,4 1 184 2 hanuman tekdi hyderabad telangana,
S1-781134402,S3-779157950,India,0.4536404609680176,Transliteration / phonetic variation,6,0.767,0.8562,0.25,1.0,0.0,0.0,oakwood motors,oakwood service,khasra no 372 374 and 375 village malikpur kohi alias rangpuri mehrauli delhi south west delhi delhi,dl south west delhi delhi 372
S1-265406671,S2-472812699,US,0.4536310136318207,Missing address,3,0.7981,0.9,0.0,0.0,0.0,0.0,first telecom alliance llc,first telecom,2360 73rd terrace ferndale wa,
S1-89798651,S3-880470593,India,0.4531655013561249,Name weak / address strong,4,0.8552,0.6772,0.7368,1.0,0.0,0.0,global consultancy,global service,madhya pradesh g 1 1 shyam tower 64 2 r n t marg opp chetak centre indore,plot 13 g 1 1 shyam tower 64 2 r n t marg opp chetak centre indore mp
S1-464802684,S3-613829600,US,0.45278772711753845,Missing address,4,0.8548,0.9524,0.0,0.0,0.0,0.0,robby s highland yoga,robby s highland,404 31st avenue minneapolis mn,
S1-472292681,S3-149086562,US,0.45270684361457825,Both moderately similar,23,0.5195,0.8074,0.2,1.0,0.0,0.0,3 legged dog inc,d3legged com,az peoria 13310 rio boulevard unit 2110,0013310 rio blvd peoria arizona
S1-629251592,S3-292803532,US,0.45236217975616455,Missing address,25,0.5071,0.9446,0.0,0.0,0.0,0.0,coe blue vaneck,coe blue vakl,3504 52nd court cicero il,
S1-993818887,S2-574542680,US,0.4519619047641754,Both moderately similar,2,0.8436,0.686,0.3333,1.0,0.0,0.0,lauraine ford real inc,frlauraine com,8545 battletown road battletown ky,8418 battletown rd ky battletown
S1-36317420,S2-745900225,US,0.4509972631931305,Missing address,7,0.8091,0.9551,0.0,0.0,0.0,0.0,spear stubblefield and edgell resource,spear stubblefield and edgell resource 7722994303,1117 taylor road virginia beach city va,
S1-470049434,S2-249066641,US,0.4507791996002197,Missing address,11,0.6224,0.8682,0.0,0.0,0.0,0.0,precision analytics works,precision works services,783 willow road sand springs ok,
S1-42398393,S2-961057813,India,0.45037803053855896,Missing address,8,0.9368,0.9615,0.0,0.0,0.0,0.0,guru charitable trust,guru charitable trust corp,1010 elena i kajaria greens alwar by pass road bhiwadi alwar rajasthan,
S1-799879457,S3-846032807,India,0.4503764808177948,Missing address,3,0.9405,0.9923,0.0,0.0,0.0,0.0,green law chambers company,green law chamber company,2nd floor block j laxmi nagar delhi j 79 back east delhi,
S1-203188651,S2-658489101,India,0.45017433166503906,Name weak / address strong,2,0.9192,0.4452,0.7333,1.0,0.0,0.0,sincere sangh,haloveobelo,malapuram punnakkottil ep vii 691 k kerala malappuram nr rest house changuvetty tirurangadi,punnakkottil ep vii 291 k nr rest house changuvetty tirurangadi malapuram malappuram kerlm
S1-664365647,S3-499349916,US,0.4498039484024048,Missing address,8,0.6004,0.9313,0.0,0.0,0.0,0.0,lally oxley llc,lally oxgay llc,1713 arborwood drive florence ky,
S1-907709128,S2-906940365,India,0.4496467411518097,Missing address,5,0.9463,0.9,0.0,0.0,0.0,0.0,maruti solutions private limited,maruti solutions,b h 29 sukhliya indore madhya pradesh,
S1-861190608,S3-953856356,India,0.4496467411518097,Missing address,4,0.9491,0.9,0.0,0.0,0.0,0.0,infratech mayuri private limited,infratech mayuri,c 127 12 khajuri khas delhi north delhi delhi,
S1-812789524,S3-927767368,India,0.44959360361099243,Transliteration / phonetic variation,8,0.736,0.8835,0.3333,1.0,0.0,0.0,developers era ice east delhi,developers era ice www developers com,d 53 2nd floor gali no 2 east vinod nagar east delhi delhi,d 53 east delhi dl
S1-824280283,S3-587656958,India,0.448527455329895,Other residual,8,0.7112,0.6431,0.3636,1.0,0.0,0.0,nva propbuild private limited,propbuildnva com,no 11 31 kudiyana street inathukanpatti thanjavur chennai tamil nadu,no 11 31 thanjavur tn
S1-122500132,S2-74502886,India,0.4484141767024994,Name weak / address strong,2,0.845,0.4556,0.8,1.0,0.0,0.0,yash safety llp,synwex,nandgaon maharashtra nandgaon at post h no 18 nashik,hn 324 at post h no 18 nandgaon nashik maharashtra
S1-688432819,S3-120010722,US,0.448103666305542,Name weak / address strong,23,0.6462,0.5223,0.5,1.0,0.0,1.0,little auto body,novikorhalo,206 fifth street lansdale borough pa,206 5th street lansdale borough pennsylvania
S1-158110756,S3-403480922,US,0.4480654001235962,Address weak / name strong,2,1.0,0.9368,0.0,1.0,0.0,0.0,fresh machine works,fresh works machine,47 pineview street harpersville al,1 pieview st harpresville alabama
S1-861166226,S3-979198381,India,0.44747304916381836,Transliteration / phonetic variation,3,0.745,0.838,0.1905,1.0,0.0,0.0,arunodaya and sons private limited,arunodayasons com,co ayush gupta ward no 15 zeerapur road krishi upaj mandi ke samne khujner rajgarh dhar madhya pradesh,co ayush gupta rajgarh null mdhy prdes
S1-550466060,S2-157221656,India,0.4471982419490814,Name weak / address strong,5,0.9132,0.5139,0.8571,1.0,0.0,0.0,indo investments private limited,shri iripyra,d 607 chitranjan park new delhi delhi,d 607 chitranjan park new delhi dilli
S1-393301920,S3-829238737,US,0.44713467359542847,Address weak / name strong,2,1.0,0.9474,0.1429,1.0,0.0,0.0,twisted hair studio,twisted studio hair,1006 bradshaw avenue east liverpool oh,1012 bradshaw ave po box 8085 east lverpool city ohio
S1-29435745,S3-781658755,India,0.4470309019088745,Missing address,5,0.8116,0.88,0.0,0.0,0.0,0.0,sukesh holdings,sukesh,nirman srusthi first floor b wing room no 102 ganesh nagar raigadh raigarh maharashtra,
S1-280785959,S2-987212597,India,0.44698381423950195,Transliteration / phonetic variation,5,0.839,0.7061,0.6667,1.0,0.0,0.0,eastern constructions private limited,istrn kmstrksms praivet limited,e 27 kamla nagar delhi north delhi delhi,e 27 delhi north delhi delhi
S1-258619970,S2-581579960,India,0.4469684958457947,Missing address,7,0.9441,0.9385,0.0,0.0,0.0,0.0,associated trading pvt ltd,associated trading,no 25 shakthi nagar bankaramma kandigai arakkonam kandigai tamil nadu vellore,
S1-536823180,S2-519290603,US,0.4464833736419678,Missing address,5,0.8067,0.912,0.0,0.0,0.0,0.0,stafani parker copley inc,stafani parker,1095 belvoir boulevard south euclid oh,
S1-867013511,S3-195167791,US,0.4452073276042938,Name weak / address strong,2,0.8737,0.573,0.5,1.0,0.0,1.0,platinum wireless systems,pwsystems com,9719 62nd avenue fl 1 olympia wa,9719 62nd avenue olympia washington
S1-931781623,S2-46348864,India,0.44508519768714905,Missing address,3,0.9028,0.7505,0.0,0.0,0.0,0.0,vasco oil private limited,smt vasco oil private ltd,18 ram nagar musakhedi indore madhya pradesh,
S1-333823187,S3-787201986,India,0.4450024664402008,Address weak / name strong,7,0.8486,0.9202,0.15,1.0,0.0,0.0,south systems private limited,south systems limited service,sh 1 1st flr ramdev chitanya chs ltd padmavati ngr maxcus mall 150ft rd bhayandar west thane maharashtra,sh 4 1 thane mh
S1-293459110,S3-297049995,US,0.4449210464954376,Other residual,5,0.8047,0.5748,0.4,1.0,0.0,1.0,associated digital ventures llc,dvassociatedcom,2113 waterside way cohoes ny,2113 waterside way po box 4979 cohoes new york
S1-307247548,S2-712191333,US,0.4445435404777527,Missing address,5,0.7689,0.8564,0.0,0.0,0.0,0.0,wall legacy auto glass inc,wall auto glass inc center,705 bower street knox in,
S1-106614337,S3-274069547,India,0.4441768229007721,Name weak / address strong,10,0.8719,0.4127,0.7273,1.0,0.0,0.0,hindusthan foods pvt ltd,ectosyn,a 125 okhla industrial areaphase ii new delhi south delhi delhi,new delhi dl a 125 okhla industrial areaphase ii north
S1-498474478,S3-692888078,India,0.4441488981246948,Address weak / name strong,1,0.9778,0.9467,0.1364,1.0,0.0,0.0,tithi producer private limited,tithi producer private,hall h 1 second floor padam plaza plot no 5 sector 16 b avas vikas sikandra yojna agra uttar pradesh,hall h 01 up agra
S1-432958153,S3-188407783,India,0.4436677098274231,Missing address,23,0.591,0.924,0.0,0.0,0.0,0.0,xuz micro limited,xuz mroo limited,hig 34 35 sector 1 m v p colony visakhapatnam vishakhapatnam andhra pradesh,
S1-371950437,S3-216746992,India,0.44296732544898987,Missing address,1,0.9263,0.9455,0.0,0.0,0.0,0.0,life and co,life and,168 6 chennai bangalore high road sembarambakkam poonamallee tiruvallur tamil nadu,
S1-632391824,S3-992464981,US,0.4426933228969574,Missing address,2,0.924,0.9455,0.0,0.0,0.0,0.0,corry s mortgage group,corry s mortgage,2852 shadowpoint cove round rock tx,
S1-400644074,S3-676609406,US,0.44255682826042175,Missing address,2,0.7363,0.8774,0.0,0.0,0.0,0.0,united federal bsp,united bsp center,336 geneva avenue bellwood il,
S1-576351172,S2-999226440,India,0.4422368109226227,Both moderately similar,10,0.7498,0.6835,0.3333,1.0,0.0,0.0,indian care,imdiyn ker,brozzo 2nd main road 4th phase yelehanka new town bangalore north bangalore karnataka,brozzo bangalore bangalore north karnataka
S1-273900435,S3-143903542,India,0.44125235080718994,Address weak / name strong,2,1.0,1.0,0.1538,1.0,0.0,0.0,ram software pvt ltd,ram software pvt ltd,matoshri mahda r 28 17 31 cidco n 7 aurangabad aurangabad maharashtra,matoshi mahda aurangabad mh
S1-873954175,S3-345858623,India,0.4408722221851349,Address weak / name strong,21,0.5194,0.9024,0.2,1.0,0.0,0.0,li media private limited,li media limited service,surat 306 307 gujarat sns synergy opp central mall near sai baba temple dumas surat,306 307 surat gj
S1-79670082,S3-499737343,US,0.44086822867393494,Missing address,27,0.4854,0.9655,0.0,0.0,0.0,0.0,rapid wholesale solutions llc,rapid wholesale soltuisddn llc,46 turnstone drive morgantown wv,
S1-517861351,S2-511126255,US,0.4408531188964844,Missing address,15,0.8213,0.9,0.0,0.0,0.0,0.0,big grill,big grill services,120 confederate drive frederick county va,
S1-424055491,S2-298140420,US,0.4408531188964844,Missing address,4,0.8226,0.9,0.0,0.0,0.0,0.0,boum inc,boum inc service,2100 summit avenue east saint louis il,
S1-91420204,S2-943125611,India,0.4405854642391205,Missing address,1,0.8715,0.9429,0.0,0.0,0.0,0.0,insta medical centre,insta medical centre company,fd 173 sec iiisaltlakecity kolkata howrah west bengal,
S1-828697340,S3-923246764,US,0.43999719619750977,Address weak / name strong,4,0.8025,0.8917,0.2222,1.0,0.0,0.0,business engineering systems inc,business engineering engineering,604 virginia avenue athens tn,554 d virginia ave athens tennessee
S1-881950843,S3-546291759,India,0.438970148563385,Address weak / name strong,4,0.981,0.9515,0.1304,1.0,0.0,0.0,seneca tech india private limited,seneca tech india private,bangalore karnataka 3rd floor gvr plaza 3rd main raghavendra swamy temple road kaval byrasandra r t nagar post bangalore no a 302,banglore no a 302 bengaluru krnatk
S1-641840945,S3-767620430,India,0.43887606263160706,Address weak / name strong,2,0.9649,0.9771,0.1364,1.0,0.0,0.0,saraf india digital private limited,saraf india digital private ltd,no 1320 2nd cross 1st stage 3rd block ali masjid road behind ac post hbr layout bangalore north bangalore karnataka,no 1320 bengaluru urban bangalore krnatk
S1-978331435,S2-193361712,US,0.4388676881790161,Missing address,1,0.7067,0.8789,0.0,0.0,0.0,0.0,easter keystone nexus inc,easter nexus inc partners,130 cora avenue unit apartment b fox lake il,
S1-627533334,S3-999590944,India,0.4379216432571411,Missing address,10,0.917,0.7541,0.0,0.0,0.0,0.0,arihant consultants limited,smt arihant consultants,thane hawares centurion premises co op society ltd unit no f 30 plot no 88 91 sector 19a nerul east navi mumbai thane maharashtra,
S1-606797259,S3-476469160,US,0.4374893605709076,Address weak / name strong,4,0.7642,0.9441,0.1111,1.0,0.0,0.0,1621 lincoln place properties,1621 lincoln polnac properties,1007 silvercrest drive webster ny,silvercrest dr webbster new york
S1-643555385,S2-346044269,US,0.4373544156551361,Address weak / name strong,2,0.9758,0.9556,0.2,1.0,0.0,0.0,karrie farrell p a,karrie farrell,108 11th avenue unit lot 29 bowman nd,11rd avenue bwman nd
S1-715096210,S3-790029036,India,0.43729403614997864,Other residual,24,0.4726,0.6444,0.3333,1.0,0.0,0.0,pb realty private limited,pbrealty com,plot no 27 226 satya nagar karanjia balasore orissa,plot no 0027 226 balasore od isa
S1-704891000,S2-375953024,US,0.437150776386261,Name weak / address strong,5,0.9234,0.5833,0.8,1.0,0.0,0.0,n f imperii center,cinf c0m,3320 pentagon boulevard beavercreek oh,pentagon boulevard beavercreek oh
S1-822292420,S3-775363226,US,0.4368320405483246,Missing address,3,0.8417,0.9143,0.0,0.0,0.0,0.0,fontenot pacific interactive,fontenot pacific,2167 97th street chicago il,
S1-822292420,S3-931001741,US,0.4368320405483246,Missing address,4,0.8417,0.9143,0.0,0.0,0.0,0.0,fontenot pacific interactive,fontenot pacific,2167 97th street chicago il,
S1-406737230,S2-363197475,US,0.4367271661758423,Other residual,12,0.6092,0.9166,0.3636,1.0,0.0,0.0,charlotte memorial center pllc,charlotte merrol center pllc id 63773,2323 pine street unit 11301 charlotte nc,nc 02323 pine street po box 7534 charlotte
S1-610667126,S2-625752128,US,0.4362361431121826,Missing address,2,0.8428,0.9163,0.0,0.0,0.0,0.0,nguyen regional immersion,nguyen regional immersion www nguyenreg com,1020 fawn valley drive cecil township pa,
S1-437745500,S2-537801384,India,0.43623441457748413,Both moderately similar,4,0.7644,0.793,0.4167,1.0,0.0,0.0,good consulting private limited,gud knsaltim praibhet limited,136 ramkrishnanagar post laskarpur kolkata howrah west bengal,door no 136 ramkrishnanagar post laskarpur calcutta howrah pscimbng
S1-912210308,S2-304677909,India,0.43619829416275024,Missing address,4,0.9406,0.963,0.0,0.0,0.0,0.0,foods jsb farms center,foods jsb farms center corp,w o shree lal purohit ii c 354 m d v nagar bikaner rajasthan,
S1-614810025,S2-263234082,India,0.43618881702423096,Name weak / address strong,5,0.8925,0.6195,0.8571,1.0,0.0,0.0,prem travels private limited,smt premtravels com,8 2 677 a 3 1 r n 12 b hills hyderabad telangana,c 8 2 677 a 3 1 r n 12 b hills telangana
S1-452723052,S3-128601647,India,0.43589651584625244,Address weak / name strong,4,0.9784,0.9529,0.1429,1.0,0.0,0.0,rz trucks pvt ltd,rz trucks pvt,raamsree new no 20 old no 13 sadullah street t nagar chennai tamil nadu,raamsree tn chennai
S1-782979429,S2-317817555,India,0.43461307883262634,Both moderately similar,6,0.6716,0.7566,0.25,1.0,0.0,0.0,ds and co,and ds c0,105 siri nandanam apartments b narayanapura rd kamadhenu nagar mahadevapura bangalore north bangalore karnataka,door no 105 null bangalore north bangalore karnataka
S1-54821305,S3-298258678,US,0.4345003366470337,Both moderately similar,21,0.7802,0.8339,0.375,1.0,0.0,0.0,vision physicians llc,visi0n vision llc services,116 47 139 street jamaica ny,139 street jamaica new york
S1-683737676,S3-543266493,India,0.43411338329315186,Missing address,2,0.9318,0.9556,0.0,0.0,0.0,0.0,prime projects llp,prime projects,sy no 87 medak siddipet renuka nagar 2 telangana,
S1-821198757,S3-361896586,US,0.4339148700237274,Transliteration / phonetic variation,7,0.7846,0.8539,0.25,1.0,0.0,0.0,eye delta health,eye health center,53 central street bucksport me,central st null bucksport maine
S1-11686144,S3-951772687,India,0.4333180785179138,Both moderately similar,21,0.7206,0.8239,0.4286,1.0,0.0,0.0,mistvalley consultants,mr mistvalley comosuldtas,b 146 sector 6 noida noida gautam buddha nagar uttar pradesh,block g 60 b 146 gautam buddha nagar noida up
S1-917766395,S3-641253707,US,0.43330106139183044,Name weak / address strong,4,0.8641,0.4917,0.6667,1.0,0.0,0.0,midwest program pllc,rizatavo,9726 42nd street unit suite 224 tulsa ok,tulsa 9726 42nd street suite 224 oklahoma
S1-225920024,S2-421971141,US,0.4332504868507385,Name weak / address strong,3,0.8004,0.4103,0.5833,1.0,0.0,0.0,lester optics,ariadelta,wi village of lake delton unit condo 103 350 hiawatha drive,00350 hiawatha drive village of lake delton wi
S1-200182631,S2-389164545,India,0.4331461489200592,Both moderately similar,29,0.693,0.8061,0.3571,1.0,0.0,0.0,royal construction private limited,rayl knstrksn praivet limited,plot no 347 b road no 78 jubilee hills phase iii hyderabd hyderabad telangana,347 b null hyderabad hyderabd telangana
S1-970678264,S3-162933964,US,0.4330652952194214,Missing address,6,0.7646,0.9673,0.0,0.0,0.0,0.0,cascade investments llc,cascade lnvestments l l c,7303 dew mist lane tx houston,
S1-457132905,S2-775057860,US,0.43303436040878296,Name weak / address strong,6,0.8678,0.3063,0.6,1.0,0.0,0.0,federal project,xylojax,10907 429 chouteau ok,10907a 429 chouteau ok
S1-509442507,S3-586015059,India,0.4327312707901001,Missing address,2,0.9004,0.7807,0.0,0.0,0.0,0.0,bright infotech private limited,sri bright infotech private ltd,608 floor 6 plot 306 kakad market kalbadevi road swadeshi market kalbadevi mumbai mumbai maharashtra,
S1-939387595,S2-661120583,US,0.43220949172973633,Missing address,10,0.7972,0.9059,0.0,0.0,0.0,0.0,main street tattoo,main street tattoo inc enterprises,20 hopkins street unit 2 revere ma,
S1-601884289,S3-329600141,India,0.43168899416923523,Transliteration / phonetic variation,3,0.7568,0.8287,0.1579,1.0,0.0,0.0,cochin allied private limited,cochinallied com,maharashtra gandhi nagar shivam co op housing society bldg no 39 gandhi nagar bandra e 2011 mumbai mumbai city,plot 407 2011 mumbai city mh
S1-617007510,S2-282427970,India,0.43162617087364197,Missing address,5,0.9484,0.8933,0.0,0.0,0.0,0.0,rnr properties private limited,rnr properties,fl no a 13 garden view app tidake colony nashik maharashtra,
S1-635547803,S2-893180099,US,0.4315492510795593,Name weak / address strong,4,0.8641,0.5201,0.5,1.0,1.0,1.0,royal cornerstone medical,rcmedical com,89767 lewis and clark road astoria or,89767 lewis and clark rd astorria city or
S1-971077320,S2-543436149,US,0.4308111369609833,Missing address,13,0.8667,0.9407,0.0,0.0,0.0,0.0,community institute,community institute trading,tx rockport 2106 harbor court,
S1-110880925,S3-754551587,India,0.42946210503578186,Missing address,5,0.8731,0.9186,0.0,0.0,0.0,0.0,dsiidc industrial area bawana leather clinic,dsiidc industrial area leather clinic center,plot no d 52 d block sector 04 dsiidc industrial area bawana new delhi delhi,
S1-909506403,S3-7527682,India,0.42934730648994446,Address weak / name strong,1,0.9433,0.936,0.15,1.0,0.0,0.0,bl india tradecom pvt ltd,bl india tradecom,d 901 emporis galaxy near mauni international school opp shangrilla heights digital velly utran chorasi surat gujarat,d 9 01 surat chorasi gujrat
S1-853376352,S3-436745647,US,0.4287209212779999,Address weak / name strong,8,0.785,0.9029,0.2,1.0,0.0,0.0,heritage logistics technologies inc,heritage logistics,caddo gap ar 64 angels way,64 anels way cadd ogap arkansas
S1-621893323,S3-332232262,US,0.42868080735206604,Missing address,26,0.4573,0.9446,0.0,0.0,0.0,0.0,montara midstream partners,montara midtsrbam partners,507 corte colina camarillo ca,
S1-147311061,S2-710163834,India,0.4284546375274658,Transliteration / phonetic variation,13,0.7738,0.7599,0.5556,1.0,0.0,0.0,shivam ventures private limited,sibm bhencars praibhet limited,2 95 naktal kolkata howrah west bengal,8 2 95 naktal kolkata howrah kolkata pscimbng
S1-4604745,S3-874150042,US,0.42773741483688354,Missing address,2,0.9684,0.968,0.0,0.0,0.0,0.0,amii t thompson d d s p c,amii t thompson d d s llc,255 grantham lane tichnor ar,
S1-572835866,S3-84048425,US,0.4274328947067261,Other residual,5,0.8192,0.8988,0.4,1.0,0.0,0.0,prairie school of medicine,prairie sch0ol of,8055 thomas road unit unit 208 scottsdale az,008055 thomas rd unit unit 208 scottsdale arizona
S1-19099343,S3-820255853,India,0.42730921506881714,Address weak / name strong,5,0.9816,0.9429,0.1,1.0,0.0,0.0,ramadevi hub private limited,ramadevi hub private,1380 keshripura sanwer indore madhya pradesh,1379 indore region indore mdhy prdes
S1-461216545,S3-204457767,India,0.4271562397480011,Both moderately similar,22,0.5926,0.7375,0.3,1.0,0.0,0.0,real engineering private limited,riyl imjiniyrimg praivet limited,plot 13b jamnagiri road ashok nagar dhule maharashtra,mh dhule plot b3 13b
S1-832640938,S3-59146082,US,0.4260134994983673,Other residual,15,0.6571,0.8996,0.4,1.0,0.0,0.0,global transit brands llc,global transit bcscrands bcscrands llc,121 park avenue city of berlin wi,21 park ave city of berlin wisconsin
S1-568503028,S2-609460,US,0.42595577239990234,Missing address,6,0.9075,0.8716,0.0,0.0,0.0,0.0,alford and rowe,alford rowe center,9332 mariposa grande peoria az,
S1-286916645,S2-555358225,US,0.42528417706489563,Missing address,5,0.6612,0.8784,0.0,0.0,0.0,0.0,seniva interests llc,seniva llc services,371 ayock beach drive lilliwaup wa,
S1-79186688,S2-311320359,US,0.42523428797721863,Name weak / address strong,9,0.7142,0.5772,0.6667,1.0,0.0,1.0,main street hair studio,rizanex,128 havenview court garner nc,128 havenview court garenr nc
S1-872447054,S3-748848594,US,0.424246221780777,Transliteration / phonetic variation,8,0.7923,0.8589,0.3,1.0,0.0,0.0,newman supreme fuse llc,newman newman supreme llc center,3418 hickory neck boulevard james city county va,hickory neck boulevard toano virginia
S1-787569237,S3-849205886,India,0.42411985993385315,Address weak / name strong,4,1.0,0.8788,0.1053,1.0,0.0,0.0,exports damyanti venkataraya private limited,private exports damyanti venkataraya limited,3fb 1st floor action area 1b bg 12 terminus building new town rajarhat kolkata kolkata howrah west bengal,5fb howrah kolkata wb
S1-712160332,S2-929700995,US,0.4238945245742798,Missing address,6,0.8176,0.8679,0.0,0.0,0.0,0.0,great empire allspring group,great allspring group center,1 connie drive silver spring township pa,
S1-206168835,S3-77351726,India,0.423017680644989,Name weak / address strong,3,0.9061,0.504,0.6364,1.0,0.0,0.0,parsons steel limited,veotavo,28 bhende layout bhamtee near deendayal nagar nagpur maharashtra,028 bhende layout bhamtee near deendayal nagar nagpur mh
S1-697045053,S2-445045561,India,0.4229396879673004,Other residual,22,0.5004,0.8788,0.25,1.0,0.0,0.0,al consultancy private limited,al knsltnsi praivet limited,krishna nagar 126 ahmedabad 1st floor neelam shopping centre sardar chowk gujarat,126 ahmedabad gujarat
S1-697045053,S2-912306122,India,0.4229396879673004,Other residual,23,0.5004,0.8788,0.25,1.0,0.0,0.0,al consultancy private limited,al knsltnsi praivet limited,krishna nagar 126 ahmedabad 1st floor neelam shopping centre sardar chowk gujarat,126 ahmedabad gujarat
S1-204302187,S2-438849805,US,0.4228017330169678,Missing address,8,0.749,0.8968,0.0,0.0,0.0,0.0,vanguard supply consultants llc,vanguard supply,106 gale road wilmington nc,
S1-349531764,S3-257212031,US,0.42270514369010925,Missing address,15,0.7842,0.9,0.0,0.0,0.0,0.0,happy book store,happy book store inc enterprises,7110 schreiber avenue chicago il,
S1-682055956,S2-602849444,US,0.42177724838256836,Missing address,3,0.9453,0.9605,0.0,0.0,0.0,0.0,marga r brawley l c s w,marga r brawley l c 5 w lp,2212 kentwood drive mansfield oh,
S1-903738958,S3-526006053,US,0.421633780002594,Missing address,14,0.7405,0.8999,0.0,0.0,0.0,0.0,desert school of medicine llc,desert school of llc partners,12 whittier street amesbury ma,
S1-518513568,S2-968161494,India,0.4212927222251892,Name weak / address strong,5,0.8974,0.4563,0.7778,1.0,0.0,0.0,pitamber constructwell private limited,onyxvantageyuma,h no c 12931 sf gurugram gurgaon haryana,h no c 12931 sf gurugram gurgaon hriyana
S1-929573522,S2-321302643,India,0.4212333559989929,Missing address,4,0.924,0.8459,0.0,0.0,0.0,0.0,om enterprises,mr om enterprises,shop no 3 plot no 28 govind park south anarkali delhi east delhi delhi,
S1-840944531,S2-682995927,US,0.421047568321228,Missing address,15,0.5363,0.9383,0.0,0.0,0.0,0.0,smith and coker lane llc,smith and celk lane llc,57 55 244 street little neck ny,
S1-614127029,S3-922186302,India,0.4209693670272827,Both moderately similar,4,0.7965,0.7306,0.2727,1.0,0.0,0.0,ansh house private limited,shri ansh house limited service,g 2 uttar pradesh lucknow first floor dimond apartment uattardhona lucknow,g 2 lucknow up
S1-418834588,S3-7292254,US,0.4203239977359772,Other residual,4,0.7975,0.3803,0.4286,1.0,0.0,0.0,gill post llc,deltavioriza,5165 debra road crisfield md,5165b debra road crisfield maryland
S1-951740683,S2-952232353,US,0.4195246696472168,Missing address,18,0.9197,0.7593,0.0,0.0,0.0,0.0,urology health,the urology health,136 lighthouse road aquinnah ma,
S1-779455754,S3-703972029,US,0.4194006323814392,Both moderately similar,3,0.8355,0.8494,0.375,1.0,0.0,0.0,vision value center llc,vision value www visionval com,5250 theodore street maple heights oh,theodore st maple heights ohio
S1-441427104,S3-829779973,India,0.4179764986038208,Missing address,3,0.9024,0.9619,0.0,0.0,0.0,0.0,swastik properties private limited,swastik properties private limited trading,pno 550 4 iii rd no 92 jubliee hills shaikpet hyderabad telangana,
S1-982216719,S2-425245362,US,0.41782599687576294,Missing address,7,0.8195,0.9238,0.0,0.0,0.0,0.0,metro program,metro program trading,925 edgar avenue ronceverte wv,
S1-871861910,S3-881182302,India,0.41740378737449646,Address weak / name strong,2,0.9688,0.9636,0.1818,1.0,0.0,0.0,xhq fincap pvt ltd,xhq fincap pvt limited,doorno 309 1stfloor westminister13 cunninghamroad bangalore karnataka,door no 309 ramanagaram bangalore ka
S1-785516288,S3-681335011,India,0.41674718260765076,Address weak / name strong,3,0.872,0.9351,0.2,1.0,0.0,0.0,gangavi consulting clinic,gangavi consulting clinic corporation,third floor flat no 302 shivaranjani house sitabaug colony ganesh mala dattawadi pune maharashtra,third floor pune mh
S1-942940928,S3-698780543,India,0.4163445234298706,Address weak / name strong,25,0.4097,0.9788,0.1429,1.0,0.0,0.0,uf multitrade private limited,uf muttirdae private limited,maharashtra 101 mumbai floor 1st plot 83 pitru chhaya sakharam keer marg mahim,101 mumbai mh
S1-885263385,S3-264197539,US,0.4163060188293457,Name weak / address strong,4,0.8093,0.5278,0.5556,1.0,1.0,1.0,cody ftai lp,zetacalo,10814 ryan street fl 0 wichita ks,10814 ryan street floor 0 wichita kansas
S1-283538618,S3-716059144,India,0.41625234484672546,Name weak / address strong,3,0.9596,0.4603,0.8462,1.0,0.0,0.0,keshavlal nirman private limited,smt irijax 8154071034,bihar gopalganj c oprabhudyal singh vill uchka ganw tola uchka ganw panch block kuchaikote,gopalganj br c oprabhudyal singh vill uchka ganw tola uchka ganw panch block kuchaikote gopalganj
S1-913972237,S3-243235979,India,0.41579869389533997,Missing address,11,0.6597,0.9515,0.0,0.0,0.0,0.0,ansha and sons co,ansha and shns co,no 2 1126 mahathma gandhi 1st main road 8th street kancheepuram kanchipuram tamil nadu,
S1-879431559,S3-555398488,US,0.4155028164386749,Other residual,4,0.7784,0.4167,0.3333,1.0,0.0,1.0,namitech,dovaonyx,223 chambers street port angeles wa,223 chambers st pt angeles washington
S1-831190330,S3-380570641,India,0.415414422750473,Address weak / name strong,4,0.9467,0.9724,0.15,1.0,0.0,0.0,taraksh india private limited,taraksh india private ltd,6th floor dpt 610 dlf prime tower f 79 and 80 okhla industrial area phase i delhi delhi new delhi delhi,th floor delhi new delhi dl
S1-239841853,S2-200144171,US,0.41511520743370056,Other residual,4,0.692,0.3907,0.4,1.0,0.0,1.0,btk interstate best inc,gildbelo,1034 cleveland avenue saint paul mn unit unit g1,1034 cleveland ave st paul mn
S1-218149338,S2-982158410,US,0.41510501503944397,Missing address,4,0.782,0.9053,0.0,0.0,0.0,0.0,nadia stanton secure meridian partners,nadia stanton secure,1811 brookdale road naperville il,
S1-324102470,S3-148957624,India,0.41493019461631775,Address weak / name strong,4,0.882,0.8703,0.2,1.0,0.0,0.0,chennai agro private limited,chennai agro agro,tamil nadu chennai no 12 140 plot no 77 west coovum river road chindadripet,h no 12 140 tn
S1-92278117,S3-382414216,US,0.4149044156074524,Missing address,5,0.7904,0.9089,0.0,0.0,0.0,0.0,jorie watson great applied llc,jorie watson great llc center,fenton mo 1621 summerpoint drive,
S1-109318786,S2-454301558,US,0.4146622121334076,Missing address,3,0.896,0.936,0.0,0.0,0.0,0.0,karilynn alvarado eqv inc,karilynn alvarado,557 50th avenue sweet home or,
S1-728239667,S2-52402849,US,0.4141217768192291,Missing address,9,0.611,0.8445,0.0,0.0,0.0,0.0,zetech interests llc,zetech llc partners,1759 dunlap street unit apartment 102 roseville mn,
S1-63591226,S3-780556156,US,0.4129798710346222,Both moderately similar,4,0.7979,0.7454,0.4,1.0,0.0,0.0,northern frontier box llc,frontiernorthern com,huntersville nc 12950 asbury chapel road,12950a asbury chapel road null huntersville north carolina
S1-39434952,S2-936243403,US,0.4119228720664978,Missing address,4,0.9528,0.9428,0.0,0.0,0.0,0.0,naor best fashion,naor best best fashion,9086 liscanor avenue mokena il,
S1-852033988,S3-797992105,India,0.41152307391166687,Both moderately similar,22,0.5817,0.7386,0.4167,1.0,0.0,1.0,super tech private limited,5uper private limited services,11 78 2g floor paamp t colony dilshukh nagar hyderabad telangana,11 78 2g floor hyderabad telmgan
S1-253811101,S2-136985855,US,0.41100525856018066,Address weak / name strong,4,0.9061,0.8993,0.2,1.0,0.0,0.0,perez mitchell and song inc,perez mitchell song inc service,35 alpine place fl floor 1 cheektowaga ny,alpine pl buffalo ny
S1-197603069,S2-996335158,US,0.4107893109321594,Missing address,3,0.8979,0.9533,0.0,0.0,0.0,0.0,apex semiconductor corporation,apex semiconductor corp,4439 halifax street mesa az,
S1-468792261,S3-379304779,India,0.4104052186012268,Both moderately similar,23,0.5171,0.8251,0.3333,1.0,0.0,0.0,star agency private limited,star private limited service id 83695,romm no 7 2a ground floor krishna building pazhiyottumuri p o vellarkkad thrissur kerala,romm no 7 2a thrissur kerlm
S1-912483404,S3-696898593,India,0.4094821512699127,Address weak / name strong,21,0.5773,0.9204,0.1765,1.0,0.0,0.0,chennai projects private limited,chennai prhtoajects private limited,k s kudil tamil nadu chennai anugraham apt 9 chelliamman colony 1st street perav allur chennai,k s kudfl chennai tmilnatu
S1-830195415,S3-837135526,US,0.4094606041908264,Other residual,24,0.7761,0.3872,0.375,1.0,0.0,0.0,pediatric specialists llc,umbranex,188 whittlesey avenue wallingford ct,wallingford center connecticut 188 whittlesey ave
S1-775731487,S2-789095426,India,0.4093463122844696,Missing address,4,0.9194,0.7706,0.0,0.0,0.0,0.0,infinity productions llp,mr infinity productions,c o bhuban kumar naskar sarmaster chak pailanhat bishnupur i south 24 parganas west bengal,
S1-80860110,S2-756116546,US,0.4090504050254822,Missing address,1,0.9257,0.9096,0.0,0.0,0.0,0.0,baker optimal crane p c,baker optimal optimal crane,3955 70 farmville al,
S1-253307936,S3-267409140,US,0.40864717960357666,Name weak / address strong,2,0.8484,0.4341,0.5,1.0,0.0,0.0,guzman school of medicine,pyradelta,8140 wind drift circle brownsburg in,814 wind drift circle brownsburg indiana
S1-314214491,S3-269945413,India,0.40845146775245667,Missing address,7,0.8276,0.9455,0.0,0.0,0.0,0.0,great foundation private limited,great foundation private limited enterprises,1403 katra jhajjar wala chandni chowk delhi,
S1-730606243,S2-479868619,US,0.4082435071468353,Address weak / name strong,3,0.7649,0.9754,0.1667,1.0,0.0,0.0,metropolitan research digital llc,metropolitan reselrch digital llc,44 moreland street unit apartment 2 buffalo ny,103 c moreland st bufflo ny
S1-766082796,S2-88862,India,0.4081290662288666,Missing address,7,0.926,0.6937,0.0,0.0,0.0,0.0,rda commodities private limited,mr rda commodities,257 anandwadi parli vaijinath beed maharashtra,
S1-176783397,S2-59921192,US,0.4071246385574341,Missing address,3,0.9496,0.9455,0.0,0.0,0.0,0.0,rimasoft pc,rimasoft,11955 german church road burr ridge il,
S1-131100655,S3-722435818,India,0.4070049822330475,Missing address,4,0.7897,0.9236,0.0,0.0,0.0,0.0,urban infra private limited,urban lnfra private limited,136 03 ghargohal pursurah hooghly west bengal,
S1-391276513,S2-18482722,US,0.4069265127182007,Name weak / address strong,4,0.8804,0.4951,0.5714,1.0,0.0,1.0,alica k obrien do,gildnovi,6743 octavia avenue chicago il,6743 6747 octavia ave chicago il
S1-763887145,S3-673549140,US,0.4065663814544678,Missing address,5,0.8996,0.9125,0.0,0.0,0.0,0.0,red diner,red diner and co,34 tannery road southwick ma,
S1-180638217,S3-452330073,US,0.40607190132141113,Missing address,2,0.7469,0.904,0.0,0.0,0.0,0.0,lindgren thompson and shoulders,lindgren thompson thompson and,in mooresville 69 main street,
S1-371934101,S2-276992238,US,0.40579402446746826,Missing address,5,0.9479,0.9247,0.0,0.0,0.0,0.0,northern gladstone llc,northern gladstone gladstone,308 camp creek drive arlington tx,
S1-487922742,S3-52294642,India,0.40572211146354675,Address weak / name strong,4,0.8324,0.9182,0.1667,1.0,0.0,0.0,grandiose law chambers,grandiose law,g 4 floor grd g block jijamata nagar hutatma ganapat kokate marg off dr e moses road worli mumbai mumbai city maharashtra,door no 27 g 4 mumbai mumbai city mh
S1-637648917,S2-675329869,US,0.4054994285106659,Missing address,7,0.8126,0.9333,0.0,0.0,0.0,0.0,american point inc,american point incorporated,2645 victory court owensboro ky,
S1-28348362,S3-842452338,India,0.4051362872123718,Address weak / name strong,7,0.8577,0.984,0.1765,1.0,0.0,0.0,future it private limited,future it praivet limited,aprajita garden block f quarter no d 3 ramnagari more ashiyana digha road patna bihar,aprajita garden mumbai patna br
S1-825588135,S3-750672747,India,0.4050200283527374,Name weak / address strong,5,0.931,0.6294,0.8,1.0,0.0,0.0,dhanesh and sons private limited,sonsdhanesh com,shop no 24 ground floor chhatrapati shivaji maharaj vyapari sank ul rajuri pune maharashtra,shop no 24 ground floor chhatrapati shivaji maharaj vyapari sank rajuri pune mharastr
S1-703193131,S3-126011320,US,0.40426623821258545,Transliteration / phonetic variation,9,0.7735,0.8846,0.25,1.0,0.0,0.0,carmelina s innovative advisors,carmelina s advisors service,40339 waterview drive mechanicsville md,waterview dr null mechanicsville maryland
S1-971514026,S2-690721014,US,0.40364179015159607,Missing address,1,0.7097,0.843,0.0,0.0,0.0,0.0,bodden stock llc,bodden llc partners,860 riley town road garland nc,
S1-113320920,S3-623157015,India,0.4034333825111389,Name weak / address strong,3,0.9309,0.5136,0.5833,1.0,0.0,0.0,kct and co private limited,vantagearc,west bengal aturia north 24 parganas kolkata parganas north c 88,kolkata a 23 c 88 wb aturia north 24 parganas parganas north
S1-220206991,S3-384872895,India,0.403178334236145,Name weak / address strong,3,0.9419,0.6283,0.875,1.0,0.0,0.0,taksha visa private limited,visataksha com,no 102 1st main road 2nd cross bm kaval new byapanahalli extension bengaluru bangalore karnataka,no 102 1st main road 2nd cross bm kaval new byapanahalli extension bengaluru bangalore krnatk
S1-130553876,S3-108385086,India,0.40313634276390076,Missing address,3,0.9161,0.8815,0.0,0.0,0.0,0.0,real energy private limited,real energy,dayanand nagar lane no 2 lawrence road amritsar 53 e punjab,
S1-102628982,S3-56533698,India,0.4025353789329529,Missing address,1,0.9571,0.9304,0.0,0.0,0.0,0.0,syntax services pvt ltd,syntax services,sec no 32a pl no 1 2 pavani pride shop 2a ground floor ravet pune city pune maharashtra,
S1-129374695,S2-985844695,US,0.4013364911079407,Transliteration / phonetic variation,5,0.6582,0.8438,0.5,1.0,0.0,0.0,gatti heartland guardian llc,gattl heartland,1229 29th street fort dodge ia,001229 29nd street fort dodge ia
S1-329864434,S2-770148827,US,0.40106913447380066,Name weak / address strong,5,0.8179,0.5814,0.6,1.0,0.0,0.0,big bear lake regional chiropractic llc,bearlake com,41935 switzerland drive unit unit 43 big bear lake ca,0041935 switzerland drive big bear lake ca
S1-32178247,S2-9512827,India,0.4007633924484253,Missing address,3,0.9179,0.8279,0.0,0.0,0.0,0.0,chaudhuri holiday private limited,m s chaudhuri holiday priate limited,flat no 213 214 sagar view complex liberty himayathnagar hyderabad telangana,
S1-220871273,S2-292560579,US,0.4006350040435791,Missing address,4,0.804,0.9182,0.0,0.0,0.0,0.0,alegria royal imperial,alegria royal,2819 gruber drive memphis tn,
S1-183151327,S3-359244765,India,0.4005874991416931,Address weak / name strong,28,0.6616,0.9168,0.1818,1.0,0.0,0.0,raj services private limited,raj srvisej praivet limited,11 shubham complex talegaon dabhade talegaon station talegaon maharashtra,block f 92 11 talegaon mh
S1-183151327,S3-955726690,India,0.4005874991416931,Address weak / name strong,27,0.6616,0.9168,0.1818,1.0,0.0,0.0,raj services private limited,raj srvisej praivet limited,11 shubham complex talegaon dabhade talegaon station talegaon maharashtra,block f 92 11 talegaon mh
S1-663369944,S3-392705026,US,0.4004432260990143,Name weak / address strong,3,0.8888,0.5602,0.6667,1.0,0.0,1.0,maurer horizon globa llc,ghmaurer com,3235 bond special road van buren ar,3235 bond special road null van buren arkansas
S1-226098200,S3-634415771,India,0.4003028869628906,Transliteration / phonetic variation,5,0.9755,0.7414,0.125,1.0,0.0,0.0,hollyhock agro india private limited,private hollyhock agro india ltd,241 patel nagar ambala city ambala haryana,242 ambala hriyana
S1-437108561,S3-257996817,India,0.40019887685775757,Other residual,8,0.7245,0.6024,0.2857,1.0,0.0,0.0,bd innovation pvt ltd,ltd bd pvt center,building c ram mandir road goregaon w nr singh e state no 2 mumbai city maharashtra 302 sunteck city avenue 1 mumbai,302 sunteck city avenue 1 mumbai mumbai city mh
S1-113922315,S3-341603717,India,0.3997361958026886,Other residual,22,0.5703,0.8505,0.4167,1.0,0.0,0.0,vision jain finance private limited,vijn jain phainems praivet limited,h no 694 shivam corp vadu navghar village bhiwandi thane maharashtra,h no 694 bhiwandi thane mh
S1-502101539,S3-60958937,India,0.39953652024269104,Missing address,6,0.9122,0.9054,0.0,0.0,0.0,0.0,dream finance private limited,dream finance finance private ltd,dss 155 sector 7 karnal haryana,
S1-232863327,S2-42691251,US,0.39941105246543884,Missing address,4,0.8083,0.9097,0.0,0.0,0.0,0.0,complete business international,complete business,1026 sherwood road shoreview mn,
S1-724116571,S2-295340011,India,0.39885231852531433,Missing address,5,0.9186,0.8156,0.0,0.0,0.0,0.0,digital projects private limited,dr digital projects private ltd,67 chamibers road madras 2867 chamibers road madras 28 67 chamibers road madras 28 67 chamibers road madras 28 tamil nadu,
S1-643148292,S2-196011983,US,0.3987274467945099,Name weak / address strong,7,0.8471,0.412,0.5556,1.0,1.0,1.0,7 corners,tavoflux,17930 forest cedars drive houston tx,17930 forest cedars drive n a hoston tx
S1-948907477,S3-292369473,India,0.398509681224823,Address weak / name strong,4,0.9658,0.9714,0.1364,1.0,0.0,0.0,vikas growth private limited,vikas growth private ltd,office no 604 level 6 jeevan heights plot no 53 3 thorat colony s no 110 erandawane pune maharashtra,office no 6 04 poona bhandarkar road mh
S1-844191223,S3-400515191,India,0.3979876935482025,Transliteration / phonetic variation,5,0.9078,0.7219,0.1429,1.0,0.0,0.0,candid smart private limited,shri candid smart private,house 26 old agra road kurla 70 as opp bahrat cinema near canara bank kurl a w mumbai mumbai city maharashtra,house 26 mumbai mh
S1-352959987,S3-54295744,India,0.3976573348045349,Missing address,7,0.7249,0.9446,0.0,0.0,0.0,0.0,nimkathana bullion pvt ltd,nimkathana blulidn pvt ltd,shop no 101 geedawala nimkathana sikar rajasthan,
S1-784490983,S2-534232183,US,0.39758074283599854,Missing address,5,0.8728,0.9357,0.0,0.0,0.0,0.0,gaetano academy inc,gaetano academy incorporated,336 reflection parkway fuquay varina nc,
S1-854978322,S3-883798376,US,0.39726465940475464,Missing address,4,0.777,0.95,0.0,0.0,0.0,0.0,cornerstone ace snow,cornerstone ace,13 bradshaw court silver spring md,
S1-749517423,S3-999074867,US,0.3972230851650238,Missing address,7,0.7517,0.9357,0.0,0.0,0.0,0.0,brightos design inc,brightos design inc id 90615,961 swansie shepherd road lansing nc,
S1-890554190,S3-617027970,India,0.3966466188430786,Address weak / name strong,2,1.0,1.0,0.1739,1.0,0.0,0.0,great food private limited,great food private limited,times square 7th and 8th floor cts 349 and 349 1 w e highway nr sai service andheri ea st mumbai mumbai city maharashtra,times square null mumbai mumbai city mh
S1-678639450,S3-966995692,US,0.39663010835647583,Missing address,3,0.9378,0.8874,0.0,0.0,0.0,0.0,foot and ankle safe clinic corp,foot ankle safe clinic,w5063 valley creek road town of fond du lac wi,
S1-864891479,S3-916897291,US,0.3964499533176422,Address weak / name strong,4,0.9835,0.9652,0.0769,1.0,0.0,1.0,rose great sciences llc,rose great sciences,6457 vair road ravenna oh,6457 vdir rd po box 1751 freedom twp ohio
S1-990190853,S3-255534602,US,0.3961881697177887,Missing address,9,0.9668,0.9333,0.0,0.0,0.0,0.0,24hr locksmith,24hr locksmith and co,933 24th avenue tuscaloosa al,
S1-114218119,S2-658377797,US,0.3948518931865692,Missing address,28,0.4201,0.9549,0.0,0.0,0.0,0.0,vision classic specialists,vision cclagssci specialists,12927 sol peoria az,
S1-342014589,S3-175914814,US,0.3947852849960327,Missing address,6,0.8852,0.9176,0.0,0.0,0.0,0.0,corner pub,corner pub center,319 blackhawk drive spokane wa,
S1-542833452,S2-510079946,India,0.3940901756286621,Missing address,3,0.9229,0.9,0.0,0.0,0.0,0.0,matrubhoomi india services limited,matrubhoomi india,1st floor no 31 a jawaharlal nehru salai ekkatuthangal chennai tamil nadu,
S1-619944986,S2-126098740,India,0.39380714297294617,Missing address,6,0.9195,0.7402,0.0,0.0,0.0,0.0,sree builders private limited,dr sree builders private,no 23 shop no 7 cholambedu main road thirumullaivoyal chennai tamil nadu,
S1-58083633,S3-904841811,India,0.3935893774032593,Missing address,3,0.9564,0.9304,0.0,0.0,0.0,0.0,sushila trading pvt ltd,sushila trading,a 2 1403 14th floor tower a 2 gardenia glory noida sector 46 noida gautam buddha nagar uttar pradesh,
S1-136588069,S2-240471142,US,0.39341405034065247,Missing address,4,0.7791,0.9522,0.0,0.0,0.0,0.0,gwendolin pierce pioneer automobile,gwendolin pierce pioneer automobile 2898775330,1003 sullivant avenue columbus oh,
S1-925620018,S3-964245683,India,0.39337581396102905,Both moderately similar,9,0.747,0.751,0.4444,1.0,0.0,0.0,perfect consultants,shri perfect c0nsultants,b 253 first floor sudershan park new delhi delhi,dl new delhi b 253 new delhi
S1-184844842,S2-83032724,US,0.3929949700832367,Name weak / address strong,4,0.8642,0.6167,0.6667,1.0,0.0,0.0,medina total vendome llc,tvmedina com,547 livingston avenue indianapolis in,547c livingston avenue indianapolis in
S1-222969321,S2-841473451,India,0.3929884135723114,Name weak / address strong,12,0.7511,0.6279,0.5385,1.0,0.0,0.0,galaxy food private limited,kelksi kput piraivet limitet,lakshmi nilayam no 19a 28 duraiarasan street saligramam chennai city corporation chennai tamil nadu,lakshmi nilayam chennai chennai city corporation tamil nadu
S1-409606298,S3-248516827,US,0.39230385422706604,Address weak / name strong,6,0.89,0.928,0.1,1.0,0.0,0.0,complete pacific partners,complete pacific,230 8th street charlotte nc,730 eighth st charlotte north carolina
S1-208735554,S2-784323188,US,0.3921186029911041,Both moderately similar,10,0.6043,0.8337,0.3333,1.0,0.0,0.0,lyryn exploration,lyryn center,995 260th street new prague mn,957 260rd street new prauge mn
S1-420186323,S3-859178987,US,0.3917178809642792,Missing address,10,0.7923,0.9278,0.0,0.0,0.0,0.0,hunger association corp,hunger association trading,2330 vehicle drive unit apt 87 rancho cordova ca,
S1-234859097,S2-901554907,India,0.39163291454315186,Other residual,24,0.4866,0.5935,0.3,1.0,0.0,0.0,indian consultancy,imdiyn knsltensi,1484 karnataka bangalore hullahally cross begur koppa road electronics city,karnataka bangalore 1484
S1-517242001,S3-662485792,India,0.3905078172683716,Other residual,23,0.4013,0.8438,0.1875,1.0,0.0,0.0,seven enterprises private limited,sevn emtrpraijej praivet limited,10 c o pushpender rana shakumbari devi road behat saharanpur uttar pradesh,block d 00519 10 behat saharanpur up
S1-496633725,S3-16427545,US,0.39046478271484375,Other residual,3,0.9106,0.4496,0.4286,1.0,1.0,0.0,martinez airlines,drexbelokor,11323 hillcroft avenue houston tx,texas houston 11323 hillcroft ave
S1-638037343,S3-826058565,India,0.3904598355293274,Other residual,2,0.7929,0.6027,0.1111,1.0,0.0,1.0,lcs group,lcs limited,41 floor 4 plot 759 9 shyam niwas bhulabhai desai road cumballa hill mumbai mumbai city maharashtra,41 mumbai null mh
S1-736959599,S3-245233166,US,0.3884710669517517,Missing address,5,0.8538,0.928,0.0,0.0,0.0,0.0,morgan certified five llc,morgan certified,58 bogue avenue batavia ny,
S1-428971409,S3-28755714,US,0.387571781873703,Missing address,9,0.9487,0.9333,0.0,0.0,0.0,0.0,little pilates,little pilates and co,5851 mt baker highway deming wa,
S1-972152976,S3-28248328,India,0.38756123185157776,Both moderately similar,6,0.7459,0.8409,0.3077,1.0,0.0,0.0,anc seva samiti,m s anc 5eva samiti,bangalore north bangalore karnataka flatno 04 century chimes no 25 2nd cross,door no 04 bangalore ka bangalore north
S1-439291961,S2-162863391,India,0.38743966817855835,Missing address,12,0.6592,0.9468,0.0,0.0,0.0,0.0,services srivatsa cables limited,services srivatsa cab1es ltd,219 jamrudpur new delhi south delhi delhi,
S1-704748979,S3-499276089,US,0.3872888684272766,Address weak / name strong,6,0.7584,0.9033,0.2222,1.0,0.0,0.0,netech family office llc,netech family llc center,755 durand road beekmantown ny,55 durand road plattsburgh new york
S1-979186790,S3-439822900,India,0.3868938684463501,Missing address,7,0.8411,0.9455,0.0,0.0,0.0,0.0,dream properties private limited,dream properties private limited enterprises,flat no 1107 fiorello nahar amritshakti chandivali andheri e mumbai mumbai city maharashtra,
S1-853405823,S3-357692955,US,0.38645055890083313,Missing address,7,0.939,0.9561,0.0,0.0,0.0,0.0,mullinax colon and rodriguez inc,mullinax colon and rodriguez inc services,36998 state highway 31 mccurtain ok,
S1-269735063,S2-287788359,India,0.3859494626522064,Missing address,3,0.8177,0.8998,0.0,0.0,0.0,0.0,road land private limited,road land limited services,plot no 1 a mohite industrial estate near amitahsa enterprises midc hingna road nagpur maharashtra,
S1-78287168,S2-806729534,India,0.3854362368583679,Other residual,6,0.7347,0.6377,0.4615,1.0,0.0,0.0,my infra pvt ltd,may imphra pra li,16 12 basement araya samajh road karol bagh new delhi central delhi delhi,h no 16 12 basement new delhi central delhi delhi
S1-540513864,S3-280999349,India,0.3854160010814667,Address weak / name strong,3,0.9787,0.9467,0.1875,1.0,0.0,0.0,aditanth stone private limited,aditanth stone private,indhana bhavana 4th floor no 54 devaraju urs road race course road bangalore north bangalore karnataka,indhana bhbvana bangalore north bangalore ka
S1-575015030,S3-848855862,US,0.385393351316452,Both moderately similar,5,0.803,0.8333,0.4,1.0,0.0,0.0,kestyx bny,kestyx services,az san tan valley 1956 san tan hills drive,1955 san tan hills dr san tan valley arizona
S1-27105349,S3-361922062,US,0.3853547275066376,Missing address,2,0.8859,0.9103,0.0,0.0,0.0,0.0,stephens capital partners llc,stephens capital,114 milton street east germantown in,
S1-413286262,S3-75957716,India,0.3850947320461273,Name weak / address strong,1,0.9252,0.4798,0.7,1.0,0.0,0.0,sai finance,jaxavi,vellore 46 kasikara st nellorepet na g tamil nadu vellore,46 kasikara st nellorepet na g vellore tn
S1-991185795,S3-949043171,India,0.38449230790138245,Missing address,4,0.8913,0.8541,0.0,0.0,0.0,0.0,wild india entertainment co,wild entertainment co services,201 2nd floor jingle heights bangalore north bangalore karnataka,
S1-901683562,S3-602841300,US,0.38434669375419617,Missing address,5,0.8346,0.9579,0.0,0.0,0.0,0.0,vision center of arlington llc,vision center of arlington llc council,8319 wesson road arlington tx,
S1-228913330,S2-762659768,US,0.3840835392475128,Missing address,15,0.5946,0.9217,0.0,0.0,0.0,0.0,mdo antimony inc,mdo anntimny inc,57 south street vernon ct,
S1-507634901,S3-575749801,India,0.3839259147644043,Other residual,3,0.9067,0.7706,0.1429,1.0,0.0,0.0,first india projects llp,mr first india projects,duplex4 essen residency 2 daruthenga road bhubaneswar khordha orissa,h no 971 duplex4 khordha od isa
S1-622619991,S3-161435706,India,0.3838020861148834,Address weak / name strong,5,0.9652,0.9789,0.1667,1.0,0.0,0.0,aspiration consultancy private limited,aspiration consultancy private ltd,no 56 6th cross shanthi layout rammurthy nagar bangalore karnataka,56 bengaluru bangalore krnatk
S1-610572450,S3-144898082,US,0.3832396864891052,Missing address,7,0.8384,0.8949,0.0,0.0,0.0,0.0,business asset international inc,business international inc center,2010 bridge court crosby tx,
S1-934780382,S3-163159662,US,0.3829878866672516,Address weak / name strong,2,0.9839,0.9769,0.0909,1.0,0.0,0.0,horizon freight systems,horizon freight systems co,165 valley street sleepy hollow ny,65 valley saint tarrytown new york
S1-452238619,S3-188124235,US,0.38284581899642944,Missing address,9,0.9247,0.7113,0.0,0.0,0.0,0.0,veterans society,the veterans society society,1626 2200 layton ut,
S1-891934600,S3-33332403,US,0.3826945424079895,Address weak / name strong,7,0.8091,0.925,0.2222,1.0,0.0,0.0,hernandez and burgin managed inc,hernandez and burgin,36671 phillips street kenai peninsula borough ak,phillips st kenai alaska
S1-982797775,S3-140434184,India,0.3822993338108063,Missing address,11,0.7413,0.9374,0.0,0.0,0.0,0.0,sunaina dew private limited,sunaina dew prooae limited,18 rabindra sarani poddar court 5th floor room no a1 gate no 3 kolkata kolkata howrah west bengal,
S1-631400054,S2-621995788,India,0.3822941482067108,Both moderately similar,22,0.5207,0.7146,0.3846,1.0,0.0,0.0,east technology private limited,ist teknalji piraivet limitet,s fno 68 1d pothigai garden s g pudur sulur coimbatore tamil nadu,coimbatore s fno 68 1d coimbatore tmilnatu
S1-151260820,S2-541099751,India,0.38173532485961914,Transliteration / phonetic variation,10,0.8428,0.7323,0.75,1.0,0.0,0.0,jai engineering private limited,jy injiniy arim praibhet limited,c o biswajit mondal tarapur ranaghat nadia ranaghat i nadia west bengal,block c 151 c o biswajit mondal ranaghat i nadia west bengal
S1-151260820,S2-747454385,India,0.38173532485961914,Transliteration / phonetic variation,9,0.8428,0.7323,0.75,1.0,0.0,0.0,jai engineering private limited,jy injiniy arim praibhet limited,c o biswajit mondal tarapur ranaghat nadia ranaghat i nadia west bengal,block c 151 c o biswajit mondal ranaghat i nadia west bengal
S1-475596353,S3-838060867,US,0.3805934190750122,Both moderately similar,6,0.7734,0.7062,0.3,1.0,0.0,0.0,industrial freight international inc,freightinternational com,66 harrison avenue staten island ny,36 harrison ave staten island new york
S1-206075043,S3-942525594,India,0.3804704248905182,Missing address,7,0.6778,0.9206,0.0,0.0,0.0,0.0,ke estates private limited,ke estatbs private limited,22 3 524 525 mangaluru thota 335b mahakali padpu road residential cross road 3 new bunglow morgansgate mangalore dakshina kannada karnataka,
S1-315343654,S2-58882557,India,0.3803161084651947,Name weak / address strong,6,0.9058,0.4593,0.7,1.0,0.0,0.0,mg trading pvt ltd,mr veoriza,a 6 commercial estatecivil township rourkela sundargarh orissa,a 6 2 commercial estatecivil township sundargarh rourkela odisha
S1-45264948,S2-201844166,India,0.37958016991615295,Transliteration / phonetic variation,4,0.8002,0.7146,0.5714,1.0,0.0,1.0,good clinic,mr good cloc,15 new delhi delhi jangpura road bhogal,15 jangpura road bhogal dilli
S1-400644074,S3-519775920,US,0.37875035405158997,Other residual,3,0.7238,0.9095,0.25,1.0,0.0,0.0,united federal bsp,united federal center,336 geneva avenue bellwood il,geneva ave bellwood cdp illinois
S1-332633797,S3-120094780,India,0.37846413254737854,Name weak / address strong,2,0.9915,0.6811,0.8824,1.0,0.0,0.0,future construction private limited,phyucr kmstrksn praivet limited,bihar w o ashok bhuiya vill karmi po rafiganj ps rafiganj hno 10 near of school vill aurangabad karmi po ps rafiganj,w o ashok bhuiya vill karmi po rafiganj ps rafiganj hno 10 ner of school vill karmi po ps rafiganj aurangabad bihar
S1-788471029,S3-856623740,US,0.3781861364841461,Name weak / address strong,2,0.8975,0.0,0.6,1.0,0.0,0.0,el xflh inc,pyraquo,n10150 18th avenue town of necedah wi,n10150 1 2 18th avenue town of necedah wisconsin
S1-918473329,S3-875145128,India,0.37733614444732666,Other residual,4,0.9139,0.7972,0.1875,1.0,0.0,0.0,chakra welfare society,smt chakra welfare society corp,shop no 58 loft mezzanine floor new link road andheri west mumbai maharashtra,a 58 loft mumbai navi mumbai mh
S1-157003425,S3-279154080,US,0.3767671585083008,Both moderately similar,21,0.6995,0.765,0.4286,1.0,0.0,0.0,anchor,aoorh,86 allan street marshfield ma,marshfield massachusetts 0086 allan street
S1-323459647,S3-750639212,US,0.3767121732234955,Address weak / name strong,2,1.0,1.0,0.1,1.0,0.0,0.0,annamaria romero ridge electronics inc,annamaria romero ridge electronics inc,25502 161st avenue covington wa,161th ave pmb 4511 covington washington
S1-567502415,S3-547206841,India,0.37664130330085754,Other residual,21,0.5246,0.887,0.2778,1.0,0.0,0.0,trishul power public limited,trishul p0wer pubiboc pubiboc limited,c o smt raunaque khatoon vill hinduni tola gyas n patna sadar patna bihar,h no 464 c o smt raunaque khatoon phulwarisharif br
S1-902227276,S3-927667792,US,0.376424103975296,Missing address,2,0.9252,0.8825,0.0,0.0,0.0,0.0,symons and romero lp,symons romero romero lp,650 dekalb street unit 1418 auburn al,
S1-823335612,S3-822150266,US,0.3762263357639313,Missing address,5,0.9538,0.9238,0.0,0.0,0.0,0.0,elliott and smith llc,elliott smith,12506 31st street vancouver wa,
S1-208835275,S3-650884645,India,0.37586265802383423,Both moderately similar,4,0.6843,0.8281,0.2941,1.0,0.0,0.0,qgi producer,qgi center,tamil nadu s s colony 5th street subramaniya pillai street ponmeni madurai south madurai door no 36 2,madurai madurai south tn dor no 36 2
S1-216260895,S3-980931141,India,0.3758510649204254,Other residual,4,0.7781,0.7489,0.5,1.0,0.0,0.0,computer institute,smt c0mputer institute,karnataka next brigade towers bangalore gf 7 business pointbrigade road,gf 7 business pointbrigade road bangalore urban krnatk
S1-326429688,S2-84130992,India,0.37528491020202637,Missing address,4,0.9054,0.7639,0.0,0.0,0.0,0.0,varun foundation pvt ltd,smt varun foundation pvt limited,f1 a block no 228 sri sai baba flats 1st street bhagyalakshmi nagar s kolathur chennai kancheepuram tamil nadu,
S1-213155311,S3-843011464,US,0.37432560324668884,Address weak / name strong,4,0.8074,0.9309,0.1818,1.0,0.0,0.0,cecile gutierrez dynamic grupo,cecile gutierrez dynamic services,1911 jackson avenue unit apartment 36f tulsa ok,1911b jackson ave tulsa oklahoma
S1-307247548,S3-782505946,US,0.3742823004722595,Transliteration / phonetic variation,21,0.4944,0.8384,0.1111,1.0,0.0,0.0,wall legacy auto glass inc,walllegacyauto com,705 bower street knox in,00705 bower st knnox indiana
S1-643853121,S3-2268407,India,0.37325748801231384,Both moderately similar,12,0.7882,0.6535,0.4545,1.0,0.0,0.0,bright consultancy private limited,brairr knslttnsi praivrr limirrd,69 1854 a1 srm road kaloor kochi kochi ernakulam kerala,no 69 1854 a1 ernakulam kochi kl
S1-603153630,S3-412389293,US,0.37313953042030334,Missing address,1,0.7952,0.9105,0.0,0.0,0.0,0.0,automated engineering technologies llc,automated engineering,charleston 1588 lee street wv unit apt c,
S1-408120041,S3-290333852,India,0.3730468451976776,Both moderately similar,24,0.648,0.661,0.3636,1.0,0.0,0.0,great foundation,gret phaumdesn,569 165 ka bara birwa kanpur road lucknow uttar pradesh,lucknow 569 165 ka up
S1-224938273,S3-676128131,US,0.3718129098415375,Address weak / name strong,3,0.8707,0.9143,0.1667,1.0,0.0,0.0,vantify hologram,vantify hologram corporation,285 5th bogata tx,fifth bogata texas
S1-764940023,S3-244336,US,0.37178510427474976,Both moderately similar,16,0.5899,0.7832,0.25,1.0,0.0,0.0,prime consumer associates llc,llc prime consaumre associates,733 3 street salem oh,0733 3 st salem ohio
S1-205354229,S2-676535899,US,0.3717115521430969,Missing address,3,0.8422,0.9478,0.0,0.0,0.0,0.0,neeley zirkle and mccoy,neeley zirkle and,4028 angela drive phoenix az,
S1-523646312,S3-648245288,US,0.37134671211242676,Missing address,3,0.948,0.925,0.0,0.0,0.0,0.0,quach rush l l c,quach rush,6641 pine lake drive tinley park il,
S1-882619357,S3-549869007,US,0.37111896276474,Missing address,3,0.8213,0.9281,0.0,0.0,0.0,0.0,brittani s cascade hair studio,brittani s cascade hair partners,838 14th street quincy il,
S1-956159821,S3-405549412,India,0.37106969952583313,Address weak / name strong,6,0.954,0.8897,0.1364,1.0,0.0,0.0,lentils chain private limited,lentils chain,mumbai city mumbai floor 2 plot 86 harkuwarbhai chawl bhaskarbhuwa bakhale path mugbhat x lane thakurdwar g irgaon 7 maharashtra,7 greater bombay mumbai city mh
S1-160180690,S3-187891615,US,0.37081658840179443,Missing address,4,0.6865,0.9231,0.0,0.0,0.0,0.0,pinnacle desert aberdeen,pinnacle desert aberdeen inc 1558111964,461 maple avenue carpentersville il,
S1-468494550,S3-136411995,US,0.37055206298828125,Both moderately similar,3,0.7179,0.6814,0.2727,1.0,0.0,0.0,lay halverson and reinhart transportation,layhalversonreinhart com,6031 bacarra lane unit 204 raleigh nc,204 north carolina 6031 bacarra ln raaleigh
S1-192512459,S3-998740864,India,0.3702562153339386,Missing address,3,0.8119,0.8624,0.0,0.0,0.0,0.0,tejiya media pvt ltd,tejiya pvt ltd center,a 115 2nd floor vikas marg shakarpur delhi,
S1-353791503,S3-780165223,India,0.36965489387512207,Missing address,7,0.9096,0.904,0.0,0.0,0.0,0.0,bangalore academy pvt ltd,bangalore academy academy,no 96 3rd floor 3rd main 10th cross lakshmaiah block ganganagar bangalore karnataka,
S1-831190330,S3-781031804,India,0.36933064460754395,Transliteration / phonetic variation,2,1.0,0.7772,0.15,1.0,0.0,0.0,taraksh india private limited,private taraksh india limited,6th floor dpt 610 dlf prime tower f 79 and 80 okhla industrial area phase i delhi delhi new delhi delhi,th floor new delhi delhi dl
S1-680224645,S3-250014946,India,0.3691263496875763,Missing address,22,0.6039,0.8306,0.0,0.0,0.0,0.0,lakshya companion limited,lakshya limited services,15 western avenue sainik farm khanpur new delhi delhi,
S1-315872394,S3-331015938,India,0.3686126470565796,Address weak / name strong,1,1.0,1.0,0.1176,1.0,0.0,0.0,big black software private limited,big black software private limited,d no 132 40 mahatma gandhi inner ring road phase i reddypalem guntur andhra pradesh,0132 40 guntur ap
S1-518192089,S3-127685814,India,0.368478000164032,Address weak / name strong,7,0.7682,0.9714,0.15,1.0,0.0,0.0,mumbai international private limited,mumbai international private limited 52663,723a opp kia park prathmesh complex veera desai road extension andheri w mumbai mumbai city maharashtra,block f d 956 723a mumbai city mh
S1-255655517,S2-338808147,US,0.3674756586551666,Missing address,6,0.8675,0.9241,0.0,0.0,0.0,0.0,pediatric pinnacle clinic inc,pediatric pinnacle,8466 bel air road casa grande az,
S1-572871181,S3-548856449,India,0.3674503564834595,Missing address,2,0.9128,0.7509,0.0,0.0,0.0,0.0,matarani media,smt matarani media limited,door no1662 70 6th cross siddaveerappa extension davangere davanagere karnataka,
S1-768534635,S2-626226436,India,0.3668980896472931,Missing address,2,0.9358,0.782,0.0,0.0,0.0,0.0,ashoka technologies private limited,mr ashoka technologies private ltd,road no u 25 dlf iii vpo nathupur gurgaon haryana,
S1-624645672,S2-695439014,India,0.36681729555130005,Missing address,1,0.9376,0.8796,0.0,0.0,0.0,0.0,js clinic,mr js clinic,ground floor 8 1 523 126 brindavan colony tolichowki hyderabad telangana,
S1-225597437,S2-5068186,India,0.36623403429985046,Name weak / address strong,4,0.9485,0.5519,0.6667,1.0,0.0,0.0,natkhat foundation,smt natkhat services,h no 248 gahira part police station khorabar gorakhpur uttar pradesh,24 gahira part police station khorabar gorakhpur uttar pradesh
S1-268527348,S3-979851529,US,0.36606156826019287,Address weak / name strong,3,0.6735,0.9156,0.2,1.0,0.0,0.0,anwar and jackson compass,anwar and jmllson compass,419 high street east haven ct,0419 high saint new haven connecticut
S1-447656821,S3-368839840,US,0.36565759778022766,Missing address,25,0.5745,0.9294,0.0,0.0,0.0,0.0,physical therapy great specialists,physical therapy great,47 meadow road plymouth ma,
S1-194175577,S3-817189553,US,0.3656531274318695,Missing address,8,0.7196,0.8657,0.0,0.0,0.0,0.0,desert allied sea,desert sea center,2209 ivanhoe street fl 1 chandler az,
S1-442397151,S3-302226511,India,0.36537614464759827,Both moderately similar,5,0.7753,0.7956,0.3333,1.0,0.0,0.0,roopansh solutions private limited,private roopansh solubtions limited,maharashtra garden lane sher e punjab soc 29 5 lotus building mumbai andheri east,29 5 lotus building mumbai mh
S1-754538824,S3-202490279,India,0.36531534790992737,Name weak / address strong,4,0.7812,0.4182,0.6667,1.0,0.0,0.0,dxs acres private limited,novisolkelo,d no 73 121 122 vrr colony cuddapah andhra pradesh,amdhrprdes kadapa vrr colony d no 73 121 122 cuddapah
S1-723597800,S2-273481546,India,0.3646787703037262,Name weak / address strong,2,0.8928,0.6932,0.6154,1.0,0.0,0.0,kandhan agency private limited,smt kandhan a6ency private,k v rangareddy meenakshi bamboos hyderabad p no 53 seri lingampally telangana,p no 53 meenakshi bamboos hyderabad seri lingampaldy telangana
S1-110016807,S3-911837070,US,0.36455976963043213,Missing address,2,0.8548,0.9231,0.0,0.0,0.0,0.0,bass decker and marrone south llc,bass decker and marrone llc services,13181 collier road greenfield oh,
S1-458534248,S3-466716372,US,0.3643687665462494,Missing address,7,0.6437,0.8962,0.0,0.0,0.0,0.0,quantis science llc,quantis llc center,2814 highway 82 crossett ar,
S1-490649700,S2-366716660,US,0.36376580595970154,Other residual,10,0.636,0.8885,0.3,1.0,0.0,0.0,bender committee,bender center,6060 main street unit apartment 115 fridley mn,606 main st fridley mn
S1-562372882,S3-980663912,India,0.3637252151966095,Both moderately similar,4,0.7927,0.7781,0.3125,1.0,0.0,0.0,tech infra private limited,sri tech infra private ltd,no 953 ground floor tvs avenue anna nagar west extn chennai 600 101 chennai tamil nadu,no 953 chennai 600 101 chennai tn
S1-750424206,S3-653803795,US,0.3632320761680603,Name weak / address strong,4,0.8852,0.5751,0.625,1.0,0.0,0.0,keystone hyperliquid l l c,ectoevo,460 bielby road fl 0 lawrenceburg in,bielby road fl 0 lawrenceburg indiana
S1-274143947,S2-906583231,India,0.36256054043769836,Transliteration / phonetic variation,10,0.699,0.8,0.5,1.0,0.0,0.0,guru media limited,6uru media,bawa singh beant nagar tehsil ajnala amritsar punjab,bawa singh amritsar punjab
S1-453861652,S2-801301955,US,0.36124929785728455,Missing address,1,0.9028,0.9333,0.0,0.0,0.0,0.0,emogene gonzalez brc llc,emogene gonzalez,502 townehouse drive brookhaven ny,
S1-93573116,S2-189221664,US,0.36122816801071167,Missing address,2,0.8407,0.8853,0.0,0.0,0.0,0.0,veneziano advanced alibaba inc,veneziano alibaba inc services,350 t peeksin lane shelton wa,
S1-599898690,S3-177441000,US,0.35991010069847107,Missing address,14,0.8735,0.8774,0.0,0.0,0.0,0.0,urban tavern,urban tavern tavern corporation,1009 mississippi street south houston tx,
S1-926729795,S3-324982366,US,0.3593297004699707,Missing address,2,0.7386,0.913,0.0,0.0,0.0,0.0,premier prime scuti llc,premier prime,4738 hersand court prince william county va,
S1-450795785,S2-821961190,US,0.3592820465564728,Other residual,6,0.6588,0.8579,0.375,1.0,0.0,0.0,peterson and johnson land inc,peters0n and johnson,2943 111th avenue e tulsa ok,111rd ave e tulsa ok
S1-310414552,S2-980304999,US,0.3588747978210449,Other residual,21,0.6779,0.8902,0.25,1.0,0.0,0.0,red book store,red b0ok store corp,23 dublin lane owensboro ky,0023 dublin ln owensbboro ky
S1-689864586,S3-873893612,India,0.358617901802063,Missing address,7,0.8366,0.9199,0.0,0.0,0.0,0.0,jay consultancy private limited,jay consultancy limited services,prop no 1202 a baya pass rod santrampur panch mahals gujarat,
S1-785199002,S3-515230477,India,0.3585169017314911,Name weak / address strong,5,0.9897,0.5794,0.8889,1.0,0.0,1.0,bright consultants,consultantsbright com,6477 idgah road quresh nagar sadar bazar delhi,6477 sadar bazar delhi dl idgah road quresh nagar
S1-299561751,S2-350808139,US,0.35805609822273254,Missing address,5,0.9572,0.9158,0.0,0.0,0.0,0.0,ehlert and pell inc,ehlert pell,329 covington court plano tx,
S1-921781277,S2-169166910,US,0.3579871952533722,Missing address,5,0.7071,0.9,0.0,0.0,0.0,0.0,haney regional greenfire inc,haney regional,3222 red bird lane grapevine tx,
S1-470435642,S3-300949729,US,0.3579629361629486,Name weak / address strong,6,0.8374,0.6103,0.5556,1.0,0.0,1.0,stacey s custom hypnosis,schypnosis com,930 white oak drive oxon hill md,930 white oak dr oxon hill maryland
S1-853662249,S3-271162500,US,0.3579607605934143,Missing address,16,0.8176,0.92,0.0,0.0,0.0,0.0,bright pizza,bright pizza trading,torrington ct 150 roberts street,
S1-579661778,S3-407378835,India,0.3571804165840149,Both moderately similar,8,0.748,0.8471,0.3333,1.0,0.0,0.0,amma and brothers,amma,d 56 mahesh nagar ward no 15 jaipur rajasthan,dor no 660 d 56 jaipur rj
S1-52993375,S2-185545038,India,0.35644829273223877,Both moderately similar,22,0.5519,0.6753,0.3571,1.0,0.0,0.0,first tech pvt ltd,phrst tek pra li,gt 1 pl10 nr durga mata mandir ap kasurdi khedeba bhor pune maharashtra,gt 1 pl10 bhor pune mharastr
S1-359560080,S2-635168794,US,0.3556605875492096,Missing address,8,0.8487,0.95,0.0,0.0,0.0,0.0,interfaith bright association llc,interfaith bright association llc commission,4039 4509 commerce tx,
S1-421602809,S3-130649811,US,0.3556450307369232,Missing address,2,0.93,0.933,0.0,0.0,0.0,0.0,kyrstin s produce inc,kyrstin s produce produce,2756 2228 troy al,
S1-516966088,S3-631640243,US,0.3555831015110016,Address weak / name strong,4,0.8433,0.9055,0.1818,1.0,0.0,0.0,catriona h jones l c s w p c,catriona h jones p c services,oak hill 2310 gatewood road wv,2310 gatewmod rd oa hill west virginia
S1-870768719,S3-830967567,US,0.3553604185581207,Missing address,3,0.9312,0.9257,0.0,0.0,0.0,0.0,urgent care health of oregonia inc,urgent ce health of oregonia inc,3648 middletown road oregonia oh,
S1-338003800,S3-99622600,US,0.3551006019115448,Missing address,2,0.7909,0.9217,0.0,0.0,0.0,0.0,carr third inc,carr third incorporated,5410 117a wilson nc,
S1-528870523,S3-612767997,US,0.3540855348110199,Address weak / name strong,7,0.5761,0.9849,0.1111,1.0,0.0,0.0,less herring and atwell llc,less herring and atlel llc,2497 provence drive bolivia nc,provence dr bolivvia north carolina
S1-771574271,S2-66965718,India,0.3530130386352539,Name weak / address strong,3,0.8704,0.5361,0.7857,1.0,0.0,0.0,sp beings limited,bsp com,flate j 1 202 dda flats kalka ji new delhi south delhi delhi,plot 675 flate j 1 202 dda flats kalka ji south delhi new delhi dilli
S1-301579241,S3-752987674,US,0.35200875997543335,Missing address,4,0.9494,0.9929,0.0,0.0,0.0,0.0,electricians local union 425,electrician local union 425,in 1693 gustafson avenue chesterton,
S1-245827632,S3-309366628,US,0.351592093706131,Name weak / address strong,4,0.9319,0.4996,0.8333,1.0,0.0,1.0,yeomans auto glass,ariaumbratavo,482 massachusetts avenue west springfield ma,482 massachusetts avenue west springfield massachusetts
S1-676937487,S3-145995033,US,0.3514305055141449,Name weak / address strong,3,0.9026,0.6086,0.5,1.0,0.0,1.0,catt animal hospital pc,hospitalanimal com,1003 dale hollow drive indianapolis in,1003 dale hollow dr indianapolis indiana
S1-911286187,S3-410796755,US,0.35129040479660034,Name weak / address strong,5,0.764,0.4,0.5,1.0,0.0,0.0,cuevas safeguard llc,tavopyra,1180 garcia street tucson az,garcia street tucson arizona
S1-330487686,S3-996455605,India,0.35116875171661377,Address weak / name strong,4,0.6746,0.9173,0.1875,1.0,0.0,0.0,msm works private limited,msm wirks private limited,flat no 205 a wing shivam chs pl 5a sect 06 rabale thane maharashtra,a wng mh thane rabale
S1-110880925,S2-476641345,India,0.3511331081390381,Name weak / address strong,6,0.8672,0.4116,0.7143,1.0,0.0,0.0,dsiidc industrial area bawana leather clinic,aviqu0,plot no d 52 d block sector 04 dsiidc industrial area bawana new delhi delhi,plot no d 52 dsiidc industrial area bawana new delhi dilli
S1-807446034,S2-301916561,US,0.35103321075439453,Name weak / address strong,4,0.8857,0.5921,0.5714,1.0,0.0,0.0,dejesus montgomery and stephens bio,dm com,3325 marigold drive prescott az,prescott township 3325 marigold dr az
S1-876391163,S2-894868266,India,0.3510139286518097,Missing address,5,0.8835,0.9225,0.0,0.0,0.0,0.0,classic software private limited,classic software limited services,31 charch road huzur jahangirabad bhopal madhya pradesh,
S1-647903906,S3-190630599,India,0.3506265878677368,Address weak / name strong,2,0.9804,0.9667,0.1667,1.0,0.0,0.0,classic builders pvt ltd,classic builders pvt,fno b205 aditya eden park opp sadana infinity sch serilingampally k v rangareddy telangana,doro no 481 fno b205 serilingampally tg
S1-60266875,S2-57753494,India,0.3502947688102722,Name weak / address strong,15,0.818,0.4317,0.5,1.0,0.0,0.0,red hospitality,brixwex,pune maharashtra 47 4 erandwane off prabhatrd pune,maharashtra chakan pune no 670 erandwane off prabhatrd
S1-215655868,S2-836277697,US,0.34855568408966064,Name weak / address strong,5,0.971,0.4904,0.7143,1.0,0.0,1.0,corner pizza,synyumariza,1948 orchard park drive murfreesboro tn,1948 orchard park dr murfreesboro tn
S1-81046574,S2-637604081,US,0.3481922745704651,Missing address,14,0.8587,0.9333,0.0,0.0,0.0,0.0,bureau of motor vehicles,bureau of motor vehicles enterprises,216 ellicott creek road tonawanda ny,
S1-113388986,S2-759475687,US,0.34794244170188904,Missing address,8,0.6863,0.8867,0.0,0.0,0.0,0.0,apex chemical consultants care,apex chemical,3710 valley street catlettsburg ky,
S1-589324728,S2-947287518,US,0.3462153673171997,Missing address,6,0.6666,0.8646,0.0,0.0,0.0,0.0,catalano analytics center,catalano center service,3038 lakewood drive vandalia il,
S1-609894447,S2-265490672,US,0.34587743878364563,Name weak / address strong,3,0.7542,0.6086,0.6,1.0,0.0,0.0,bay clear enbridge llc,bayclear com,circleville 40 200 ut,40d 200 circleville ut
S1-156334328,S3-304155263,India,0.3449576497077942,Both moderately similar,2,0.8215,0.7484,0.3846,1.0,0.0,0.0,sun power private limited,san paoy ar praibhet limited,7 51 bijoygarh 1st floor kolkata calcutta west bengal,wb calcutta door no 841 bijoygarh 1st floor kolkata
S1-892426172,S3-752477914,US,0.344841331243515,Name weak / address strong,5,0.8747,0.4849,0.5,1.0,0.0,0.0,crystal aerospace laboratories,xylosyn,601 canal street unit 3 ansonia oh,ansonia ohio 601 canal street
S1-580748682,S3-2236631,US,0.34465518593788147,Missing address,7,0.74,0.9326,0.0,0.0,0.0,0.0,plumbers union local no 808,plumbers union local no trading,4 carey lane streamwood il,
S1-601884289,S3-127260607,India,0.3444078862667084,Transliteration / phonetic variation,1,1.0,0.8059,0.1053,1.0,0.0,0.0,cochin allied private limited,limited cochin allied private,maharashtra gandhi nagar shivam co op housing society bldg no 39 gandhi nagar bandra e 2011 mumbai mumbai city,pot 407 2011 mumbai mh
S1-816936311,S2-638905753,US,0.3439289331436157,Missing address,13,0.7643,0.9086,0.0,0.0,0.0,0.0,the dent book store,the dent book store llc enterprises,26 lawrence road grants nm,
S1-426301485,S2-933501660,India,0.3438742756843567,Name weak / address strong,4,0.9077,0.5677,0.75,1.0,0.0,0.0,star and sons private limited,smt starsons com,h no 167 pkt 1 g f jasola new delhi new delhi south delhi delhi,delhi h no 16 pkt 1 g f jasola new delhi new delhi
S1-446267660,S3-739738281,India,0.34376266598701477,Missing address,3,0.9183,0.8217,0.0,0.0,0.0,0.0,jai college,dr jai college co,3rd floor mafatlal house backbay reclamation bombay 20 mumbai maharashtra,
S1-281268687,S2-469831678,US,0.34367725253105164,Other residual,3,0.8421,0.5167,0.4444,1.0,0.0,1.0,calli li auto repair,solsolzeph,4304 amesbury lane durham nc,4304 amesbury ln po box 171 durham nc
S1-761811780,S2-524822147,US,0.34363794326782227,Missing address,21,0.7282,0.9247,0.0,0.0,0.0,0.0,lansing economic development trust pllc,lansing economic deferodaent trust pllc,18512 clyde avenue lansing il,
S1-951767558,S2-608550259,US,0.34356147050857544,Missing address,1,0.7906,0.9273,0.0,0.0,0.0,0.0,brown complete coca pc,brown complete,717 pear court winchester ky,
S1-987145029,S2-773725181,India,0.34344008564949036,Other residual,13,0.576,0.617,0.3125,1.0,0.0,0.0,navi mumbai fabric pvt ltd,mumbaifabric com,d 223 224 2nd floor steel chamber towers near beema complex kalamboli navi mumbai raigarh maharashtra,d 223 224 raigarh maharashtra
S1-690929707,S2-292585094,India,0.3433890640735626,Missing address,3,0.9294,0.9241,0.0,0.0,0.0,0.0,badshahpur energy limited,badshahpur energy energy ltd,flat 10 b tower 8 fe m3m golf estate sec 65 badshahpur gurgaon haryana,
S1-50781803,S2-925683954,India,0.34242182970046997,Name weak / address strong,3,0.8931,0.6528,0.8,1.0,0.0,0.0,potential and co,dr potential,3 99 a durgasamudram village tirupati cuddapah andhra pradesh,no 3 99 a durgasamudram village tirupati andhra pradesh
S1-36676666,S3-844068259,India,0.34205278754234314,Name weak / address strong,4,0.8433,0.4367,0.6154,1.0,0.0,0.0,balarama multiple pvt ltd,fluxiriquo,389 ground floor niti khand sec 3 indirapuram ghaziabad uttar pradesh,38 ground floor niti khand sec 3 indirapuram ghaziabad up
S1-831190330,S3-596507319,India,0.342014342546463,Address weak / name strong,1,1.0,1.0,0.1364,1.0,0.0,0.0,taraksh india private limited,taraksh india private limited,6th floor dpt 610 dlf prime tower f 79 and 80 okhla industrial area phase i delhi delhi new delhi delhi,door no th floor new delhi dl
S1-544963636,S3-232608919,US,0.3413568437099457,Missing address,8,0.5612,0.9214,0.0,0.0,0.0,0.0,katalin baldridge do p c,katalin bacaicdge do p c,5257 barton road north ridgeville oh,
S1-532400714,S2-900166009,US,0.34056541323661804,Transliteration / phonetic variation,23,0.5859,0.8628,0.3636,1.0,0.0,0.0,a cure 9 you,a cure you partners,5002 amber valley parkway unit apartment 208 fargo nd,5111 amber valley pkwy fargo nd
S1-590943166,S3-981575580,India,0.33998772501945496,Address weak / name strong,27,0.5518,0.9202,0.1765,1.0,0.0,0.0,global perfect properties private limited,global peirfet properties private limited,803 avdhesh house nr devang park jodhpur thaltej highway opp gurudwara thaltej ahmedabad gujarat,door no 463 803 thaltej ahmedabad gj
S1-573733231,S2-857068193,US,0.3398805856704712,Name weak / address strong,21,0.866,0.4544,0.5714,1.0,0.0,0.0,helios inc,incorporated helios,9813 fosbak drive fairfax county va,fosbak dr fairfax county va
S1-792508836,S3-405569190,India,0.3395766019821167,Missing address,4,0.932,0.903,0.0,0.0,0.0,0.0,gold technologies private limited,gold technologies,tc 31 316 preethi pushpagiri road punkunnam post thrissur kerala,
S1-149652845,S2-781719609,US,0.33905428647994995,Name weak / address strong,3,0.8276,0.466,0.8333,1.0,0.0,0.0,mccreight harris and steidl,umbranex,7406 saint louis street houston tx,saint louis street houston tx
S1-614252263,S3-895316545,India,0.33857282996177673,Both moderately similar,7,0.6483,0.6856,0.3571,1.0,0.0,0.0,tech golden tyres private limited,techgoldentyres com,537 phase v udhyog viha industrial complex dundahera gurgaon haryana,no 937 phane v gurgaon industrial complex dundahera hr
S1-90344634,S2-609114348,India,0.3377821743488312,Both moderately similar,24,0.7512,0.6741,0.3333,1.0,0.0,0.0,apex constructions,apeks knstrksns,thrissur kerala thrissur avanur p o thrissur xiv 112 ammanath,h no 329 xiv 112 ammanath thrissur keralam
S1-772533244,S3-27043306,US,0.33775877952575684,Transliteration / phonetic variation,2,0.6826,0.8667,0.25,1.0,0.0,0.0,miseify rush,miseify rush corporation corporation,8083 main road ny leroy,main rd leroy new york
S1-199692812,S2-267556405,India,0.33678433299064636,Transliteration / phonetic variation,3,0.9332,0.7095,0.7778,1.0,0.0,0.0,self traders private limited,m s 5elf private limited center,c 700 sarita vihar new delhi new delhi south delhi delhi,c b3 700 sarita vihar new delhi new delhi south delhi dilli
S1-969021002,S2-108271302,India,0.3360747694969177,Name weak / address strong,3,0.7972,0.4722,0.6667,1.0,0.0,0.0,escorts products limited,deltazetaquo,c o harikesh tyagi v bhidawali iradat nagar kheragarh agra uttar pradesh,c o harikesh tyagi kheragarh agra uttar pradesh
S1-93555045,S3-263578282,India,0.33585357666015625,Address weak / name strong,6,0.9031,0.9294,0.1538,1.0,0.0,0.0,green aditya finance private limited,green aditya finance limited center,jaipur janpath rani sati nagar near dcm off ajmer road 497 jaipur rajasthan,jaipur rajsthan 497
S1-979906443,S3-17314228,US,0.3351708650588989,Address weak / name strong,2,0.9288,0.88,0.0909,1.0,0.0,0.0,madadyne trust,madadyne madadyne trust corporation,4314 98th lane phoenix az,9314 98st lane pmb 5150 tolleson arizona
S1-947210295,S3-481649872,US,0.3347778022289276,Name weak / address strong,2,0.8173,0.4583,0.5714,1.0,0.0,0.0,godina cohen llc,orbibrix,turner 454 lower street me,454 458 lower street turner maine
S1-945002650,S2-540125745,US,0.3332188129425049,Missing address,3,0.9213,0.9236,0.0,0.0,0.0,0.0,red cleaning service clinic,red cleaning service service clinic ltd,8232 wedgewood drive norfolk city va,
S1-564549987,S3-177850264,US,0.33236080408096313,Transliteration / phonetic variation,25,0.5636,0.8952,0.375,1.0,0.0,0.0,king clearthink,king center,8542 a 9th avenue seattle wa,8624 9th avenue seattle washington
S1-336880508,S3-912676744,US,0.33201882243156433,Address weak / name strong,3,0.7449,0.879,0.1818,1.0,0.0,0.0,brisbois karbon l l c,brisbois l l c services,6148 rim road terrebonne or,crooked river ranch oregon null 6148 rim rd
S1-471591092,S3-51167362,India,0.3316299319267273,Address weak / name strong,1,0.8914,0.8592,0.1333,1.0,0.0,0.0,solutions dakshin facility limited,5olutions facility dakshin limited,ahmedabad gujarat 257 b h ever green hotel shed 57 vasudev estate narol road ahmedabad,57 ahmedabad gj
S1-690969799,S3-985100983,US,0.3311336636543274,Missing address,7,0.764,0.881,0.0,0.0,0.0,0.0,pierre clear yhn llc,pierre yhn llc services,city of kaukauna 405 park street wi,
S1-554226827,S2-205753703,India,0.3311259150505066,Address weak / name strong,29,0.3973,0.9401,0.1538,1.0,0.0,0.0,smart healthcare private limited,smart helthker praivet limited,407 4th fl viral height nr ayodhya chowk 150 ft rajkot gujarat,gujarat 0407 rajkot
S1-675117501,S2-374359519,US,0.3311232030391693,Missing address,5,0.8346,0.9603,0.0,0.0,0.0,0.0,advanced education dynamics llc,advanced educati0n dynamics,334 marilyn way lebanon junction ky,
S1-893814489,S3-922258312,India,0.33102282881736755,Address weak / name strong,1,1.0,1.0,0.1333,1.0,0.0,0.0,nm security private limited,nm security private limited,651 11th cross 7th block jayanagar kanakapura main road bangalore karnataka,no 651 bengaluru rural bangalore ka
S1-992819395,S2-46586852,India,0.33020544052124023,Missing address,4,0.9093,0.8857,0.0,0.0,0.0,0.0,red products private limited,red products,84 2nd floor r v road basavanagudi bangalore bangalore karnataka,
S1-493786145,S3-130572000,US,0.3301928639411926,Address weak / name strong,3,0.8349,0.9202,0.0909,1.0,0.0,0.0,modern packaging works,modern packaging center,6140 beton court prince william county va,6014 beton ct gainesville virginia
S1-478903163,S3-834730142,US,0.33019188046455383,Address weak / name strong,12,0.6271,0.9071,0.2,1.0,0.0,0.0,superior robotics products,superior rbibis products,146 sagemore road mooresville nc,north carolina null 146 sageomre rd mooresville
S1-837675201,S2-946101477,US,0.33012136816978455,Name weak / address strong,2,0.9276,0.5922,0.7143,1.0,0.0,1.0,moll republic inc,inc mo1l rgueaslc,1146 franklin thomas place charlotte nc,1146 franklin thomas pl charlotte nc
S1-802242464,S3-249323978,US,0.3299707770347595,Missing address,3,0.8306,0.9,0.0,0.0,0.0,0.0,mohr grand cap group,mohr grand,5914 belmont avenue chicago il,
S1-150830932,S3-316505552,US,0.3296547830104828,Both moderately similar,3,0.7597,0.6683,0.3,1.0,0.0,0.0,rocky atlantic cosmetics llc,arcosmetics com,fayetteville 7245 beaver run drive nc,fayetteville 07245 beaver run dr north carolina
S1-783619850,S2-541483945,India,0.32882973551750183,Both moderately similar,23,0.5058,0.7685,0.3571,1.0,0.0,0.0,gold media pvt ltd,sri 6old media pvt ltd,office no 509 lunkad sky station nr datta mandir chowk viman nagar pune maharashtra,office no 509 pune maharashtra
S1-507634901,S3-280724997,India,0.327465683221817,Address weak / name strong,6,0.7665,0.992,0.1538,1.0,0.0,0.0,first india projects llp,first india projectas llp,duplex4 essen residency 2 daruthenga road bhubaneswar khordha orissa,h no 971 duplex4 bhubaneswar od
S1-507726099,S3-238647669,India,0.3264453709125519,Name weak / address strong,2,0.895,0.6284,0.7619,1.0,0.0,0.0,lh finance private limited,mr lhfinance,mandira apartment first floor 1 no ckc road dakbanglo more p o bar asat kolkata kolkata howrah west bengal,plot 196 mandira apartment first floor 1 no ckc road dakbanglo more p o bar asat kolkata kolkata howrah pscimbng
S1-148279743,S2-50134876,US,0.3264440894126892,Other residual,15,0.6486,0.9181,0.2727,1.0,0.0,0.0,clear biomedical services inc,clear biomacal services inc,tx 6963 briarwood drive fort worth,6963 briarwood dr pmb 1764 ft owrth tx
S1-879557789,S2-751239971,US,0.32607847452163696,Name weak / address strong,4,0.9707,0.5758,0.7143,1.0,0.0,1.0,door enterprises,entdoor com,546 charles taylor road aulander nc,546 charles taylor rd aulander nc
S1-96060357,S2-112343946,India,0.326002299785614,Both moderately similar,9,0.5648,0.7737,0.25,1.0,0.0,0.0,kq care corporation,kqcare com,door no 7 984 ground floor igm building mannuthy thrissur kerala,7 984 thrissur keralam
S1-758004028,S2-259061142,US,0.32547688484191895,Address weak / name strong,6,0.6871,0.895,0.2,1.0,0.0,0.0,pinnacle enterprises p c,pinnacle p c center,la st george city 16613 morel avenue,morel ave baton roue la
S1-410698641,S2-330522070,India,0.3254603445529938,Both moderately similar,4,0.5862,0.8407,0.3,1.0,0.0,0.0,pune epc pvt ltd,ptceoie epc pvt ltd,unit no 403 404 4th floor building a pune it park 34 aundh road bhau patil marg bo podi pune maharashtra,unit no 403 404 pune maharashtra
S1-686426801,S3-478705430,US,0.3249377906322479,Address weak / name strong,1,1.0,1.0,0.125,1.0,0.0,0.0,golden pizza,golden pizza,1661 sixth street florala al,sixth st lockhart alabama
S1-287978219,S3-988047602,US,0.32451769709587097,Missing address,3,0.9485,0.92,0.0,0.0,0.0,0.0,dd sizzle l l c,dd sizzle,1700 state street gadsden al,
S1-983900947,S3-370260579,US,0.3243640065193176,Transliteration / phonetic variation,1,1.0,0.8431,0.125,1.0,0.0,0.0,hj collective llc,llc hj collective,431 59th street northport al,59rd saint northport alabama
S1-427043225,S3-961985805,US,0.32418614625930786,Both moderately similar,7,0.753,0.6597,0.4286,1.0,0.0,0.0,nh auto sales partners,nh auto 38311,7847 r whipperwill rd louisville ky,whipperwill rd louisville kentucky
S1-123556497,S3-475811532,US,0.3241789638996124,Missing address,5,0.7267,0.9119,0.0,0.0,0.0,0.0,mortensen secure renatus inc,mortensen secure inc services,1491 childers run road buckhannon wv,
S1-398030757,S2-882621086,India,0.3241078853607178,Missing address,2,0.9124,0.647,0.0,0.0,0.0,0.0,bhatia india fincon private limited,smt bhatia india fincon,74 1 cotton st kolkata calcutta west bengal,
S1-507952862,S3-332875410,US,0.32381802797317505,Missing address,6,0.8264,0.88,0.0,0.0,0.0,0.0,cedyne,cedyne services,ct west haven 32 king street,
S1-507952862,S2-593507337,US,0.32381802797317505,Missing address,7,0.8264,0.88,0.0,0.0,0.0,0.0,cedyne,cedyne services,ct west haven 32 king street,
S1-304061540,S3-747200199,US,0.3217340409755707,Missing address,22,0.4984,0.9474,0.0,0.0,0.0,0.0,castine alibaba,castine aaieibba,18163 red tail street athens al,
S1-536013338,S3-75133494,India,0.32162776589393616,Missing address,4,0.8684,0.9086,0.0,0.0,0.0,0.0,paramount institute,paramount institute ltd enterprises,shop s159 sector 30 vashi fantasia business park thane maharashtra,
S1-54061771,S2-48886737,India,0.32138392329216003,Both moderately similar,29,0.651,0.7554,0.4167,1.0,0.0,0.0,ss power private limited,eses paoy ar praibhet limited,29b rabindra sarani 2nd floor kolkataa kolkata howrah west bengal,kolkata west bengal howrah no 293 29b
S1-326127669,S3-88113910,US,0.3211626708507538,Both moderately similar,4,0.766,0.7443,0.4,1.0,0.0,0.0,margeaux tarin frontier aspen inc,the margeaux tarin frontier aspen inc 7368099323,7907 crescent village lane richmond tx,texas richmond po box 4084 crescent village lane
S1-961381080,S3-338998539,India,0.32057276368141174,Both moderately similar,3,0.8628,0.7232,0.2353,1.0,0.0,0.0,everbest foundation india corporation,mr everbest foundation india,f no 24 g no 92 sai labh enclave itkheda paithan r aurangabad maharashtra,f no 24 aurangabad ch sambhaji nagar mharastr
S1-79406644,S3-915587488,India,0.32036808133125305,Transliteration / phonetic variation,6,0.7915,0.7411,0.6,1.0,0.0,0.0,pioneer ventures private limited,pay oniy ar bhencars praibhet limited,49 sir hari ram goenka street 2nd floor kolkata howrah west bengal,d 49 sir hari ram goenka street 2nd floor howrah calcutta wb
S1-673795844,S3-430352000,US,0.320346474647522,Missing address,24,0.4541,0.9474,0.0,0.0,0.0,0.0,primary care center inc,primary calmr center inc,il alton 2109 ridge drive,
S1-515865815,S3-766776113,India,0.320279985666275,Missing address,4,0.8315,0.909,0.0,0.0,0.0,0.0,infrastructure mulberry hospitality pvt ltd,infrastructure mulberry pvt ltd center,athavale corner bldg topfloor near lakadi bridge and panchaleshwar temple deccan gymkhana pune pune maharashtra,
S1-620325725,S3-828431171,US,0.3193156123161316,Missing address,2,0.7673,0.9071,0.0,0.0,0.0,0.0,prime technical solutions pc,prime technical,1225 napoleon street unit 81 south bend in,
S1-384520217,S3-208121885,US,0.3192969560623169,Other residual,6,0.8775,0.4227,0.4286,1.0,0.0,0.0,anchor horizon coca,deltaonyxkelo,3534 indiana avenue gowrie ia,gowrie iowa 3534 indiana ave
S1-363805837,S3-845437510,India,0.31901708245277405,Address weak / name strong,3,0.9589,0.9467,0.1818,1.0,0.0,0.0,sree bright consulting pvt ltd,sree bright consulting,plot no 220 vip moti talav road bhavnagar gujarat,no 20 bhavnagar gj
S1-468530861,S3-420643094,US,0.3188861310482025,Missing address,9,0.8689,0.9437,0.0,0.0,0.0,0.0,environmental charities,environmental charities ventures,188 eller road bellville oh,
S1-289335960,S3-630309536,US,0.31801968812942505,Name weak / address strong,5,0.8417,0.6028,0.6,1.0,0.0,0.0,d 5 t uranium inc,d5t com,charlotte 2848 queen city drive nc unit m,2848 queen city drive m charlotte north carolina
S1-131676862,S2-314507084,US,0.3171747028827667,Both moderately similar,23,0.5422,0.6707,0.2857,1.0,0.0,0.0,sweet nails llc,llc sweet narls,6523 dana court charlotte nc,dana ct charlootte nc
S1-332273389,S2-268120740,US,0.3167875111103058,Missing address,21,0.5629,0.9263,0.0,0.0,0.0,0.0,milicent s tattoo,milicent s tgos,1315 state rte 160 gallipolis oh,
S1-629251592,S2-757869782,US,0.3167530596256256,Name weak / address strong,3,0.9237,0.5111,0.6667,1.0,0.0,1.0,coe blue vaneck,pyradelta,3504 52nd court cicero il,3504 52nd ct cicero il
S1-319651784,S3-722364001,US,0.31602931022644043,Address weak / name strong,1,0.9719,0.9714,0.1111,1.0,0.0,0.0,vicari katrine dpm,vicari katrine dpm lp,812 3rd street tx anthony,735 third st anthony texas
S1-157417278,S3-186275211,US,0.3158842623233795,Missing address,4,0.6393,0.9409,0.0,0.0,0.0,0.0,j 4 anchor healthcare pc,j 4 anchor hea1thcare llc,great barrington ma 33 sheffield road,
S1-876419431,S2-682790241,US,0.3153931498527527,Name weak / address strong,4,0.849,0.4722,0.8,1.0,0.0,0.0,chuang smith,onyxorbi,tn memphis 4606 macon road,memphis tn macon road
S1-597643946,S3-51550797,US,0.3153019845485687,Both moderately similar,3,0.8099,0.7784,0.25,1.0,0.0,0.0,pm outdoor inc,outdoorpm com,10 owens drive woodbury ny,owens dr woodbury new york
S1-688792294,S2-111960288,India,0.31513074040412903,Missing address,3,0.8743,0.9331,0.0,0.0,0.0,0.0,solutions bhutoria services private limited,solutions bhutoria services limited limited partners,h no 1 89 3 1 near durgam chervu guttalabegumpet serilingampally madhapur hyderabad telangana,
S1-786566984,S3-269702654,US,0.3146848678588867,Missing address,9,0.7079,0.945,0.0,0.0,0.0,0.0,tang metropolitan bankshares inc,tang metropo1itan bankshares incorporated,7251 118 kaufman tx,
S1-387711081,S3-790846406,US,0.3143589198589325,Other residual,21,0.6235,0.421,0.2222,1.0,0.0,0.0,oncology physicians care,zetaarcnyla,1186 olympiada knoll huntertown in,118 olympiada knoll frt wayne indiana
S1-374669229,S3-248153105,US,0.3143586218357086,Missing address,2,0.7044,0.9083,0.0,0.0,0.0,0.0,rapid prairie processing,rapid prairie,10415 mountain run lake road culpeper county va,
S1-40357514,S2-58888752,India,0.3140026032924652,Both moderately similar,23,0.4485,0.7829,0.2667,1.0,0.0,0.0,fortune global private limited,phorcyun globl praivet limited,plot no 1892 jp farms mohan road fatehganj bada gaon lucknow uttar pradesh,no 189 lucknow mohanlalganj uttar pradesh
S1-239606233,S3-303080795,India,0.3131241202354431,Missing address,4,0.9442,0.8897,0.0,0.0,0.0,0.0,power advance private limited,power advance,1st floor 2 community centre naraina delhi south west delhi delhi,
S1-614742426,S2-613798792,US,0.31283649802207947,Address weak / name strong,27,0.5659,0.9181,0.2,1.0,0.0,0.0,hoover and bishop llc,hoover and blcop llc,34118 williams road kenai peninsula borough ak,williams rd cooper landing ak
S1-34843145,S3-568455314,India,0.31258562207221985,Address weak / name strong,3,1.0,1.0,0.1111,1.0,0.0,0.0,eastern and co,eastern and co,no 25 sir m v complex 1st floor above idbi bank nttf circle peenya bangalore karnataka,ka bangalore no 025
S1-351234824,S2-528102656,US,0.312173068523407,Missing address,2,0.8729,0.92,0.0,0.0,0.0,0.0,nelson rosene t md,nelson rosene t md corporation,oh 1811 timber creek court dayton,
S1-225776255,S3-235314348,India,0.31215304136276245,Address weak / name strong,2,0.9671,0.9407,0.1538,1.0,0.0,0.0,jay systems private limited,jay systems private,921 tamil nadu chennai 13th main road anna nagar west chennai chennai,null madras tmilnatu chennai 921
S1-59004209,S3-296126845,US,0.3116369843482971,Address weak / name strong,4,0.9518,0.9374,0.125,1.0,0.0,0.0,armstrong tse and duran of lewiston inc,armstrong tse and duran duran of lewiston inc,3608 18th street lewiston id,18nd st lewiston idaho
S1-642494945,S3-758513546,India,0.3111688196659088,Both moderately similar,4,0.7917,0.719,0.2381,1.0,0.0,0.0,onix industrial india private limited,smt onix industrial private limited partners,25 15 3 51016 2 narasimharaopet beside rtc bus stand revenue ward no 29 eluru west godavari andhra pradesh,kavitam ap 25 15 3 51016 2
S1-718257584,S3-995659668,India,0.3111349046230316,Name weak / address strong,3,0.8949,0.4626,0.6,1.0,0.0,0.0,tirumalagiri pictures company,gildnyla,plot no 129 bhagya nagar colony tirumalagiri hyderabad telangana,129 bhagya nagar colony tirumalagiri hyderabad tg
S1-748256525,S2-673691982,India,0.3109307587146759,Name weak / address strong,4,0.8021,0.6981,0.5,1.0,0.0,0.0,future foundation limited,phyucr phaundesn limited,vadodara lotus aura 2 sama a 401 gujarat vadodara,a 401 vadodara gujarat
S1-386935441,S3-540108770,India,0.310667484998703,Address weak / name strong,1,1.0,1.0,0.1176,1.0,0.0,0.0,cpw automation private limited,cpw automation private limited,cowrks aerocity first floor worldmark 1 asset area 11 aerocity hospitality dist rict igia new delhi delhi,cowrks aerocity kapasheda dl
S1-216814241,S2-603349716,India,0.310651570558548,Both moderately similar,24,0.356,0.7887,0.2105,1.0,0.0,0.0,white business private limited,vhait bijnes praivet limited,maharashtra rajrani co op housing society ltd cts 463 463 01 t007 pandit solicitor road 1601 malad east mumbai,mharastr 1601 mumbai malad east
S1-406801228,S2-618471032,India,0.30960893630981445,Address weak / name strong,6,0.6822,0.8822,0.2143,1.0,0.0,0.0,panvel food private limited,private panvel fud limited,flat no 104 royal galaxy 10 plot no 180 kharghar panvel raigarh maharashtra,h no 104 panvel mharastr
S1-256351651,S3-710139673,India,0.30940404534339905,Missing address,5,0.9194,0.9142,0.0,0.0,0.0,0.0,mudrika stores limited,mudrika stores stores ltd,17 217 alphonsa building pullurampara thiruvambady kozhikode kerala,
S1-680113556,S2-874091337,India,0.30925989151000977,Both moderately similar,28,0.6789,0.7146,0.4545,1.0,0.0,1.0,united consultancy private limited,yunaited kmsltemsi praivet limited,397 gf nyay khand iii indirapuram distt ghaziabad ghaziabad uttar pradesh,397 gf null ghaziabad uttar pradesh
S1-692601312,S2-379529787,India,0.3091577887535095,Missing address,5,0.8963,0.9909,0.0,0.0,0.0,0.0,delphoenix consultancy,delphoenix consultany,c o vinod giri kota saktinagar sonbhadra sonbhadra uttar pradesh,
S1-433080592,S3-128589352,US,0.3090515732765198,Address weak / name strong,5,0.6486,0.8594,0.125,1.0,0.0,0.0,wesley and mullis pllc,wesleymullis com,1233 8th street salem or,eighth street oregon slem
S1-721324789,S2-849071310,India,0.3089669942855835,Name weak / address strong,12,0.6185,0.6888,0.5,1.0,0.0,0.0,indian urban finance pvt ltd,imdiyn arbn phainems pra li,b 8 dolphin garden poonam sagar complex mira road east mira road thane maharashtra,b 8 mira road thane maharashtra
S1-746608882,S3-759198293,US,0.30769556760787964,Both moderately similar,4,0.5412,0.695,0.25,1.0,0.0,1.0,hernandez evers and moore farms inc,eversmoorehernandez com,2025 eastgate drive unit d greenville nc,2025 easgate drive pmb 4195 greenville north carolina
S1-241930732,S3-627583214,India,0.30765601992607117,Address weak / name strong,2,1.0,1.0,0.125,1.0,0.0,0.0,zz retail,zz retail,no 355 22 hulimavu village kave temple road bannerghatta road bangalore karnataka,355 2 bengaluru hq region bangalore ka
S1-764517549,S3-974618325,India,0.30746176838874817,Address weak / name strong,3,0.827,0.8818,0.2,1.0,0.0,0.0,sunrise food private limited,sunrise sunrise food ptte limited,flat 309 nandi manomay meadows 1st main 3rd cross naidu layout bangalore south bangalore karnataka,flat 309 bangalore krnatk
S1-169544813,S3-472048240,US,0.30739808082580566,Name weak / address strong,2,0.8188,0.6218,0.5714,1.0,0.0,0.0,ear nose and throat medicine of windsor mill llc,earnose com,2838 scarborough circle windsor mill md,scarborough circle windsor mill maryland
S1-22255591,S2-454240967,US,0.3071695566177368,Other residual,17,0.8468,0.4187,0.4286,1.0,0.0,0.0,fresh hypnosis,yumaorbi,hurley 25 zandhoek road ny,25 zandhoek rd hurly ny
S1-243086957,S3-815874747,US,0.3063424527645111,Address weak / name strong,4,0.6407,0.9373,0.125,1.0,0.0,0.0,nesbitt john llc,nesbitt jacnh llc,125 3rd street 15 ia,third st 15 iowa
S1-491828562,S2-425827808,India,0.306194007396698,Missing address,5,0.8682,0.9314,0.0,0.0,0.0,0.0,superior medical centre corporation,superior medical centre,no 291 a kiadb hebbal ind ustrialarea behind landt mysore karnataka,
S1-523731597,S2-483896447,US,0.30597928166389465,Name weak / address strong,4,0.8712,0.5465,0.7143,1.0,0.0,1.0,interfaith alliance llc,deltafluxavi,76 willington avenue stafford ct,76 willington avenue stafford springs city ct
S1-714592951,S3-600315582,India,0.30580514669418335,Address weak / name strong,3,0.9435,0.9,0.1304,1.0,0.0,0.0,blue south impex private limited,blue south impex,shop no 47 1st floor citi mall ward no k west new link road near infiniti mall andhe ri west mumbai mumbai city maharashtra,door no 48 mumbai city mh
S1-144110539,S3-303243362,India,0.3055439293384552,Address weak / name strong,2,1.0,1.0,0.1176,1.0,0.0,0.0,pioneer power llp,pioneer power llp,no 2 3 club house road workez building 1st floor anna salai chennai tamil nadu,2 6 tn chennai
S1-414007847,S3-96514812,India,0.3053065538406372,Other residual,23,0.5322,0.8111,0.1667,1.0,0.0,0.0,shiv construction private limited,siv knstrksn praivet limited,bangalore bangalore north tower 2 nikoohomes 1 bhartiya city rajanakunte 22603 karnataka,22603 bangalore ka
S1-108041117,S3-368402158,India,0.3051966726779938,Missing address,19,0.6422,0.8784,0.0,0.0,0.0,0.0,gujarat software limited,gujarat limited center,tahal tola ufarpura khalilpura phulwari sarif danapur bihar,
S1-763890567,S3-578433684,India,0.30449768900871277,Name weak / address strong,4,0.821,0.6439,0.5385,1.0,0.0,0.0,premier finance pvt ltd,primiyr phainems pra li,c o nbr consultants v 20 netaji nagar market new delhi delhi,c o nbr consultants ghaziabad netaji nagar market dilli
S1-410435577,S3-450849027,US,0.3036623001098633,Acronym / name truncation,6,0.694,0.8448,0.25,1.0,1.0,0.0,novus defense,novus services,mn 14954 480th street tamarack,14954 480st st tamarack minnesota
S1-574123825,S3-76478474,India,0.30316412448883057,Name weak / address strong,4,0.8879,0.635,0.7059,1.0,0.0,0.0,first soft private limited,privatesoft com,plot no 1 and 2 73 nh no 8 apple hub industries pelhar thane maharashtra thane,door no b3 1 and 2 73 nh no 8 apple hub industries pelhar thane mh
S1-548334140,S3-403828883,US,0.3020245432853699,Other residual,7,0.8708,0.4266,0.375,1.0,0.0,0.0,titan forefront inc,xylorizapyra,23 hedgerow lane delaware oh,delaware 23 27 hedgerow ln ohio
S1-501209277,S3-582787253,India,0.3019447326660156,Other residual,6,0.8064,0.4006,0.3636,1.0,0.0,0.0,rdx cardiac private limited,fayeonyxlyra,plot no 2 khasra no new geeta colony ajmer ajmer rajasthan,ajmer h no 2 khasra no rajsthan ajmer
S1-562624285,S3-229103823,US,0.3016633689403534,Address weak / name strong,5,1.0,1.0,0.0909,1.0,0.0,0.0,happy bistro,happy bistro,ghent ny 290 konig road,29 konig rd ghen city new york
S1-621818476,S3-745440381,US,0.30121657252311707,Address weak / name strong,4,0.9788,0.9636,0.125,1.0,0.0,0.0,desert enterprises inc,desert enterprises,marysville 6220 58th street wa,58st st marysville washington
S1-848893545,S3-571499072,India,0.301037073135376,Other residual,27,0.5166,0.6433,0.2,1.0,0.0,0.0,blue consultancy limited,blue limited partners,1007 10th floor vrindavan green sahibabad ghaziabad uttar pradesh,ghaziabad up ghaziabad 1007
S1-685083516,S3-797780331,India,0.30086109042167664,Missing address,3,0.906,0.8747,0.0,0.0,0.0,0.0,seven infotech private limited,seven seven infotech private ltd,pragadadheeshwar apartment cit nagar first main road chennai chennai city corporation tamil nadu no 50,
S1-838270146,S3-82898081,US,0.3007509708404541,Missing address,18,0.8418,0.9217,0.0,0.0,0.0,0.0,fresh hypnosis,fresh hypnosis ventures,6087 willow brook drive asbury ia,
S1-72812069,S3-957629226,US,0.3004624843597412,Address weak / name strong,4,0.7292,0.9,0.1667,1.0,0.0,0.0,rodriguez stubbs and payne llc,rodriguezstubbs,328 hickory grove drive thousand oaks ca,hickory grove dr newbury park ciyt california
S1-462607441,S2-18515223,US,0.29880982637405396,Missing address,6,0.7942,0.92,0.0,0.0,0.0,0.0,lenitech bright omega llc,lenitech bright,1223 harlandale avenue dallas tx,
S1-361438030,S3-838054045,US,0.2985413670539856,Name weak / address strong,11,0.8806,0.5317,0.5,1.0,0.0,0.0,arts charities,carts com,fairfax county va 4567 southland avenue,4567 southland ave fairfax county virginia
S1-888597712,S3-777626933,US,0.29805830121040344,Other residual,28,0.4342,0.4658,0.25,1.0,0.0,1.0,mountain bold,arclum,121 erin drive needles ca,121 erin dr neeldes california
S1-94531144,S3-306110577,US,0.2980094254016876,Name weak / address strong,2,0.8508,0.2747,0.5,1.0,0.0,0.0,521 lake drive partners llc,beloxylo,5739 rendon estates road mansfield tx,005739 rendon estates road mansfield texas
S1-994390310,S2-164162661,US,0.2979322671890259,Missing address,8,0.6763,0.8823,0.0,0.0,0.0,0.0,elite supreme rush llc,elite rush llc service,2736 spring grove avenue cincinnati oh,
S1-923595344,S3-367674246,India,0.29777199029922485,Name weak / address strong,3,0.9075,0.569,0.7273,1.0,0.0,0.0,al builders private limited,sri viozeta,no 368 640 anna salai thousand lights chennai chennai tamil nadu,no 368 640 anna salai thousand lights chennai chennai tmilnatu
S1-494054588,S2-665436867,US,0.29743584990501404,Name weak / address strong,5,0.7995,0.4305,0.7143,1.0,0.0,0.0,marte and jones australia group,ectoumbra 34462,1323 meadow lane chapel hill nc,chapl hill nc 1323 meadow lane
S1-167213492,S2-789673816,US,0.2972060739994049,Address weak / name strong,21,0.5951,0.919,0.2,1.0,0.0,0.0,womens health group llc,w0mens health group,cle elum wa 413 first street,wa 13 first st cl eelum
S1-13872359,S3-862430423,US,0.29701316356658936,Missing address,4,0.7599,0.9231,0.0,0.0,0.0,0.0,tri state better giant llc,tri state better,235 3500 big sandy tx,
S1-927630584,S2-384437501,India,0.29674065113067627,Both moderately similar,27,0.6066,0.7567,0.3077,1.0,0.0,0.0,fortune infra limited,phorcyun imphra limited,s1 and s2 2nd floor shiv meridian m g road sangli maharashtra,s1 and s2 sangli mharastr
S1-589912523,S3-697517620,India,0.29664087295532227,Name weak / address strong,8,0.7692,0.5466,0.7059,1.0,0.0,0.0,durga india pvt ltd,dindia com,wz 132 a 2nd floor om vihar phase 1 uttam nagar new delhi delhi,wz d 32 a 2nd floor om vihar phase 1 uttam nagar ghaziabad new delhi dl
S1-903044545,S3-731342318,India,0.2964884638786316,Both moderately similar,6,0.6946,0.7611,0.2,1.0,0.0,0.0,ak holdings,sri akholdingscom,omaai shankar nagar road prem vihar colony amravati maharashtra,omaai amravati mh
S1-586126554,S3-758522800,US,0.29570090770721436,Missing address,2,0.7579,0.8951,0.0,0.0,0.0,0.0,galloway etienne and delarosa paceline,galloway efcbcnne delarosa and paceline,108 homer avenue buffalo ny,
S1-669502483,S2-670001994,US,0.2956943213939667,Name weak / address strong,22,0.8162,0.397,0.8,1.0,0.0,0.0,beacon llc,yumavi0zeta,10893 kimberly drive union ky,kimberly drive union ky
S1-390609903,S3-105735649,India,0.29528501629829407,Missing address,2,0.7888,0.92,0.0,0.0,0.0,0.0,bright agro private limited,bright agro private limited www brightagr com,flat no 1201 t 8 emmar gurgaon greens near dwarka expressway sector 102 gurgaon haryana,
S1-237236833,S2-260539361,US,0.29410800337791443,Missing address,4,0.7896,0.9167,0.0,0.0,0.0,0.0,burke chan and dorn corp,burke chan and,2400 1 2 quinlan park road austin tx,
S1-559340091,S2-598841684,US,0.29364466667175293,Missing address,16,0.7797,0.9265,0.0,0.0,0.0,0.0,commission on parks and recreation,commission on pcsna and recreation,891 moore branch road erin tn,
S1-204167162,S3-731308620,India,0.2933155298233032,Address weak / name strong,1,1.0,1.0,0.125,1.0,0.0,0.0,tirupati solutions,tirupati solutions,s 106 v jai residency plot no a2 354 sector 2 chitrakoot jaipur rajasthan,s 106 divreportingcircle rj
S1-314002484,S3-793859974,US,0.2930956184864044,Other residual,11,0.5623,0.3932,0.3333,1.0,0.0,1.0,bright mellon llc,caloumbra,41 three bar drive w trout creek mt,41 there bar dr west trout creek montana
S1-811147706,S3-585809532,India,0.29308441281318665,Name weak / address strong,8,0.8481,0.6797,0.5833,1.0,0.0,0.0,shiva developers,m s shiva dvephls,guru engineers w 162s block midc bhosari pune maharashtra,guru engineers w 0162s block midc bhosari poona pune mh
S1-252359947,S3-930461431,US,0.29225248098373413,Other residual,5,0.7297,0.3984,0.3,1.0,0.0,1.0,palermo ennis and council spdr,drexquo,127 bayshore boulevard jacksonville nc,127 1 2 bayshore blvd jacksonville north carolina
S1-386004909,S3-707039337,India,0.2915823757648468,Missing address,6,0.7537,0.9306,0.0,0.0,0.0,0.0,construction arm estate,construction arm service,c ovivek sharma no135 1akno127shivananda nagar104 exquisite blockadityasoignebeml bangalore karnataka,
S1-846469360,S3-357209259,India,0.2908609211444855,Address weak / name strong,23,0.4755,0.8869,0.1176,1.0,0.0,0.0,innovative hospitality pvt ltd,inovetiv haspitaliti praivet limited,fincube c028 ambika square no a53 1 kamadhenu nagara b narayanapura bangalore karnataka,hn 76 fincube c028 banerghatta ka
S1-538495334,S3-92793513,US,0.29058393836021423,Missing address,13,0.7779,0.9172,0.0,0.0,0.0,0.0,heritage networks,heritage networks enterprises,4825 st rte 45 bristolville oh,
S1-716637832,S3-566860463,India,0.29029580950737,Other residual,3,0.9792,0.8278,0.0667,1.0,0.0,1.0,bios welfare society,m s bios welfare society,501 5th floor shapath 1 desk 129 sg highway ahmadabad city ahmedabad gujarat,501 bodakdev gj
S1-309678315,S3-627783137,US,0.2894945740699768,Missing address,15,0.5787,0.9065,0.0,0.0,0.0,0.0,colonial delta equipment,colonial delta services,evansville 453 jeanette drive in,
S1-471591092,S3-776125843,India,0.2888670861721039,Missing address,3,0.7125,0.9183,0.0,0.0,0.0,0.0,solutions dakshin facility limited,solutions dakshin limited center,ahmedabad gujarat 257 b h ever green hotel shed 57 vasudev estate narol road ahmedabad,
S1-932733552,S3-383647423,India,0.2887544333934784,Address weak / name strong,3,0.9573,0.9368,0.1429,1.0,0.0,0.0,earth ayurved india,earth ayurved,gujarat rajkot office 301 rk empire nr mavdi chok 150 feet road,office 0301 rajkot gujrat
S1-346264845,S3-881254144,US,0.28859642148017883,Missing address,5,0.7709,0.9259,0.0,0.0,0.0,0.0,national keystone alpha inc,national keystone,4796 beechnut street tx houston,
S1-317780845,S3-751512286,India,0.2885359823703766,Name weak / address strong,4,0.9497,0.6111,0.75,1.0,0.0,0.0,nrd cold,brixdovahalo,502 vanijya bhavan agrawal cloth market ahmadabad city ahmedabad gujarat,gj b3 502 ahmadabad city vanijya bhavan agrawal cloth market ahmedabad
S1-113922315,S3-711494055,India,0.28799372911453247,Other residual,24,0.5134,0.8505,0.3333,1.0,0.0,0.0,vision jain finance private limited,vijn jain phainems praivet limited,h no 694 shivam corp vadu navghar village bhiwandi thane maharashtra,h no 694 bhiwandi mharastr
S1-449956632,S2-339432132,US,0.28769704699516296,Name weak / address strong,5,0.9768,0.5354,0.75,1.0,0.0,0.0,metropolitan committee,drexorbifaye,3578 blue springs road strawberry plains tn,tn 3578 blue springs rd strawberry plains
S1-262201247,S3-400892839,US,0.2867220342159271,Missing address,8,0.7327,0.8903,0.0,0.0,0.0,0.0,cranford prime consolidated inc,cranford prime,2303 marshall avenue newport news city va,
S1-435462700,S3-114874626,US,0.2864631712436676,Transliteration / phonetic variation,5,0.7674,0.8626,0.25,1.0,0.0,0.0,cave supreme wave llc,center cave wave llc,al 514 22nd avenue birmingham,514 22th ave birmingham alabama
S1-303678304,S2-264233317,India,0.2858109474182129,Both moderately similar,8,0.7963,0.7263,0.375,1.0,0.0,0.0,future care limited,phyucr care limited,mumbai 1019cwing215atriumnextto courtyard marriottakroad maharashtra,door no 34 1019cwing215atriumnextto mumbai maharashtra
S1-752332074,S3-242004710,US,0.285288006067276,Missing address,9,0.7073,0.92,0.0,0.0,0.0,0.0,blue project iv,blue project ventures,wi 638 whitney way city of madison,
S1-57227563,S3-914331818,US,0.2852858304977417,Name weak / address strong,8,0.8792,0.4556,0.5,1.0,0.0,1.0,v t and t ready,vt com,2014 hairston avenue conway ar,2014 1 2 hairston avenue conway arkansas
S1-797394209,S3-448040993,India,0.2841232717037201,Address weak / name strong,4,0.7632,0.9139,0.125,1.0,0.0,0.0,lvr star private limited,lvr star limited partners,201 2nd floor trisha square 1 above p n gadgil jewellers jetalpur road vadodara gujarat,vadodara 201 gj
S1-162761046,S3-647600406,US,0.2837200164794922,Name weak / address strong,6,0.8549,0.5354,0.5556,1.0,0.0,1.0,quque llc,ciraquoflux,3551 henson street san tan valley az,3551 henson st san tan valley arizona
S1-411463697,S3-43074249,US,0.2835303843021393,Address weak / name strong,2,1.0,1.0,0.1111,1.0,0.0,0.0,kerns sky holdings,kerns sky holdings,linton in 380 5th street,380 fifth st liton indiana
S1-912070630,S2-815970428,US,0.28318363428115845,Name weak / address strong,9,0.9685,0.6012,0.7143,1.0,0.0,0.0,cardinal,citsh1a,ks 834 splitlog avenue kansas city,ks kansas city 834 splitlog ave
S1-150817831,S3-25326788,US,0.2825581133365631,Name weak / address strong,4,0.8621,0.4603,0.7143,1.0,0.0,0.0,a beacon pharmaceuticals llc,umbraorbikor,nashville 1205 spring creek drive tn,1205 spring creek drive nashville tennessee
S1-592145289,S3-105182775,US,0.2823106646537781,Address weak / name strong,1,1.0,1.0,0.1111,1.0,0.0,0.0,louisburg baptist continental church,louisburg baptist continental church,5797 375th street louisburg ks,kansas 1797 375st st louisburg
S1-870968403,S3-84514163,US,0.28170686960220337,Name weak / address strong,3,0.9068,0.5631,0.6667,1.0,0.0,0.0,xkl coastal golden llc,halogild,or salem 6060 fircrest street,oregon salem 6060 fircrest street
S1-923129283,S2-897370238,India,0.2815052568912506,Name weak / address strong,5,0.8148,0.4065,0.5,1.0,0.0,0.0,mpk travels private limited,veranex,hooghly 154 102 gandhi colony bandel station road p o bandel dist hooghly west bengal bandel,154 102 gandhi colony bandel station road bandel pscimbng
S1-536682252,S2-560516181,India,0.2812349796295166,Both moderately similar,17,0.7599,0.778,0.4,1.0,0.0,0.0,dynamic construction private limited,dainmik knstrksn praivet limited,502 5th floor telecom nagar cuddapah andhra pradesh,door no 502 cuddapah andhra pradesh
S1-268669358,S2-896993197,US,0.28104543685913086,Missing address,4,0.709,0.8666,0.0,0.0,0.0,0.0,advanced payroll products,advanced products services,63 eclipse center city of beloit wi,
S1-822084581,S3-59507563,India,0.2807997465133667,Missing address,6,0.6466,0.9276,0.0,0.0,0.0,0.0,aditavi enterprise pvt ltd,aditavi eneerarise pvt ltd,h no 119 khajuri khurao raisen road bhopal madhya pradesh,
S1-731115605,S3-731212966,US,0.2805122137069702,Missing address,21,0.4855,0.9626,0.0,0.0,0.0,0.0,eye colonial care associates,eye colonial care asicaes,monroe 3 rowledge pond road ct,
S1-388269503,S3-167889628,India,0.27914825081825256,Transliteration / phonetic variation,3,0.7559,0.8811,0.2778,1.0,0.0,0.0,sengundram connect private limited,sengundram private limited services,flat 407 4th floor rain tree park apartments rajeswari nagar singaperumal koil sengundram kancheepuram tamil nadu,fsat 407 4th floor sengundram kancheepuram tn
S1-162588741,S3-602994622,India,0.2790012061595917,Name weak / address strong,3,0.8483,0.5889,0.6429,1.0,0.0,0.0,aos infra india public limited,sri aosinfra,flatno401 ksr classic apartment maa villasroad kousalya colony hyderabad rangareddy telangana,401 ksr classic apartment maa villasroad kousalya colony rangareddy hyderabad andhra pradesh
S1-860077163,S3-829624763,India,0.278891921043396,Transliteration / phonetic variation,7,0.7084,0.7308,0.5,1.0,0.0,1.0,maa confectionery,m s maa center,15 krishna street shivpuram satbari road yashoda nagar kanpur nagar uttar pradesh,15 krishna street yashoda nagar kanpur nagar up
S1-421446197,S2-473636031,US,0.27888959646224976,Name weak / address strong,4,0.9127,0.6314,0.5556,1.0,0.0,1.0,tinajero and kumar llc,kumartinajero com,310 ida street fl 1 west frankfort il,310 ida st west frankfort il
S1-736175272,S3-835073067,India,0.27767738699913025,Address weak / name strong,1,1.0,1.0,0.1111,1.0,0.0,0.0,rds face pvt ltd,rds face pvt ltd,kagalwala house c block metro es 175 cst road kalina santacruz east 1st flr mumbai mumbai city maharashtra,flr mumbai mh
S1-37083490,S2-65446548,US,0.27761587500572205,Name weak / address strong,22,0.729,0.6921,0.5556,1.0,0.0,0.0,family prime associates group,primefamilyassoc com,georgetown tx unit 7204 800 wolf ranch parkway,800 wolf ranch pkwy georgetown tx
S1-777923023,S3-460775260,India,0.27732911705970764,Name weak / address strong,14,0.7732,0.6852,0.6667,1.0,0.0,0.0,om clinic,om service,lg 1 office plot no 13 gyan khand 2 indirapuram ghaziabad uttar pradesh,lg 1 office plot no 13 gyan khand 2 indirapuram sahibabad up
S1-873581432,S3-155568958,US,0.27725666761398315,Address weak / name strong,4,0.7424,0.93,0.1667,1.0,0.0,0.0,foot and ankle medicine of orange county,foot and ankle medicine of,711 gold valley road orange county va,00707 gold valley rd locust grove virginia
S1-955405089,S3-842706067,India,0.27681276202201843,Missing address,7,0.8338,0.9172,0.0,0.0,0.0,0.0,north hospitality,north hospitality enterprises,lexington towers no 18 2nd cross thavrekere main road suddagunte palya bangalore 2nd floor bangalore karnataka,
S1-136317892,S3-580309570,India,0.2761887311935425,Both moderately similar,23,0.473,0.8296,0.2,1.0,0.0,0.0,tech enterprises pvt ltd,tech pvt ltd center,room 3 mukund niwas orlemtank rd nr suvarna store malad w nr surana hospital mumbai mumbai city maharashtra,room 03 mukund niwas mumbai n a mh
S1-6042319,S2-990747603,US,0.2753901183605194,Missing address,5,0.8493,0.9152,0.0,0.0,0.0,0.0,martinez walkup and million l l c,martinez walkup and,3632 230th street north olmsted oh,
S1-420125312,S2-399403315,India,0.2753075957298279,Missing address,4,0.5893,0.9168,0.0,0.0,0.0,0.0,micron artha private limited,micron abah private limited,vellore tamil nadu 23 jangammar street wallajah walajapet dist ranipet,
S1-328729999,S3-211339302,US,0.2747633457183838,Address weak / name strong,3,0.7756,0.929,0.1667,1.0,0.0,0.0,lela hayes figx corp,lela hayes figx corp 2400348501,unit apt c westbrook me 27 walker street,27 wakler st null westbrook maine
S1-413765198,S3-901395341,India,0.27309074997901917,Missing address,4,0.8423,0.9277,0.0,0.0,0.0,0.0,new delhi advisory private limited,new delhi advisory private enterprises,c 51 g f main road shivalik colony malviya nagar near gitanjali road new delhi delhi,
S1-796030644,S2-888971513,India,0.2726489007472992,Name weak / address strong,3,0.9345,0.5294,0.75,1.0,0.0,0.0,aakash services limited,shri pyrahalo,mlig 4 251 sector h jankipuram lucknow uttar pradesh,block a 402 mlig 4 251 sector h jankipuram lucknow uttar pradesh
S1-51993208,S3-876837903,US,0.2725970149040222,Address weak / name strong,1,1.0,0.9545,0.0909,1.0,0.0,0.0,golden ridge oneim llc,golden oneim ridge llc,201 simmons street unit 328 olympia wa,199 simmons saint olypmia washington
S1-61592747,S3-793474340,US,0.27224794030189514,Missing address,1,0.7913,0.9083,0.0,0.0,0.0,0.0,chrystal seal staked inc,chrystal seal,515 roundview road baltimore md,
S1-97417704,S3-135476147,US,0.27216944098472595,Address weak / name strong,2,0.9837,0.9619,0.125,1.0,0.0,0.0,reliable aluminum inc,reliable aluminum,2348 8 minetto ny,234 8 oswego new york
S1-464654254,S3-244135675,US,0.27179691195487976,Transliteration / phonetic variation,11,0.7272,0.8581,0.25,1.0,0.0,0.0,safe melar,safe partners,5742 pulaski road chicago il,7742 pulaski rd chicago illinois
S1-176838883,S3-346509088,India,0.2710663974285126,Missing address,9,0.8131,0.8949,0.0,0.0,0.0,0.0,anushka traders private limited,anushka private limited center,h n 17 bhel sangam society bag sevaniya bhopal madhya pradesh,
S1-884373694,S2-639397879,US,0.2708686292171478,Missing address,2,0.8144,0.8662,0.0,0.0,0.0,0.0,natala s creative yoga,natala s natala s creative,956 freshwood court tx arlington,
S1-458158675,S3-334568259,US,0.27028417587280273,Missing address,20,0.8014,0.9179,0.0,0.0,0.0,0.0,asset building alliance,asset building alliance inc enterprises,4418 meadowbrook drive unit 5 trinity nc,
S1-500923945,S3-980514009,India,0.2699991464614868,Both moderately similar,27,0.7088,0.6975,0.2308,1.0,0.0,0.0,sree properties private limited,sreeproperties com,7a bentick street 2nd floor room no 216 kolkata kolkata howrah west bengal,bentick street kolkata wb
S1-974267089,S3-936585922,India,0.2697015702724457,Missing address,4,0.9113,0.9197,0.0,0.0,0.0,0.0,bhartia healthcare llp,bhartia healthcare healthcare,village ramnagar saiydpur p s ramnagar district purba medinipur ramnagar midnapore west bengal,
S1-849546759,S3-856290001,India,0.2695568799972534,Missing address,2,0.8967,0.7567,0.0,0.0,0.0,0.0,premier foods llp,dr premier foods,no 123 yeshashwini layout manachanahalli attibele hobli mayasandra post bengaluru bangalore karnataka,
S1-847255946,S2-109935731,US,0.26929306983947754,Missing address,4,0.884,0.9234,0.0,0.0,0.0,0.0,sutphin metropolitan spac inc,sutphin metropolitan spac inc www sutphinme com,161 navidad street bay city tx,
S1-313941715,S3-708047327,US,0.2691662609577179,Both moderately similar,3,0.7254,0.7583,0.3333,1.0,0.0,0.0,colley metro muniholdings llc,llc colley metro mnnhiodnigs,227 tamarack drive unit 2 city of lake mills wi,tamarack dr 2 lake mills wisconsin
S1-786735968,S3-35112659,US,0.26910915970802307,Address weak / name strong,1,1.0,1.0,0.1111,1.0,0.0,0.0,ennis deli inc,ennis deli inc,804 union street lafayette in,union st lafayett ecdp indiana
S1-356705304,S3-339085465,India,0.2690577507019043,Address weak / name strong,10,0.6303,0.8914,0.2273,1.0,0.0,0.0,dkq trades private limited,dkq tbdfs private limited,c o rajit mehra 9 atlanta east b wing ground floor near virwani east goregaon off east g m link road goregaon east mumbai maharashtra,c o rajit mehra mumbai mharastr
S1-753646288,S2-465370575,US,0.26810362935066223,Missing address,3,0.8248,0.9067,0.0,0.0,0.0,0.0,mutual wholesale dynamics pllc,mutual wholesale,wichita falls 2109 scott avenue tx,
S1-266751290,S3-693971062,US,0.2676795423030853,Missing address,24,0.3964,0.963,0.0,0.0,0.0,0.0,eye grand partners inc,eye girand partners inc inc,evans ny 6640 lake shore road,
S1-761400275,S2-551899811,US,0.2671887278556824,Name weak / address strong,1,0.9585,0.4626,0.8,1.0,0.0,0.0,wheeler college,arcdeltanex,42 bramble lane fairmont wv,bramble lane fairmont wv
S1-386131653,S3-98313662,India,0.26705747842788696,Address weak / name strong,3,0.7141,0.8589,0.1429,1.0,0.0,0.0,nellore global private limited,nellore private limited partners,hlt east 2 11 e4 27 1 1117 25 b 102 adhithya nagar revenue ward no 27 1 nellore andhra pradesh,nellore ap hlt esat 2
S1-433592402,S3-579672759,India,0.2662752866744995,Address weak / name strong,9,0.756,0.9022,0.2308,1.0,0.0,0.0,balaji super software private limited,balaji supr sophtveyr praivet limited,rex plot 15 s no 41 14 sai colony triveninagar pune maharashtra,rex triveninagar pune mh
S1-345766174,S3-336512521,US,0.266117662191391,Address weak / name strong,4,0.987,0.9556,0.1111,1.0,0.0,0.0,lalaify sierra llc,lalaify sierra,2011 balboa drive tempe az,tepe 002011 balboa dr arizona
S1-391410764,S3-556418623,US,0.26495978236198425,Missing address,6,0.8949,0.9158,0.0,0.0,0.0,0.0,juarez apex ses llc,juarez apex,6415 lasseter trail frisco tx,
S1-544963636,S3-355963077,US,0.26486703753471375,Missing address,3,0.9735,0.9667,0.0,0.0,0.0,0.0,katalin baldridge do p c,katalin baldridge do llc,5257 barton road north ridgeville oh,
S1-948057489,S3-361893751,US,0.26456645131111145,Name weak / address strong,5,0.9385,0.5254,0.8,1.0,0.0,1.0,rohrer all alphabet,aarohrercom,5524 river run street city of el paso tx,5524 river run street city of el paso texas
S1-518799557,S3-16360130,India,0.2644771337509155,Missing address,4,0.7079,0.8738,0.0,0.0,0.0,0.0,madhurima culture limited,madhurima limited services,muthey layout shastri nagar buldhana maharashtra,
S1-544410215,S3-637500432,India,0.26446038484573364,Name weak / address strong,4,0.8963,0.5934,0.7333,1.0,0.0,0.0,shirdi enterprises llp,sri brixaria,hno 213 a block meghadri hights balaji nagar rd yapral hyderabad telangana,b3 602 hno 213 a block meghadri hights balaji nagar rd yapral hyderabad tg
S1-554281762,S2-138603489,India,0.26416587829589844,Both moderately similar,6,0.6043,0.6575,0.2667,1.0,0.0,0.0,indrva logitech private limited,logitechprivate com,upper ground floor new palika complex amravati 7 rajkamal square maharashtra,no 8 634 7 rajkamal square amaravati maharashtra
S1-753163549,S3-995937187,US,0.26324793696403503,Missing address,2,0.9776,0.9416,0.0,0.0,0.0,0.0,harrington shackelford and ostrowski,harrington shackelford ostrowski lp,7708 thornton drive mckinney tx,
S1-660664085,S3-799849001,US,0.26324042677879333,Address weak / name strong,5,0.9197,0.95,0.1818,1.0,0.0,0.0,west pacific,west pacific ltd,4 durban court unit apartment c nottingham md,durban ct null nottingham maryland
S1-672311204,S3-987429200,India,0.2630946934223175,Both moderately similar,4,0.6661,0.6987,0.2857,1.0,0.0,0.0,assets and brothers private limited,assetsbrothers com,flat 317 tf gr 2 pkt 3c sec 16b new delhi south west delhi delhi,new delhi dl flat 317
S1-132342112,S3-704163330,India,0.2630387842655182,Missing address,3,0.8027,0.8883,0.0,0.0,0.0,0.0,customer medical centre,customer centre service,delhi mathura road level 2 south delhi elegance jasola,
S1-453193090,S3-625391530,US,0.26280850172042847,Name weak / address strong,2,0.792,0.4639,0.5714,1.0,0.0,0.0,family physicians of nashville,miragild,100 oak meadow lane nashville tn,oak meadow lane nashville tennessee
S1-361050934,S2-759889170,India,0.2627858519554138,Both moderately similar,24,0.554,0.7698,0.3333,1.0,0.0,0.0,galaxy engineering private limited,gaileksi imjiniyrimg praivet limited,25 amboli naka s v road andheri west kevni road mumbai mumbai city maharashtra,mumbai city mumbai 25 maharashtra
S1-627938384,S2-819283836,India,0.2623986601829529,Both moderately similar,28,0.466,0.7573,0.2857,1.0,0.0,0.0,eastern consultancy private limited,istrn knsltensi praivet limited,no 539 sumo pinnacle 2nd floor s kariyappa road jayanagar 7th block bangalore karnataka,bangalore no 539 bangalore karnataka
S1-61361556,S3-148624922,US,0.2621670663356781,Address weak / name strong,10,0.8317,0.9239,0.1,1.0,0.0,0.0,vanguard peak services llc,vanguard peak 5ervices,121 marion street ottumwa ia,2 marion st center township iowa
S1-603535743,S3-949804787,India,0.26188158988952637,Address weak / name strong,3,0.8074,0.8974,0.2143,1.0,0.0,0.0,exponential sangh,exponential center,level 1 parsavnath capital towers bhai veer singh marg gole market delhi new delhi delhi,level 1 delhi dl
S1-689026523,S2-589461634,US,0.26156121492385864,Missing address,4,0.6772,0.9144,0.0,0.0,0.0,0.0,summit coastal carlyle pc,summit coastal pc center,1610 diamond drive williamson county tn,
S1-782788132,S2-52846625,India,0.26084819436073303,Both moderately similar,22,0.659,0.6751,0.3846,1.0,0.0,1.0,universal infotech,mr iuniversal com,2s coramandel park block iii 163 velachery main rd tambaram kanchipuram tamil nadu,2s tambaram kanchipuram tamil nadu
S1-62398700,S2-403195105,US,0.2604787051677704,Other residual,7,0.8147,0.4833,0.4444,1.0,0.0,1.0,busoft inc,kelonyla,2945 oakleigh lane germantown tn,2945 oakleigh ln po box 9976 germantown tn
S1-416938532,S2-404452997,US,0.2601173520088196,Address weak / name strong,7,0.8189,0.9257,0.2,1.0,0.0,0.0,petrucelli clean terra p c,petrucelli clean clean,mo ofallon 266 eastgate drive,266 estgate dr lake saiint louis mo
S1-259020205,S3-926408889,US,0.2591872215270996,Name weak / address strong,5,0.8385,0.6032,0.5556,1.0,0.0,0.0,quality marine global,avinyla,53 c abner potter s way dartmouth ma,dartmouth massachusetts abner potter s way
S1-914256131,S3-966182009,India,0.25890451669692993,Missing address,14,0.5723,0.8704,0.0,0.0,0.0,0.0,pranendra intelligence limited,pranendra limited services,d 36 1 august kunda godowaliya varanasi uttar pradesh,
S1-819701105,S2-602062729,US,0.2587294578552246,Missing address,11,0.8749,0.8681,0.0,0.0,0.0,0.0,ear nose and throat safe partners llc,ear nose throat safe,205 mountain road fl 0 linthicum heights md,
S1-726545574,S3-135410888,India,0.25821375846862793,Name weak / address strong,4,0.9219,0.5246,0.7,1.0,0.0,0.0,hari logistics,orbiciradova,w 140 midcphase ii dombivali e thane maharashtra thane,w 9 140 midcphase ii dombivali e thane mh
S1-675843212,S3-716236677,US,0.258045494556427,Missing address,1,0.927,0.9302,0.0,0.0,0.0,0.0,benigno rocket p c,benigno rocket rocket,brigham city ut 355 600,
S1-349815610,S2-339112849,India,0.25753146409988403,Name weak / address strong,4,0.8002,0.6949,0.6667,1.0,0.0,0.0,safal hotel,dr safal httllt,flat no 302 narmada blk n 5 sec d pkt 6 vasant kunj delhi south west delhi delhi,no 02 narmada blk n 5 sec d pkt 6 vasant kunj delhi dilli
S1-63591226,S3-805613087,US,0.2571887671947479,Transliteration / phonetic variation,5,0.7724,0.8736,0.2727,1.0,0.0,0.0,northern frontier box llc,northern fronitsar box llc www northernf com,huntersville nc 12950 asbury chapel road,12950a asbury chapel rd null huntersville north carolina
S1-386366327,S3-701665096,US,0.25701719522476196,Name weak / address strong,3,0.9424,0.5012,0.5714,1.0,0.0,1.0,gulf fuels lp,keloxylosyn,83 poultney street whitehall ny,83 poultney street whitehall new york
S1-67131593,S3-847419315,India,0.25688982009887695,Missing address,24,0.6051,0.9234,0.0,0.0,0.0,0.0,sakhi restaurants private limited,sakhi resaurats private limited,no 52 tamilsangam road madurai south madurai tamil nadu,
S1-278655181,S2-788479761,US,0.2567582428455353,Missing address,25,0.4597,0.9464,0.0,0.0,0.0,0.0,prime national aberdeen llc,prime national ablnrden llc,1024 wood street houma la,
S1-274669243,S2-296887991,US,0.2564672827720642,Missing address,5,0.8338,0.9091,0.0,0.0,0.0,0.0,pinzon oakes and lucas,pinzon oakes,431 chartiers avenue canonsburg borough pa,
S1-866342737,S3-592188651,India,0.25633931159973145,Name weak / address strong,7,0.8705,0.6515,0.5,1.0,0.0,0.0,east investment private limited,smt eastinvestment com,mumbai maharashtra 601 rokadia apartmentrokadia lane borivali east mumbai,h no 00731 rokadia apartmentrokadia lane borivali east mumbai mumbai borivali mh
S1-415308218,S3-665750879,US,0.25629836320877075,Address weak / name strong,14,0.9515,0.9429,0.1111,1.0,0.0,0.0,eye center llc,eye center,922 27th street indianapolis in,27rd st indianapolis ctiy indiana
S1-689232227,S3-518735093,India,0.2560802698135376,Address weak / name strong,25,0.6452,0.9113,0.1538,1.0,0.0,0.0,smart life projects private limited,smart laiph projects praivet limited,bangalore 460 karnataka bangalore 6th cross 4th main j p nagar 3rd phase,460 bangalore ka
S1-706537654,S3-315167465,India,0.2554897665977478,Name weak / address strong,2,0.9201,0.6005,0.7727,1.0,0.0,0.0,first systems private limited,m s noviarciri,b 1003 floor 10 simandhar apartment nr nehru nagar parle point road ichchhanath south wes t surat gujarat,door no 813 b 1003 floor 10 simandhar apartment nr nehru nagar parle point road ichchhanath south wes t surat gj
S1-867186752,S2-14060859,US,0.2554621398448944,Missing address,3,0.8392,0.8812,0.0,0.0,0.0,0.0,vanguard media worldwide llc,vanguard worldwide llc service,in rm room d anderson 3511 oaklawn drive,
S1-90322398,S2-549774487,US,0.25516945123672485,Missing address,7,0.889,0.8056,0.0,0.0,0.0,0.0,meon llc,the meon llc,15619 eastern meadowlark way cypress tx,
S1-131167391,S2-601844502,India,0.2545056939125061,Name weak / address strong,4,0.9189,0.4161,0.8824,1.0,0.0,0.0,kritin solution group,drexdeltahalo,altf 101 mr 01 okhla 5th floor 101 nh 19 crri ishwar nagar new delhi south delhi delhi,altf 10 mr 01 okhla 5th floor 101 nh 19 crri ishwar nagar new delhi south dilli
S1-143765587,S3-417764636,India,0.25310584902763367,Missing address,8,0.7599,0.8932,0.0,0.0,0.0,0.0,hindustan public school private limited,hindustan public private limited services,plot no 13 b bjb nagar bhubaneswar khordha orissa,
S1-435291840,S3-891730218,India,0.2523077130317688,Address weak / name strong,4,0.9547,0.9529,0.125,1.0,0.0,0.0,lucknow store llp,lucknow store,lucknow uttar pradesh ganj trade center 10 capper raod hazratganj 4th floor lucknow,door no 04th floor lucknow up
S1-489411170,S3-379558215,India,0.25228655338287354,Name weak / address strong,7,0.9037,0.5211,0.7368,1.0,0.0,0.0,creative foundation,lumwexaria,12 to 15 rainbow hsg society park royal flat no c 1102 rahatani pune city pune maharashtra,door no 12 to 15 rainbow hsg society park royal flat no c 1102 rahatani mumbai pune mh
S1-900614847,S3-77380669,India,0.2520115077495575,Both moderately similar,29,0.6224,0.7799,0.3125,1.0,0.0,0.0,east sky software private limited,ist skai saphtver praivet limited,pt no 521 1st floor bhagat singh nagar tirumalagiri hyderabad telangana,plot 5 663 pt no 521 null tirumalagiri hyderabad tg
S1-588228596,S2-969286406,US,0.25183433294296265,Missing address,19,0.7162,0.8909,0.0,0.0,0.0,0.0,urban deli,urban deli enterprises,1000 allison drive unit apt 87 vacaville ca,
S1-302316991,S3-564099056,US,0.2510356307029724,Other residual,1,0.6505,0.4006,0.25,1.0,0.0,0.0,garvey fusion,nexde1ta,6920 winton street houston tx,6922 winton st texas houston
S1-546164146,S3-263748362,India,0.25102344155311584,Name weak / address strong,6,0.7781,0.0,0.7,1.0,0.0,0.0,jay tech pvt ltd,quoiri,bangalore karnataka 15th cross kanaka nagar r t nagar bangalore,15th cross kanaka nagar r t nagar bangalore bengaluru krnatk
S1-640370397,S3-11435236,India,0.2508170008659363,Transliteration / phonetic variation,21,0.598,0.8411,0.1538,1.0,0.0,0.0,supreme perfect trading private limited,supremeperfecttrading com,b2 1106 l and t south city arekere bangalore karnataka,b3 1106 bengaluru ka bangalore
S1-301490340,S2-968519126,US,0.2506742477416992,Address weak / name strong,12,0.5805,0.9233,0.1818,1.0,0.0,0.0,jacenta s interstate solutions,jacenta s iotnertnte solutions,500 rivulon boulevard unit 4061 gilbert az,499 rivulon blvd gilbertt city az
S1-699554681,S3-504082370,US,0.2504609227180481,Acronym / name truncation,3,0.8506,0.6343,0.4286,1.0,0.0,1.0,bingaman and mccord llc,mccordbingaman com,90 menotomy road plymouth ma,90 menotomy rd plymouth massachusetts
S1-408708667,S3-260806372,India,0.25003910064697266,Missing address,2,0.8898,0.916,0.0,0.0,0.0,0.0,lama india agencies limited,lama lndia agencies limited,hyderabad 5 2283 a hyderabad plot no 9 and 10 pent house 4th floor a n complex telangana,
S1-16850890,S3-848926082,US,0.24999743700027466,Missing address,5,0.8195,0.8708,0.0,0.0,0.0,0.0,croston partnership llc,croston llc partners,islip 1548 baldwin boulevard ny,
S1-971454907,S3-22967750,India,0.2499038279056549,Address weak / name strong,1,1.0,1.0,0.1053,1.0,0.0,0.0,saha finlease,saha finlease,thane maharashtra gala no 16 gr floor bldg no a 21 hari har compound dapode village bhiwandi h no 788,788 thane mh
S1-333990107,S3-377578255,US,0.24974337220191956,Other residual,5,0.6884,0.4583,0.25,1.0,0.0,1.0,elisabet lamb do,xylonovi,1005 7th place sylacauga al,1005 seventh pl sylacauga alabama
S1-437529425,S2-590742538,India,0.24932116270065308,Missing address,13,0.764,0.9172,0.0,0.0,0.0,0.0,mumbai exports private limited,mumbai exports limited 5ervices,a g002 ground floor plot 8 pt tower no 7 lodha estrella salt pan road wadala truc k terminal mumbai mumbai city maharashtra,
S1-685203354,S3-805926248,US,0.24847307801246643,Missing address,24,0.3634,0.9467,0.0,0.0,0.0,0.0,bay league pllc,bay lerade pllc,18992 co rd n 30 west unity oh,
S1-201774097,S3-651571107,US,0.24811789393424988,Missing address,7,0.6251,0.9375,0.0,0.0,0.0,0.0,marice ready crumrine inc,marice redy crumrine inc id 15720,7000 woodyard road upper marlboro md,
S1-492602717,S3-414440157,India,0.24790780246257782,Both moderately similar,7,0.7987,0.7462,0.3636,1.0,0.0,0.0,swastik foundation private limited,svstik phaumdesn praivet limited,d 200 budh vihar commercial gorakhpur sadar gorakhpur uttar pradesh,d 200 gorakhpur sadar gorakhpur uttr prdes
S1-514539008,S3-482068643,India,0.24750763177871704,Address weak / name strong,2,1.0,1.0,0.1304,1.0,0.0,0.0,bhavani silk private limited,bhavani silk private limited,no 19 8 6a shree devi kripa opp nitk pg hostel srinivasa nagara mangalore dakshina kanada mangalore dakshina kannada karnataka,hn 4 11 2105 mangalore dakshina kannada ka
S1-500214544,S3-240612858,India,0.24725119769573212,Other residual,24,0.5591,0.6479,0.2857,1.0,0.0,0.0,real enterprises pvt ltd,riyl emtrpraijej pra li,h 901 bestech park view spa next sector 67 badshahpur gurgaon haryana,h 901 null badshahpur gurgaon hriyana
S1-655436789,S3-281679517,US,0.24713359773159027,Missing address,3,0.8454,0.9189,0.0,0.0,0.0,0.0,longshoremen local 247 of westerville,longshoremen local 247,16 state street westerville oh,
S1-458442179,S3-364446714,US,0.24686752259731293,Missing address,19,0.5757,0.8543,0.0,0.0,0.0,0.0,levins residential llc,levins llc services,20 todds way easton ct,
S1-801543626,S2-735630912,US,0.24678055942058563,Name weak / address strong,7,0.6987,0.4722,0.6667,1.0,0.0,1.0,lf liberty daedalus pllc,yumacalo,213 vicki trail hot springs village ar,213 viki trail hot springs village township ar
S1-743045973,S2-994639049,India,0.2464279681444168,Transliteration / phonetic variation,5,0.724,0.7806,0.5,1.0,0.0,0.0,vert group,smt vt group,bihar house of geeta devi a 182 p c colony kankarbagh patna,house of geeta devi patna bihar
S1-590226414,S3-232939551,US,0.24614332616329193,Missing address,2,0.755,0.9332,0.0,0.0,0.0,0.0,gonzalez s grand homecare,gonzalez s gbrbd homecare,8100 rockfield court fair oaks ca,
S1-579946262,S2-521610352,India,0.24610894918441772,Missing address,16,0.5236,0.924,0.0,0.0,0.0,0.0,hanjer foundation,hanjer fuohditon,b 5 2 prabhakar plazastation road kolhapur maharashtra,
S1-216814241,S3-226272965,India,0.24594104290008545,Address weak / name strong,23,0.3734,0.8613,0.1579,1.0,0.0,0.0,white business private limited,white private limited services,maharashtra rajrani co op housing society ltd cts 463 463 01 t007 pandit solicitor road 1601 malad east mumbai,malad east mharastr 1601
S1-206897815,S3-472629255,US,0.24539241194725037,Other residual,6,0.867,0.0,0.4545,1.0,0.0,0.0,keify,jaxlumgild,1674 paul todd drive city of el paso tx,e paso 1674 paul todd drive texas
S1-820717531,S3-856645166,US,0.24509580433368683,Address weak / name strong,3,0.8862,0.944,0.2,1.0,0.0,0.0,nelson runway corp,nelson runway corporation,1233 independence avenue washington dc,district of columbia null independence ave washington
S1-825804090,S3-996974605,US,0.24487970769405365,Missing address,21,0.4349,0.9506,0.0,0.0,0.0,0.0,oncology mountain clinic llc,oncology mountain cfclniac llc,17824 152nd street monroe wa,
S1-522273986,S2-477567500,US,0.24484777450561523,Missing address,3,0.7295,0.9378,0.0,0.0,0.0,0.0,r d and u jones care,r d and u jones services,117 technical court garner nc,
S1-227746935,S3-939905646,US,0.2442094087600708,Name weak / address strong,2,0.8965,0.4392,0.75,1.0,0.0,0.0,washington talya do,talyado com,4938 69 fl 1 story hawesville ky,kentucky fl 1 story 4938 69 hawesville
S1-350615679,S2-357451679,India,0.24398475885391235,Name weak / address strong,3,0.8671,0.67,0.6364,1.0,0.0,0.0,aadi labs,aadi center,mankavu kerala 2nd floor ar complex kovilakam road kozhikode,002nd floor ar complex kovilakam road mankavu kozhikode kerlm
S1-513500453,S3-185026120,US,0.24389183521270752,Both moderately similar,4,0.8186,0.6985,0.3636,1.0,0.0,1.0,sb industries,sb service,3964 mountain view circle lenoir nc,3964 1 2 mountain view cir lenoir north carolina
S1-898039814,S3-447104178,US,0.24384717643260956,Name weak / address strong,4,0.84,0.4798,0.5714,1.0,0.0,0.0,glessner ag dmd dds pc,agdmd com,4204 hemlock lane vadnais heights mn,hemlock lane vadnais heights minnesota
S1-458637390,S3-615647970,India,0.24307675659656525,Missing address,6,0.8583,0.9437,0.0,0.0,0.0,0.0,bhomia real pvt ltd,bhomia re pvt ltd,g b nagar site v kasna industrial area gautam buddha nagar d 209 epip uttar pradesh,
S1-448207376,S3-638955403,US,0.2428523600101471,Missing address,2,0.6889,0.9024,0.0,0.0,0.0,0.0,tiex platinum sim inc,tiex platinum sim incorporated 3028735127,3117 main street dallas tx,
S1-725424879,S2-227208356,US,0.24275165796279907,Missing address,2,0.7436,0.8856,0.0,0.0,0.0,0.0,advanced anchor oil llc,advanced oil llc services,25 boyd drive jackson tn,
S1-881137142,S3-611139138,US,0.24248893558979034,Missing address,7,0.8947,0.9406,0.0,0.0,0.0,0.0,autism assistance coalition llc,autism assistance coalition trading,241 hughes street stone church wv,
S1-875287798,S2-528260448,India,0.24227088689804077,Both moderately similar,24,0.7209,0.8019,0.25,1.0,0.0,0.0,real construction private limited,riyl knstrksn praivet limited,bangalore karnataka 1st floor pixel park a block pes school of enginee ring bangalore ehealth technology business incubnator,krnatk bangalore no 945 ehealth technology business incubnator bangalore
S1-220758058,S3-859715645,US,0.24208350479602814,Name weak / address strong,21,0.7405,0.6306,0.5455,1.0,0.0,0.0,ham lake ear nose and throat care associates llc,hamlakeear com,845 bunker lake boulevard unit apartment 205 ham lake mn,bunker lake blvd minnesota ham lake unit apartment 205
S1-898164125,S2-237189990,India,0.2418266385793686,Name weak / address strong,4,0.9621,0.6624,0.8333,1.0,0.0,0.0,madanapalli polytech ltd,polytechmadanapalli com,2 190 g floor bogitivaripalli vempalli madanapalli mandal madanapalli chittoor andhra pradesh,3 2 190 g floor bogitivaripalli vempalli madanapalli mandal madanapalli andhra pradesh
S1-638029091,S3-989468194,US,0.24150601029396057,Name weak / address strong,4,0.8826,0.4755,0.5,1.0,0.0,1.0,ferrora giant llc,dovahaloyuma,2032 garfield avenue lynchburg city va,2032 garfield ave lynchburg city virginia
S1-976141770,S3-632031527,US,0.24146060645580292,Address weak / name strong,22,0.6295,0.9791,0.0909,1.0,0.0,0.0,chiropractic tri state clinic,chiropractic tri state clieci,tn signal mountain 2236 fairmount road,2236 faimount rd signa lmountain tennessee
S1-992592753,S2-23493866,US,0.24145402014255524,Missing address,3,0.8274,0.8737,0.0,0.0,0.0,0.0,retecum,retecum corporation,3963 bernice road hempstead ny,
S1-517861351,S2-730268626,US,0.24140490591526031,Name weak / address strong,8,0.9769,0.5873,0.7143,1.0,0.0,1.0,big grill,quobrix,120 confederate drive frederick county va,120 confederate dr frederick county va
S1-524422643,S3-207507045,US,0.2405882477760315,Missing address,3,0.9117,0.8828,0.0,0.0,0.0,0.0,liberty great paloma llc,liberty liberty great paloma l l c,5401 mays street unit 5415 georgetown tx,
S1-210425382,S2-795255927,US,0.2402762770652771,Name weak / address strong,1,0.7261,0.494,0.6667,1.0,0.0,0.0,morse romero and jayne parts,drexgild,eagan mn 1967 covington lane,1953 covington lane eagan mn
S1-191261432,S3-623445079,US,0.24018257856369019,Missing address,4,0.707,0.8948,0.0,0.0,0.0,0.0,battle banc inc,battle inc partners,430 acorn lane ky olive hill,
S1-478858873,S3-110998829,US,0.23965544998645782,Name weak / address strong,3,0.7657,0.3798,0.6,1.0,0.0,0.0,white smart llc,novigildnex,il saint charles 5n 137 fox bluff court,005n 137 fox bluff court saint charles illinois
S1-799879457,S3-98358127,India,0.2388506829738617,Both moderately similar,21,0.6487,0.778,0.3333,1.0,0.0,0.0,green law chambers company,m s green law chmcers company,2nd floor block j laxmi nagar delhi j 79 back east delhi,j 81 back east delhi dilli
S1-71946500,S3-7527362,India,0.23786769807338715,Address weak / name strong,23,0.459,0.8694,0.1875,1.0,0.0,0.0,lotus systems pvt ltd,lotus pvt ltd partners,bl a 3 fr 301 47 1 deshpran sashmal road howrah west bengal,hn 78 bl a howrah wb
S1-266834998,S2-842906411,US,0.23677049577236176,Address weak / name strong,2,1.0,1.0,0.1111,1.0,0.0,0.0,dynamic cloud brands pllc,dynamic cloud brands pllc,8704 thrush trail mckinney tx,mckiinney 8875 thrish trl tx
S1-540121994,S3-624930441,US,0.23663170635700226,Address weak / name strong,1,0.9868,0.975,0.1,1.0,0.0,0.0,chiropractic colonial center llc,chiropractic colonial center,404 6th street lebo ks,760 6st st null lebo kansas
S1-415881157,S3-761479461,US,0.2365732640028,Name weak / address strong,3,0.8772,0.6421,0.5455,1.0,0.0,0.0,delta reliable rivernorth partners,de1ta reliable,519 hillsborough street unit 101 chapel hill nc,north carolina unit 101 chapel hill 519 hillsborough st
S1-542833452,S2-713590035,India,0.23648768663406372,Missing address,5,0.7226,0.9394,0.0,0.0,0.0,0.0,matrubhoomi india services limited,matrubh0omi india services,1st floor no 31 a jawaharlal nehru salai ekkatuthangal chennai tamil nadu,
S1-133345984,S3-519647353,US,0.23640675842761993,Address weak / name strong,4,0.7129,0.8975,0.2222,1.0,0.0,0.0,all clear medicine llc,a1l clear medicine,12512 mayfield court alsip il,n a alsip illinois mayfield ct
S1-387946753,S2-911145110,US,0.23604503273963928,Missing address,3,0.6749,0.9001,0.0,0.0,0.0,0.0,teor coastal rivernorth inc,teor coastal inc center,525 montrachet dr drive ofallon mo,
S1-283434031,S3-964386207,US,0.2351997047662735,Missing address,2,0.8254,0.9176,0.0,0.0,0.0,0.0,hamilton niblack and childress inc,hamilton niblack and,552 larkspur drive clarksville tn,
S1-768651389,S3-299831457,India,0.23483897745609283,Both moderately similar,6,0.6233,0.7885,0.4545,1.0,0.0,0.0,jaswant and partners,m s jaswant panrhners,c o chetan nagda sisarma road sisarma girwa udaipur rajasthan,c o chetan nagoa girwa udaipur rj
S1-363805837,S2-760338001,India,0.23480252921581268,Both moderately similar,23,0.598,0.7742,0.2,1.0,0.0,0.0,sree bright consulting pvt ltd,sri brait knsltimg pra li,plot no 220 vip moti talav road bhavnagar gujarat,bhavnagar gujrat 220 bhavnagar
S1-870919466,S3-201201012,US,0.23452052474021912,Other residual,4,0.7564,0.2833,0.25,1.0,0.0,0.0,santiago and shields,xyloecto,5715 chantilly lane houston tx,715 chantilly ln houston texas
S1-55731659,S3-598768088,US,0.23447643220424652,Other residual,23,0.7025,0.6444,0.3,1.0,0.0,0.0,ear nose and throat health inc,earnosethroat com,630 virginia street port lavaca tx,00630 virginia saint port lavaca city texas
S1-908981333,S3-192094006,India,0.23413705825805664,Name weak / address strong,3,0.7639,0.4781,0.5,1.0,0.0,0.0,large berry private limited,synectobelo,fl no 48 4a nivrutti nagar charwad wasti haveli pune maharashtra,haveli mh fl no 48 4a nivrutti
S1-711412360,S3-625731832,US,0.23335863649845123,Missing address,2,0.6832,0.9276,0.0,0.0,0.0,0.0,2063 first boulevard properties associates,2063 first boulegvamd properties associates 5251220544,505 pine street monterey tn,
S1-738904319,S3-741487382,US,0.23327083885669708,Address weak / name strong,2,1.0,1.0,0.1,1.0,0.0,0.0,gehringer home llc,gehringer home llc,plattekill 117 quaker street ny,wallkill new york 0117 quaker st
S1-123159701,S2-132899367,India,0.23313231766223907,Name weak / address strong,4,0.8926,0.5678,0.6,1.0,0.0,0.0,jasmine consultants,mr jasmine services,plot no 2757 sec 46 gurugram gurgaon haryana,h no a 2757 sec 46 gurugram haryana
S1-403452589,S3-434668629,US,0.2325114607810974,Both moderately similar,23,0.4652,0.6715,0.2,1.0,0.0,0.0,custom flexible llc,llc custom fexifme,24418 boyer road new washington in,24020 boyer rd new washintgon indiana
S1-551403846,S3-266916876,India,0.23211054503917694,Name weak / address strong,23,0.7374,0.6917,0.6,1.0,0.0,0.0,international solutions private limited,solutionsinternationalcom,s 216 new delhi delhi ground floor pandav nagar,s 216 ground floor pandav nagar east dilli
S1-844940034,S3-177072828,US,0.23171715438365936,Other residual,4,0.7184,0.6289,0.4286,1.0,0.0,1.0,mumford heritage platinum,heritageplatinummumford com,205 10th street philomath or,205 10th street philoamth oregon
S1-247365329,S3-145754373,US,0.2315765917301178,Missing address,7,0.7418,0.9319,0.0,0.0,0.0,0.0,kitti navarro great software,kitti navor great software,2659 ocean view avenue supply nc,
S1-255058605,S3-130854060,US,0.2313861846923828,Other residual,13,0.804,0.5583,0.3333,1.0,0.0,1.0,maid grill,yumabelo,2539 adair road peterstown wv,2539 adair rd null peterstown west virginia
S1-686531414,S2-269277035,US,0.23051759600639343,Missing address,6,0.8175,0.9256,0.0,0.0,0.0,0.0,eastern learning center inc,eastern learning inc services,4465 wyman drive sacramento ca,
S1-324199440,S3-177892081,US,0.23023569583892822,Address weak / name strong,8,0.6289,0.8505,0.2222,1.0,0.0,0.0,letti s massage llc,letti s llc center,1513 valley ridge drive gallatin tn,valley ridge dr gallattin tennessee
S1-262476302,S3-114701572,US,0.23011603951454163,Address weak / name strong,1,1.0,1.0,0.1,1.0,0.0,0.0,patriot youth safe church,patriot youth safe church,1643 flagspring road patriot oh,walnut twp ohio 643 flagspring rd
S1-615004041,S3-325403656,US,0.229970321059227,Both moderately similar,23,0.4813,0.8133,0.25,1.0,0.0,0.0,j d russell btc,j d,15297 manchester road ballwin mo,manchester road null ballwwin missouri
S1-260578745,S3-361209129,India,0.22931553423404694,Missing address,4,0.8949,0.8464,0.0,0.0,0.0,0.0,glitter brothers private limited,dr glitter brothers praivet limited,building no 2 104 millennium park hari om nagar mulund east mumbai mumbai city maharashtra,
S1-756203375,S3-583683720,India,0.22906377911567688,Missing address,22,0.3167,0.9319,0.0,0.0,0.0,0.0,three welfare society,three welfare center,h no 147 phirni road vpo kultham sbs nagar banga nawan shehar punjab,
S1-196098193,S3-517079075,India,0.22899776697158813,Both moderately similar,3,0.7845,0.73,0.2727,1.0,0.0,0.0,armada singh company,asingh com,84 new nellai stores dindigul main road vedasandur dindigul tamil nadu,dindigul 84 tn vedasandur
S1-504879194,S2-203567711,US,0.228685662150383,Missing address,2,0.9584,0.9798,0.0,0.0,0.0,0.0,smart consumer enterprises pc,smart consumer enterprises llc,6421 oak park drive memphis tn,
S1-89798651,S3-129949910,India,0.22831834852695465,Transliteration / phonetic variation,28,0.5384,0.865,0.35,1.0,0.0,0.0,global consultancy,global center,madhya pradesh g 1 1 shyam tower 64 2 r n t marg opp chetak centre indore,plot 13 g 1 1 shyam tower 64 2 indore mdhy prdes
S1-855933152,S3-740629177,India,0.22728900611400604,Transliteration / phonetic variation,9,0.6393,0.8232,0.1429,1.0,0.0,0.0,agro ajinkya auto private limited,agroajinkyaauto com,flat no 5 sai kutir chs ltd 1st floor datta mandir road dhanukar wadi kandivali we st mumbai mumbai city maharashtra,5 mumbai mumbai city mharastr
S1-395355897,S3-276696688,US,0.2269086092710495,Other residual,25,0.5351,0.4896,0.25,1.0,0.0,1.0,espinoza hicks and cervantez llc,drexnyla,506 wood street fl 0 brooklyn md,506 508 wood st floor 0 broklyn maryland
S1-548395202,S3-320892748,US,0.2267724871635437,Missing address,16,0.5326,0.921,0.0,0.0,0.0,0.0,reiko edwards apex stellar llc,reik0 ewdrs apex stellar llc,520 36th street bessemer al,
S1-554664441,S3-374927590,US,0.22631502151489258,Acronym / name truncation,21,0.6171,0.7429,0.2727,1.0,0.0,0.0,united program,up,420 garfield street baton rouge city la,420c garfield st baton roug city louisiana
S1-607526783,S3-702400378,India,0.2262849658727646,Name weak / address strong,3,0.8962,0.6594,0.75,1.0,0.0,0.0,sna public school,shri snapublic,the plaza 106 railway road gurgaon haryana,the plaza 106 railway road gurgaon hr
S1-147439852,S3-930409423,US,0.22605392336845398,Other residual,2,0.7768,0.6332,0.2,1.0,0.0,0.0,tabby s diamond cleaning service,cleaning diamond tabby s serttvce,va shenandoah county 7151 fort valley road,fort valley rd ft valley virginia
S1-20175727,S2-314391625,US,0.22602419555187225,Name weak / address strong,8,0.774,0.3787,0.5,1.0,0.0,0.0,johnson keating and burrell crane,jkburrell com,unit 602 318 i street washington dc,318 i st washington dc
S1-470335723,S3-500157484,India,0.2258702963590622,Name weak / address strong,2,0.828,0.4602,0.7778,1.0,0.0,0.0,wth electronics private limited,deltalyrawex,d 82a road no 7 amber jaipur rajasthan,jaipur amber d 82a rj road no 7
S1-278417217,S2-428665860,India,0.22569485008716583,Missing address,7,0.6064,0.859,0.0,0.0,0.0,0.0,vaibhav valley co,vaibhav co partners,h no 8 5 317 flat no 301 apt 2 brundavan colony old bowenpally secunderanad rangareddy telangana,
S1-227096788,S2-301092276,US,0.2256620079278946,Name weak / address strong,4,0.7485,0.6143,0.5,1.0,0.0,0.0,britte spear innovative commodity llc,ibspear com,114 nancy drive unit 502e suffolk city va,nancy drive suffolk va
S1-285639247,S3-504101581,US,0.22552648186683655,Address weak / name strong,19,0.9546,0.8972,0.1818,1.0,0.0,0.0,foot and ankle associates inc,foot ankle associates,515 tappan avenue ravenna oh,tappan ave po box 3710 ravenna cdp ohio
S1-233521086,S3-210596114,India,0.22539904713630676,Transliteration / phonetic variation,26,0.5938,0.7079,0.5455,1.0,0.0,0.0,world india globe private limited,dr worldindiaglobe com,s 100 okhla industrial area phase i new delhi delhi,s a 100 phase i new delhi dilli
S1-121429533,S3-509461412,US,0.22432653605937958,Address weak / name strong,1,0.983,0.9846,0.1111,1.0,0.0,0.0,furman bentley and kelly maintenance pc,furman bentley and kelly maintenance,203 35th street austin tx,texas austin 0203 35rd st
S1-912392523,S2-561989065,US,0.22404058277606964,Acronym / name truncation,4,0.7823,0.5874,0.375,1.0,0.0,1.0,lynd grupo clinic,lgclinic com,2072 haslacker road maysville wv,2072 haslacker rd masville city wv
S1-34219292,S3-738606227,US,0.22390951216220856,Other residual,3,0.8605,0.5108,0.4444,1.0,0.0,1.0,koi regional steel,zephnexbelo,4818 jessica court sugar land tx,4818 jessica ct null sugar land texas
S1-320801866,S3-966968853,India,0.22268973290920258,Missing address,16,0.7708,0.937,0.0,0.0,0.0,0.0,international media pvt ltd,international media praibhet limited,ratneswar ghat road garulia 24 parganas north garulia parganas north west bengal,
S1-766788853,S2-862142762,India,0.22237715125083923,Both moderately similar,9,0.7924,0.6537,0.4615,1.0,0.0,0.0,bright food private limited,pirait kput piraivet limitet,tamil nadu 1st floor gpr nagar udhaya kumar st poonamallee tiruvallur pno 96,pno 96 tiruvallur poonamallee tamil nadu
S1-144924835,S2-915434023,US,0.2207093983888626,Name weak / address strong,4,0.8147,0.5952,0.5,1.0,0.0,0.0,kansas city family association p c,kcfamily com,4780 corrington avenue kansas city mo,mo 4780 corrington ave kansas city po box 3133
S1-690000565,S3-330431400,US,0.22061647474765778,Address weak / name strong,16,0.9869,0.9771,0.0909,1.0,0.0,0.0,pediatric dentistry specialists,pediatric dentistry specialists inc,12 harborview place brookhaven ny,center moriches 12 harborivew pl new york
S1-28505298,S2-34131055,India,0.22058208286762238,Both moderately similar,29,0.721,0.8194,0.3846,1.0,0.0,0.0,super constructions limited,supr kmstrksms limited,flat no 62 block b 11 sector 18 rohini new delhi west delhi delhi,h no 62 new delhi west delhi delhi
S1-440419308,S3-965293159,US,0.22036141157150269,Other residual,5,0.789,0.3963,0.375,1.0,0.0,0.0,innovative classic quartzsea inc,quoriza,4812 cook road otisco ny,4812b cook road otisco new york
S1-64002014,S3-735262006,India,0.21989047527313232,Address weak / name strong,2,0.9744,0.9467,0.125,1.0,0.0,0.0,best logistics private limited,best logistics private,pune shop no 7 maharashtra sagar plaza 4a tukaramnagar talegaon d telegaon pune,1 null pune talegaon dabhad mh
S1-26693716,S3-738821184,India,0.21925191581249237,Both moderately similar,21,0.6674,0.7753,0.3333,1.0,0.0,0.0,sk infrastructure private limited,skprivateinfrastructure com,flat 601 sherlyn regency haveli maharashtra sno 24 1 24 2 nr bapuji pune,door no 286 flat 601 sherlyn regency null haveli pune mh
S1-87000533,S2-728143815,US,0.2189369946718216,Missing address,6,0.5773,0.9226,0.0,0.0,0.0,0.0,mitton s media care,mitton s mdosi care,115 galaxy drive woodlawn il,
S1-613470005,S2-85391344,US,0.2185155153274536,Missing address,4,0.7618,0.8889,0.0,0.0,0.0,0.0,uranga ridge healthcare llc,uranga ridge,14181 horseshoe bend conroe tx,
S1-609634097,S2-66080431,India,0.21742382645606995,Other residual,20,0.7669,0.7257,0.5,1.0,0.0,0.0,all international limited,ol imtrnesnl limited,j 4 57akhirki extension new delhi south delhi delhi,south delhi block b 610 j 4 57akhirki extension gurugram dilli
S1-50931726,S2-587218189,US,0.21740221977233887,Other residual,4,0.799,0.5611,0.4444,1.0,0.0,1.0,style 2 you llc,s2 com,231 mclemore avenue brownsville tn,231 d mclemore ave pmb 8564 brownsville tn
S1-993978102,S3-459471077,India,0.21695411205291748,Address weak / name strong,1,0.9186,0.9565,0.1579,1.0,0.0,0.0,green works center,green works center corp,xx 656l second floor marian centre east fort gate tripunithura ernakulam kerala,block d 377 xx 656l n a cochin tripunithura kl
S1-339799534,S2-818475771,US,0.21692407131195068,Other residual,3,0.8225,0.2833,0.4,1.0,0.0,0.0,family supreme group,ectobrix,unit 19 1224 peru olena road oh norwalk,1224c peru olena rd norwalk oh
S1-597158511,S2-344294316,US,0.21588002145290375,Missing address,6,0.9553,0.9462,0.0,0.0,0.0,0.0,humphrey global lp,humphrey global inc,75 coventry court hillsboro tn,
S1-935505415,S3-553337611,US,0.2157612144947052,Address weak / name strong,21,0.5067,0.9597,0.1111,1.0,0.0,0.0,g e varela championsgate group,g e varela chemioantsagte group,lyman me 147 huff road,alfred 147a huff rd maine
S1-926934716,S3-457720574,US,0.2152625173330307,Address weak / name strong,3,0.9831,0.9733,0.1111,1.0,0.0,0.0,innovative talent partners inc,innovative talent partners,oh parma 12875 corporate drive,12874 corporate dr cleveland ohio
S1-8186042,S3-646328313,US,0.21470855176448822,Name weak / address strong,16,0.7762,0.4259,0.5,1.0,0.0,1.0,mexico,yumadelta,6049 landis road oxford nc,6049 6053 landis road oxford north carolina
S1-542856509,S2-49088180,India,0.21372902393341064,Name weak / address strong,6,0.8731,0.6539,0.7619,1.0,0.0,0.0,galaxy consultancy private limited,gaileksi kmsltemsi praivet limited,plot no gh 03 16 th avenue sec 16c gaur city 2 greater noida w ghaziabad uttar pradesh,plot 549 plot no gh 03 16 th avenue sec 16c gaur city 2 greater noida w ghaziabad uttr prdes
S1-434792840,S3-165376184,US,0.21372397243976593,Both moderately similar,21,0.5961,0.8443,0.3,1.0,0.0,0.0,family foundation,family center,town of middleton 3725 coachman way wi,3725 coachman way cross plains wisconsin
S1-768582575,S2-737324326,US,0.21366944909095764,Missing address,7,0.5952,0.9051,0.0,0.0,0.0,0.0,montyn rent llc,montyn rfcot llc,3331 evergreen avenue chicago il,
S1-598466595,S3-532558800,India,0.21318796277046204,Missing address,13,0.7721,0.9446,0.0,0.0,0.0,0.0,muzaffarnagar consultancy private limited,muzaffarnagar cnosuhtnbay private limited,muzaffarnagar msk road c o vikas saini uttar pradesh muzaffarnagar,
S1-230195294,S2-501547865,US,0.21316133439540863,Transliteration / phonetic variation,4,0.8216,0.7272,0.5,1.0,0.0,0.0,allied silver online llc,onlinealliedsilver com,806 madison avenue port oconnor tx,00806 madison ave port oconnor tx
S1-873954175,S3-531288829,India,0.2128467708826065,Address weak / name strong,8,0.7773,0.8576,0.2,1.0,0.0,0.0,li media private limited,l1 media private limited,surat 306 307 gujarat sns synergy opp central mall near sai baba temple dumas surat,306 307 surat gj
S1-630784289,S2-800851673,US,0.21220342814922333,Address weak / name strong,14,0.9154,0.92,0.1818,1.0,0.0,0.0,falcon llc,falcon com,7 preakness lane unit unit 2 clarkstown ny,07 preakness ln new city ny
S1-765696501,S3-532779226,US,0.21209679543972015,Both moderately similar,4,0.7081,0.7649,0.3,1.0,0.0,0.0,minetta s rocky signs,rockyminettassigns com,275 cypress street unit 404 brookline ma,0275 cypress st 404 brookline massachusetts
S1-996319665,S3-512344460,India,0.21203815937042236,Missing address,3,0.7925,0.6887,0.0,0.0,0.0,0.0,vira and co,shri vira and,urban twenty two soubhagya complex arayidathpalam kozhikode kerala,
S1-827045334,S2-693329679,US,0.21141518652439117,Name weak / address strong,11,0.735,0.6594,0.5556,1.0,0.0,0.0,safe digital enterprises,dsenterprises com,wi city of merrill 1005 8th street,1005 8rd st city of merrill wi
S1-920160083,S3-956922183,India,0.21134841442108154,Name weak / address strong,5,0.7587,0.6889,0.6667,1.0,0.0,0.0,stephen retail private limited,smt psretail com,8 4 368 b mc 1025 motinagar hyderabad hyderabad hyderabad telangana,986 8 4 368 b mc 1025 motinagar hyderabad hyderabad moosapet telmgan
S1-784024283,S2-645905669,India,0.21004770696163177,Name weak / address strong,3,0.7831,0.3889,0.7333,1.0,0.0,0.0,tejita creations pvt ltd,xylonovi,h no b27 g f gate no 2 green field colony faridabad haryana,haryana h no b 27 g f gate no 2 bhatola faridabad green field colony
S1-28410102,S3-698537499,US,0.20996324717998505,Other residual,22,0.4444,0.3995,0.1667,1.0,0.0,1.0,chasse quantum llc,onyxsol,2038 matthew avenue village of twin lakes wi,2038 matthwe ave twni lakes wisconsin
S1-746608882,S3-106472258,US,0.20991550385951996,Name weak / address strong,2,0.8613,0.695,0.5,1.0,0.0,0.0,hernandez evers and moore farms inc,eversmoorehernandez com,2025 eastgate drive unit d greenville nc,unit d 2025 eastgate dr north carolina greenville
S1-455883718,S3-733059367,India,0.20962317287921906,Name weak / address strong,5,0.9076,0.652,0.625,1.0,0.0,0.0,al infracity corp,smt al lnfracity,1001 10th fl tgn square chandavarkar road borivali west mumbai maharashtra,h no d 143 1001 10th fl tgn square chandavarkar road mumbai borivali west mharastr
S1-601947790,S3-495727021,US,0.2093740850687027,Missing address,15,0.743,0.8857,0.0,0.0,0.0,0.0,urban tavern,urban tavern llc enterprises,315 murfreesboro road woodbury tn,
S1-491963030,S3-690038618,US,0.20863117277622223,Name weak / address strong,4,0.9238,0.4359,0.625,1.0,0.0,0.0,frontier news,zetaonyx,14 dewey place east hampton ny,new york east hampton 14 dewey place
S1-207205635,S3-732396591,India,0.20857428014278412,Both moderately similar,30,0.472,0.6908,0.2308,1.0,0.0,0.0,ji lubricants limited,ji limited services,b 129 krishna enclave west model town ghaziabad uttar pradesh,b 129 null ghaziabad uttr prdes
S1-324199440,S2-420222519,US,0.20848578214645386,Missing address,23,0.5151,0.8679,0.0,0.0,0.0,0.0,letti s massage llc,letti s llc services,1513 valley ridge drive gallatin tn,
S1-284958274,S3-408793570,India,0.2060285061597824,Address weak / name strong,7,0.7095,0.9014,0.2,1.0,0.0,0.0,team supply associates,team supply service,b 305 nar narayan complex besides pizza hut swastik char rsata navrangpura ahmedabad gujarat,b 305 ahmedabad gujrat
S1-405480122,S3-300595512,India,0.2057054191827774,Missing address,5,0.8585,0.6676,0.0,0.0,0.0,0.0,tech foods limited,mr tech foods,217 a p j tower dalal street fort mumbai mumbai city maharashtra,
S1-719261676,S2-809310262,India,0.20556682348251343,Name weak / address strong,14,0.7678,0.6838,0.5385,1.0,0.0,0.0,prime foundation,praim phaumdesn,4th k m stone kharkhoda road village bhaisru khurd tehsil sampla sampla haryana,no 4th k m stone sampla tehsil sampla haryana
S1-788456553,S3-21338304,US,0.2052212655544281,Name weak / address strong,8,0.7918,0.6019,0.5,1.0,0.0,1.0,elite services llc,svcelite com,135 main street smyrna de,135 main street n a smyrna delaware
S1-691767049,S3-344518666,India,0.20504820346832275,Transliteration / phonetic variation,6,0.9537,0.8043,0.125,1.0,0.0,0.0,pjd infra private limited,dr pjd infra limited private,bharatiya nagar street no 2 bl no 2 near chandra mauleshwar temple raiya road rajkot rajkot gujarat,bharaiya nagar rajkot gj
S1-806745512,S3-837032950,US,0.20503106713294983,Missing address,8,0.7341,0.8974,0.0,0.0,0.0,0.0,cooperative freight technologies clinic,cooperative freight,250 eberly avenue bowling green oh,
S1-226386039,S3-69268885,US,0.20482388138771057,Both moderately similar,13,0.5966,0.7822,0.25,1.0,0.0,0.0,bodyne inc,bogi inc,9111 cotton bend baytown tx,009111 cotton bend bytown texas
S1-739142282,S3-608140323,US,0.2040526568889618,Other residual,9,0.718,0.6342,0.25,1.0,0.0,0.0,global foundation llc,global llc services,4320 comanchee trail oh jamestown,comanchee trl jamestown city ohio
S1-178888432,S3-168741344,India,0.2037549614906311,Name weak / address strong,2,0.796,0.5136,0.6,1.0,0.0,0.0,kohli food private limited,halojaxveo,orissa betnoti plot no 554 730 rangamathia mayurbhanj,plot no 554 730 null betnoti mayurbhanj od
S1-751807979,S3-605422117,US,0.2037358433008194,Address weak / name strong,4,0.7827,0.88,0.2,1.0,0.0,0.0,4801 fifth street company,4801 fifth,143 w market street cadiz oh,ohio 143 west mariet st cadiz
S1-51304114,S3-351946195,US,0.2036799192428589,Address weak / name strong,4,1.0,1.0,0.1111,1.0,0.0,0.0,highland project,highland project,714 chatham street apex nc,chatham saint apx north carolina
S1-866184249,S3-457735806,India,0.20365436375141144,Other residual,22,0.5705,0.8488,0.1818,1.0,0.0,0.0,sunrise foods pvt ltd,5unrise f0ods pvt ltd,sriniketan teresa lane convent junction marketrd ernakulam kerala,sriniketan ernakulam n a keralam
S1-560442970,S3-764339095,US,0.20304207503795624,Other residual,21,0.575,0.4841,0.2222,1.0,0.0,1.0,heartland security llc,nylaorbi,202 quisisana road apex nc,202 quisisnaa rd apex north carolina
S1-514555038,S3-386331930,US,0.20067499577999115,Name weak / address strong,3,0.8097,0.5,0.5714,1.0,0.0,0.0,paix llc,llc plrx,14161 mansfield ferry road orange tx,mansfield ferry road orange texas
S1-117989768,S3-446039747,US,0.20051723718643188,Address weak / name strong,6,1.0,1.0,0.1111,1.0,0.0,0.0,holy church,holy church,4006 louise drive acton tx,louise dr granbury city texas
S1-8690101,S3-385661016,US,0.1996413916349411,Address weak / name strong,1,1.0,1.0,0.1111,1.0,0.0,0.0,legacy utility llc,legacy utility llc,154 dolen lane middleburgh ny,dolen ln schoharie new york
S1-424163602,S2-799138409,India,0.19951024651527405,Transliteration / phonetic variation,20,0.718,0.7566,0.5294,1.0,0.0,0.0,future food private limited,phyucr phud praivet limited,fno 103 om sri pearl apt medchal malkajgiri quthbullapur mandal hyderabad telangana,door no 818 fno 103 om sri pearl apt quthbullapur mandal hyderabad andhra pradesh
S1-283009152,S3-356749263,India,0.1990537792444229,Other residual,17,0.6684,0.8838,0.2857,1.0,0.0,0.0,mj ventures private limited,mj vtdse private limited,ghar no 5767 station road mondha right tal partur dist jalna jalna maharashtra,ghar no 5767 null jalna mh
S1-797300666,S3-716093847,US,0.1985819935798645,Other residual,22,0.8531,0.5303,0.3333,1.0,0.0,1.0,ear nose and throat medicine pllc,evolum,5016 w heaps road pylesville md,5016 west heaps rd pylesville maryland
S1-873032180,S3-359122900,US,0.19814538955688477,Name weak / address strong,3,0.7775,0.4073,0.5556,1.0,0.0,0.0,edmond heritage classic fellowship,brixarconyx,3100 sooner road unit 26 edmond ok,2100 sooner road unit 26 edmond oklahoma
S1-892231749,S2-273279631,US,0.1977771520614624,Missing address,5,0.6184,0.9178,0.0,0.0,0.0,0.0,brandi m dickinson ph d,brandi m dihineo n ph d,201 teal lane kyle tx,
S1-361781986,S2-597575706,India,0.19773563742637634,Name weak / address strong,10,0.7551,0.5557,0.5,1.0,0.0,0.0,green consultancy,grin kmsltemsi,h no 670 23 bank colony mahabir park bahadurgarh jhajjar haryana,h no 670 23 bahadurgarh jhajjar hriyana
S1-27861493,S2-186393964,India,0.1976296752691269,Missing address,7,0.784,0.888,0.0,0.0,0.0,0.0,phulwari sharif cements private limited,phulwari cements private limited services,c o rizwana anwari bano w o khursheed alam fci road near sohail marriage hall phulwari sharif patna bihar,
S1-204427491,S3-895785981,India,0.1965579092502594,Address weak / name strong,5,0.6825,0.8819,0.2222,1.0,0.0,0.0,laxmi and brothers pvt ltd,laxmi and pvt ltd service,214 metroplex 14 b wing off link road mindspace complex malad west mumbai mumbai city maharashtra,door no 214 metroplex mumbai mumbai city mharastr
S1-640949356,S2-482769394,US,0.1963186115026474,Missing address,7,0.8444,0.8862,0.0,0.0,0.0,0.0,gagne and jones home improvements inc,gagne jflnes home improvements inc,brighton 33698 dutch lane il,
S1-730618988,S3-694541839,US,0.19626086950302124,Both moderately similar,14,0.497,0.6606,0.3,1.0,0.0,1.0,bertie minchew tri state connecticut pleasant view,tristatebertieminchew com,18 white barn drive pleasant view ut,18 white barn dr ogden utah
S1-947378338,S2-994591296,US,0.1962013840675354,Other residual,6,0.8156,0.5513,0.4286,1.0,0.0,0.0,zeis,zs www zs com,4924 rockwell street chicago il,004924 rockwell st chicago il
S1-627096489,S3-198979588,India,0.19542886316776276,Both moderately similar,5,0.6182,0.8333,0.3,1.0,0.0,0.0,sigma affair,sigma center,jat colony nawalgarh road sikar sikar sikar rajasthan,h no 283 jat colony sikar rajsthan
S1-23190438,S2-49117992,India,0.1947580873966217,Name weak / address strong,10,0.8806,0.585,0.625,1.0,0.0,0.0,city industries,m s city services,no 7 bellary road gangenahalli bangalore karnataka,7 bellary road gangenahalli bangalore krnatk
S1-244020750,S3-643222463,US,0.19465799629688263,Missing address,7,0.6545,0.9091,0.0,0.0,0.0,0.0,direct great spartacus,direct great,2100 scenic drive georgetown tx,
S1-912333197,S3-369576645,India,0.19463051855564117,Other residual,30,0.5641,0.6444,0.3571,1.0,0.0,0.0,li innovations private limited,plinnovations com,s no 73 maharashtra pune pl no 22 26 fl no 403 prakash kiran pune city,s no 73 pune city pune mh
S1-870327304,S2-664278898,India,0.19413475692272186,Name weak / address strong,4,0.9323,0.6267,0.8,1.0,0.0,0.0,rjb india pvt ltd,m s rjbindia com,47b 4a madhav kunj shahganj agra uttar pradesh,no 785 47b 4a madhav kunj shahganj agra uttar pradesh
S1-117246818,S2-506433537,US,0.19291946291923523,Missing address,6,0.808,0.9107,0.0,0.0,0.0,0.0,ridge guild iv llc,ridge guild llc center,6555 southern avenue unit 2004 mesa az,
S1-938738351,S3-640030180,India,0.19288769364356995,Address weak / name strong,2,0.9697,0.9704,0.1333,1.0,0.0,0.0,holiday computer clinic,holiday computer clinic llp,flat no 103 shagun sadhna g v scheme road no 2 mumbai mumbai city maharashtra,0103 mumbai mumbai city mh
S1-367182215,S3-865999839,US,0.1926763653755188,Address weak / name strong,5,1.0,1.0,0.1333,1.0,0.0,0.0,memorial committee,memorial committee,822 138th street unit lot 38 town of garfield wi,822c 138st st lot 38 amery wisconsin
S1-446292058,S3-365948752,US,0.19235286116600037,Name weak / address strong,23,0.8038,0.5231,0.5,1.0,0.0,0.0,pediatric dentistry partners inc,vantagefaye,ma 46 shady acre drive chatham,46 shady acre dr chatham massachusetts
S1-875198731,S3-124453964,US,0.19217944145202637,Missing address,5,0.8186,0.9261,0.0,0.0,0.0,0.0,roney and burns lifesciences inc,roney and bs lifesciences inc,72 jackson street brooklyn ny,
S1-172516772,S2-65616870,US,0.1920756697654724,Missing address,10,0.6401,0.9321,0.0,0.0,0.0,0.0,bandi family office corp,bandi fagnyii office corp,8503 greenville avenue dallas tx,
S1-924534222,S2-59673691,US,0.1920711249113083,Missing address,17,0.688,0.8857,0.0,0.0,0.0,0.0,big grill,big grill enterprises,17176 coronado avenue fontana ca,
S1-161770194,S3-113345701,India,0.1915379911661148,Address weak / name strong,2,0.9794,0.9448,0.1,1.0,0.0,0.0,mec promoters private limited,mec promoters private,door no 91 ground floor venkateshwara layout 2nd stage denkanikottai road hosur taluk krishnagiri dharmapuri tamil nadu,91 krishnagiri n a tn
S1-438472792,S2-539650525,India,0.1914331018924713,Name weak / address strong,3,0.8094,0.6838,0.6667,1.0,0.0,0.0,wealth and co,dr weafgth co,39 narayan nagar huzur bhopal madhya pradesh,plot 314 39 narayan nagar huzur madhya pradesh
S1-971516362,S3-431222888,India,0.19137291610240936,Both moderately similar,6,0.6171,0.7939,0.2667,1.0,0.0,0.0,ew hub private limited,ewhub,bharat photo house room no 21 c 3rd floor 545 kalbadevi road mumbai maharashtra,bharat photo house mumbai mh
S1-415226793,S3-864616048,India,0.19126875698566437,Address weak / name strong,2,0.7282,0.9586,0.1538,1.0,0.0,0.0,ws milk private limited,ws milk private limited 53785,96 ds2 kabirchak south side of paswan chowk darbhanga bihar,plot 479 96 darbhanga br
S1-693861357,S3-839840591,US,0.19013065099716187,Both moderately similar,3,0.8378,0.8359,0.25,1.0,0.0,0.0,silver energy laboratories,si1ver energy,1 dairy lane brookhaven ny,dairy ln brookhaven new york
S1-905613057,S3-304567008,India,0.19008664786815643,Both moderately similar,19,0.7495,0.6975,0.2727,1.0,0.0,0.0,real technology private limited,realtechnology com,09 cm badavane jk garden road chitradurga hiriyur chitradurga karnataka,no 09 hiriyur chitradurga krnatk
S1-187825893,S3-684576911,India,0.18997925519943237,Transliteration / phonetic variation,4,0.7125,0.8921,0.2857,1.0,0.0,0.0,marda holdings,marda ltd,level 5 srei tower anath road maruti udyog sector 18 gurgaon haryana,level c 5 sector 18 hr
S1-983149682,S3-430082069,US,0.18995723128318787,Other residual,3,1.0,0.6323,0.1,1.0,0.0,0.0,united animal hospital,hospital animal united,va 97 bitterroot drive page county,097 bitterroot dr shenandoah virginia
S1-653106571,S3-694147889,India,0.18877482414245605,Both moderately similar,9,0.6234,0.7212,0.2222,1.0,0.0,0.0,krishan and sons private limited,pcgahte krishan and sons limited,plot 20 shanta cottage j b nagar nr spring field bldg andheri east mumbai mumbai city maharashtra,plot 20 bombay mumbai city mh
S1-888171888,S3-400308419,US,0.18870684504508972,Transliteration / phonetic variation,20,0.6547,0.9071,0.25,1.0,0.0,0.0,qsh granite llc,qsh granite l l c 8911854167,3055 quincy street arlington county va,quincy st arlington virginia
S1-150377710,S3-369901326,India,0.18862415850162506,Both moderately similar,27,0.6252,0.808,0.3571,1.0,0.0,0.0,dream finance private limited,drim phainems praivet limited,b 322 g f dakshin puri near sai baba mandir new delhi south delhi delhi,b 322 south delhi new delhi dilli
S1-307247548,S3-882696408,US,0.18855158984661102,Address weak / name strong,2,1.0,1.0,0.1111,1.0,0.0,0.0,wall legacy auto glass inc,wall legacy auto glass inc,705 bower street knox in,knnox 00705 bower st indiana
S1-813570927,S3-7947095,US,0.188521146774292,Missing address,2,0.6758,0.9189,0.0,0.0,0.0,0.0,paull silva and moore llc,pau1l silva and moore,va campbell county 216 beech tree lane,
S1-337637446,S3-68989526,India,0.18816626071929932,Missing address,6,0.8831,0.752,0.0,0.0,0.0,0.0,mva brothers private limited,smt mva brothers private ltd,plot no 10a station square bhubanrswar khordha orissa,
S1-453378878,S2-224615824,US,0.18781866133213043,Name weak / address strong,21,0.8105,0.4143,0.6667,1.0,1.0,0.0,compass,fluxquoavi,mn 17764 181st place mcgrath,17764 181rd place mcgrath mn
S1-775456153,S3-827894246,US,0.1874074935913086,Missing address,13,0.7187,0.92,0.0,0.0,0.0,0.0,fresh hair studio company,fresh hair studio trading,naperville 2215 snow creek road il,
S1-684004682,S2-734096273,India,0.18723513185977936,Both moderately similar,5,0.8535,0.667,0.4667,1.0,0.0,0.0,shefali cleanfuel private limited,cleanfuelshefali com,old no 485 486 26 site no 505 239 26 attur village yelahanka hobli bangalore north bangalore karnataka,no 485 486 26 bangalore bangalore north karnataka
S1-950949736,S3-961593853,US,0.1871694028377533,Both moderately similar,5,0.7914,0.6667,0.4444,1.0,0.0,1.0,kirch online l l c,center kirch llc,393 grove hill road macon nc,393 grove hill rd macon north carolina
S1-165302483,S2-733541745,US,0.18700893223285675,Missing address,4,0.6385,0.9282,0.0,0.0,0.0,0.0,palacio custom alpha pllc,palacio custom alpha p l l c 2653563546,12758 montbrook way rancho cordova ca,
S1-436674215,S3-110598211,US,0.18685688078403473,Missing address,2,0.6594,0.9461,0.0,0.0,0.0,0.0,peridora twelve inc,peridora tgwlve lnc,unit apartment 3 2010 delaware avenue buffalo ny,
S1-335824729,S2-192708351,US,0.18674705922603607,Missing address,3,0.6198,0.9095,0.0,0.0,0.0,0.0,hubbell appliance llc,hubbell aoofiance llc,9217 apple pie court charlotte nc,
S1-415819254,S3-247268749,India,0.18629954755306244,Other residual,6,0.6711,0.6102,0.3333,1.0,0.0,0.0,lns and brothers limited,dr lns and,shree arcade 2 jogendra kavi raj row kolkata howrah west bengal,shree arcade 2 howrah pscimbng
S1-333867016,S3-483124641,India,0.1860487014055252,Other residual,14,0.5325,0.6976,0.1667,1.0,0.0,0.0,sw fund ltd,sw ltd center,flat 2 1st floor plot 263 265 anant bhavan narsi natha street masjid bandar mumbai maharashtra,flat a 2 mumbai mh
S1-140083434,S2-716744472,US,0.1860443651676178,Missing address,7,0.6924,0.8451,0.0,0.0,0.0,0.0,kent apex trust llc,kent trust llc services,middletown oh 3100 buttercup court,
S1-343681837,S3-296315704,US,0.1851876825094223,Name weak / address strong,8,0.7872,0.5378,0.6,1.0,0.0,1.0,huddleston jacobs and gingras imperii,gingrasjacobs com,604 ritchie highway fl 0 severna park md,604 ritchie hwy fl 0 severna park maryland
S1-444782583,S3-112942320,US,0.18491172790527344,Missing address,9,0.6703,0.9226,0.0,0.0,0.0,0.0,gianina aguilar esq,gianina asuhlar esq,34 glen avenue unit apartment 2 amsterdam ny,
S1-682966210,S3-492147704,India,0.18488343060016632,Name weak / address strong,6,0.712,0.5978,0.625,1.0,0.0,0.0,new delhi granites private limited,ndgranites com,g 93a g block rajapuri new delhi delhi,g 3a g block rajapuri new delhi dilli
S1-852464864,S2-487868843,US,0.1847754269838333,Name weak / address strong,2,0.9095,0.679,0.7143,1.0,0.0,0.0,martinez indigo llc,l l c martinez indi6o,288 r three rivers road ma wilbraham,three rivers road wilbraham ma
S1-144119404,S2-785864233,US,0.18449437618255615,Name weak / address strong,2,0.8869,0.4021,0.5714,1.0,0.0,0.0,king ubs of new windsor llc,miraveo,810 balsam drive new windsor ny,balsam dr new windsor ny
S1-200330662,S2-961816719,India,0.1839982569217682,Name weak / address strong,5,0.9386,0.6039,0.8,1.0,0.0,0.0,ajinkya and co,mr ajiigya c0,surveyno 1 plotno1nrcanal bagasara road champrajpur jetpur rajkot gujarat,376 surveyno 1 plotno1nrcanal bagasara road champrajpur jetpur gujarat
S1-17456984,S3-43274532,India,0.1838393211364746,Missing address,4,0.5302,0.9214,0.0,0.0,0.0,0.0,hks farm,hks fca,rajasthan dausa tashil road abhishek twr nr kurda mod champa dausa c o ambrish kumar rathore,
S1-112949554,S2-301191192,US,0.18383480608463287,Other residual,16,0.587,0.9056,0.4,1.0,0.0,0.0,ace property group,ace pr0perty,719 13th avenue south saint paul mn,19 13nd ave south saint paul mn
S1-672726807,S3-590140064,US,0.1838165819644928,Missing address,3,0.756,0.904,0.0,0.0,0.0,0.0,coleman metro produce p c,coleman metro,4333 24th street unit 101 phoenix az,
S1-438989385,S3-721396100,India,0.18363502621650696,Address weak / name strong,2,0.9108,0.9199,0.1667,1.0,0.0,0.0,raviavi infotech private limited,raviavi infotech limited center,indu sharma no 28 and 29 k no 1427 viswapriya layout 2nd floor begur hobli anjanapp bangalore karnataka,indu sharma bangalore ka
S1-69210507,S3-426654509,India,0.18358173966407776,Other residual,11,0.7149,0.647,0.4545,1.0,0.0,0.0,creative consulting pvt ltd,krietiv kmsltimg pra li,18 laxmi nagar madrampura civil lines jaipur rajasthan,no 51 18 laxmi nagar madrampura jaipur rajsthan
S1-147806819,S3-599875007,India,0.18341131508350372,Both moderately similar,23,0.5989,0.7539,0.3333,1.0,0.0,0.0,hari ventures private limited,hri bhencrs praibhet limited,at daitapada sahi near hatajodi thakurani ps puri town dist puri puri puri orissa,at daitapada sahi puri od
S1-725022003,S2-741569531,US,0.18318235874176025,Missing address,4,0.884,0.9012,0.0,0.0,0.0,0.0,bay renatus group,bay renatus inc,1001 duval drive killeen tx,
S1-21718735,S3-232859705,US,0.18267376720905304,Both moderately similar,6,0.6837,0.7796,0.3636,1.0,0.0,0.0,mofloor sterling quantum inc,inc mofloor sterling qantom,va 200 k saint clair circle york county,200 k sanit clair circle yorktwn virginia
S1-765219242,S3-769186906,US,0.18259820342063904,Missing address,6,0.6876,0.88,0.0,0.0,0.0,0.0,feus inc,feus inc enterprises,4605 hope valley road durham nc,
S1-337735888,S2-258391824,US,0.18212486803531647,Both moderately similar,4,0.8461,0.7468,0.2,1.0,0.0,0.0,continental hancock inc,incorporated continental hancock,41 hileen drive smithtown ny,041 hileen dr kngs park cdp ny
S1-197071627,S3-269890184,India,0.18142680823802948,Missing address,2,0.7554,0.9332,0.0,0.0,0.0,0.0,sarang brothers private limited,sarang 8rothers private,665 c 1 block palam vihar sector 3 gurgaon haryana,
S1-655124544,S3-530741375,US,0.18086014688014984,Address weak / name strong,9,0.6337,0.9524,0.1111,1.0,0.0,0.0,smith data llc,5mith data llc,w6506 g town of lake wi,wisconsin crivtz 6219 g
S1-455883718,S3-595800473,India,0.1803090125322342,Both moderately similar,20,0.4744,0.6897,0.25,1.0,0.0,0.0,al infracity corp,center al corp,1001 10th fl tgn square chandavarkar road borivali west mumbai maharashtra,door no d 143 1001 borivali west mumbai mh
S1-352959987,S3-705953560,India,0.1795530766248703,Missing address,6,0.7249,0.9261,0.0,0.0,0.0,0.0,nimkathana bullion pvt ltd,nimkathana buii0n pvt ltd,shop no 101 geedawala nimkathana sikar rajasthan,
S1-51371496,S2-384326069,US,0.17858396470546722,Name weak / address strong,10,0.8208,0.5733,0.5556,1.0,0.0,0.0,rapid cloud solutions corp,srcloud com,fl floor 1 470 delavan avenue buffalo ny,470 delavan avenue buffalo dp ny
S1-135483600,S3-72468375,India,0.17849679291248322,Missing address,3,0.8511,0.9055,0.0,0.0,0.0,0.0,swami building india,swami building service,1284 opposite nh4 road at post karur tq ranebennur haveri dist ranebennur haveri karnataka,
S1-395572165,S3-765079043,US,0.17834141850471497,Name weak / address strong,6,0.7873,0.6444,0.6,1.0,0.0,0.0,peridis sunstone inc,speridis com,6936 e park rd ne cedar rapids ia,6936a e park rd ne cedar rapids iowa
S1-9003523,S3-306033929,India,0.17812180519104004,Address weak / name strong,2,1.0,1.0,0.125,1.0,0.0,0.0,fiducia consultancy,fiducia consultancy,20 ist floor 17th a cross kaggadasapura c v raman nagar bangalore karnataka,h no 20 bangalore krnatk
S1-13859063,S3-569567594,India,0.1780274212360382,Missing address,5,0.8224,0.9019,0.0,0.0,0.0,0.0,garware educational society,garware educational society company www garwareed com,house no 979 a jagdev nagar jagdev path behind chandrama market ps nawada po a naith arrah bhojpur bihar,
S1-688845812,S2-257549735,US,0.17799916863441467,Other residual,6,0.8564,0.5979,0.4286,1.0,0.0,0.0,arts institute inc,orbinex,506 burroughs street charlotte nc,charlotte nc 504 burroughs st
S1-710140328,S3-120341119,India,0.17761701345443726,Address weak / name strong,6,0.8048,0.8998,0.1364,1.0,0.0,0.0,surya tech private limited,surya tech limited center,flat no 101 plot no 7 and 8 d k nagar journalist colony jubilee hills road n o 70 hyderabad telangana,h no 101 hyderabad tg
S1-302879431,S3-334628955,India,0.17756250500679016,Other residual,21,0.5434,0.6185,0.2941,1.0,0.0,1.0,fn farmers,fn center,20 419 vattappilly building first floor manjaly airport road mannam p o north paravur ernakulam kerala,20 419 ernakulam north paravur kl
S1-333665590,S3-438762030,India,0.1775471568107605,Address weak / name strong,7,0.7632,0.9136,0.1429,1.0,0.0,0.0,ahmedabad engineers private limited,ahmedabad limited private engineers 22175,ahmedabad 508 setu eventi near dev corporate hotel off c g road ahmedabad gujarat,508 gj ahmedabad
S1-81473911,S2-639949233,India,0.17533719539642334,Name weak / address strong,23,0.6357,0.4583,0.625,1.0,0.0,1.0,arihant products private limited,gildonyx,5 sovaram bysack street kolkata kolkata howrah west bengal,5 kolkata howrah west bengal
S1-19595174,S2-897060944,US,0.17532336711883545,Missing address,8,0.7384,0.8667,0.0,0.0,0.0,0.0,nius,nius trading,13028 45th street tulsa ok,
S1-748866596,S3-114407650,India,0.17439886927604675,Missing address,7,0.6273,0.9271,0.0,0.0,0.0,0.0,dhule engineers private limited,dhule egiieners private limited,pole no fc ii 2 plot no 132 forest colony dhule maharashtra,
S1-483217451,S2-345452038,India,0.17414455115795135,Other residual,21,0.6874,0.7396,0.7059,1.0,0.0,0.0,international infrastructure private limited,imtrnesnl imphrastrkcr praivet limited,a 41 b 1e f f mathura road mohan indl area new delhi south delhi delhi,hn 218 a 41 b 1e f f mathura road mohan indl area new delhi tughlakbad extension delhi
S1-606797259,S3-115971913,US,0.1735457181930542,Other residual,5,0.6651,0.8375,0.1,1.0,0.0,0.0,1621 lincoln place properties,1621lincolnplace com,1007 silvercrest drive webster ny,new york webbster 100 silvercrest dr
S1-163283703,S3-102424138,India,0.1729968935251236,Address weak / name strong,2,0.8779,0.9429,0.1667,1.0,0.0,0.0,degrees india center,degrees india center company,first floor nr kalal darvaja panjarapor godhra panch mahals gujarat,first floor kutch gujrat
S1-776534010,S3-214568947,India,0.17241868376731873,Address weak / name strong,1,1.0,1.0,0.12,1.0,0.0,0.0,alpha exports private limited,alpha exports private limited,cabin no 7 ground floor laxmi offset and printing works dr sunderlal bahl marg goa street ballard estate mumbai maharashtra,h no 52 cabn no 7 mumbai mumbai ii mh
S1-376654359,S3-569523470,India,0.17224591970443726,Missing address,4,0.6719,0.9117,0.0,0.0,0.0,0.0,reward public school private limited,reward public school pvtfe limited id 78486,delhi nicholson road mori gate h no 3507 2 g f rashid building delhi central delhi,
S1-937360664,S2-420178095,India,0.17201761901378632,Missing address,6,0.8565,0.8838,0.0,0.0,0.0,0.0,commodities and co,commodities co services,kmc 477 33maryland building k p road kayamkulam p o alappuzha kerala,
S1-701308048,S3-539846034,India,0.17162302136421204,Both moderately similar,22,0.5908,0.6561,0.3077,1.0,0.0,0.0,my ventures private limited,myventures com,a 301 sanghavi regeancy near new rto office kalyan thane maharashtra,mh kalyan a 301 sanhgavi regeancy
S1-675964144,S2-711543265,US,0.17124547064304352,Name weak / address strong,3,0.813,0.578,0.6667,1.0,0.0,1.0,angulo creative l l c,nylatavoorbi,717 stratton avenue defiance oh,717 stratton aevnue defiance oh
S1-753907991,S2-370234902,US,0.1712324172258377,Name weak / address strong,10,0.6172,0.4951,0.625,1.0,0.0,1.0,ruthy soileau d c,brixpyra,921 poor farm road russell county va,921 poor farm road lebanon va
S1-77632302,S3-438154405,India,0.1706019788980484,Address weak / name strong,2,0.9446,0.9333,0.1667,1.0,0.0,0.0,om media private limited,om media private,b5 pais avenue water front enclave elamkulam kochi ernakulam kerala,b5 ernakulam cochin kl
S1-994655162,S3-683231630,US,0.17059990763664246,Address weak / name strong,4,0.9557,0.9412,0.1429,1.0,0.0,0.0,hermida bold,hermida bold corp,539 brewster street harvey nd,harveyy city 539 1 2 brewster st north dakota pmb 4314
S1-858756590,S2-8435082,India,0.17015570402145386,Name weak / address strong,10,0.7391,0.6414,0.8,1.0,0.0,1.0,jai finance,jy phainems,59 2b purandar colony shri nagar pune maharashtra,59 2b purandar colony shri nagar pune pimpri chinchwad maharashtra
S1-689232227,S3-663552985,India,0.16988767683506012,Address weak / name strong,2,0.9487,0.9086,0.1538,1.0,0.0,0.0,smart life projects private limited,smart life projects,bangalore 460 karnataka bangalore 6th cross 4th main j p nagar 3rd phase,bangalore ka 460 bangalore
S1-524873181,S3-501891514,India,0.16969050467014313,Transliteration / phonetic variation,23,0.5197,0.8687,0.375,1.0,0.0,0.0,pune media private limited,pune media limited center id 12996,tower 15 unit 603 and 604 6th floor cyber city magarpattacity hadpsar pune maharashtra,tower 015 unit 603 and 604 pune mh
S1-892254605,S3-227488737,India,0.16935038566589355,Both moderately similar,17,0.5333,0.8453,0.3846,1.0,0.0,0.0,krystal and co llp,krstntl co llp,house no 80 barsati floor block aa 7 landmark motinagar delhi new delhi delhi,house no 80 delhi new delhi dilli
S1-784984860,S2-701303209,US,0.16859908401966095,Name weak / address strong,6,0.7512,0.5111,0.6,1.0,0.0,0.0,pearce reyes and rodriguez llc,gildzetadova,2001 plateau vista boulevard unit 8214 round rock tx,round rock 2001 plateau vista blvd tx
S1-531148499,S2-118373225,India,0.16815043985843658,Missing address,3,0.7174,0.8963,0.0,0.0,0.0,0.0,cloud engineers private limited,cloud engineers limited service 66042,1 1a 2 jaharlal dutta lan e muchibazar kolkata kolkata howrah west bengal,
S1-766300060,S2-280125977,US,0.16715213656425476,Transliteration / phonetic variation,28,0.4423,0.9067,0.375,1.0,0.0,0.0,big hair studio,big hair,420 main avenue robstown tx,0420 main avenue null robtown tx
S1-42426777,S2-188784535,US,0.1666274517774582,Missing address,4,0.7184,0.8333,0.0,0.0,0.0,0.0,corly olivas reliable era,corly corly olivas,951 mckinney avenue cooper tx,
S1-448475578,S3-861297994,India,0.16634464263916016,Name weak / address strong,4,0.7659,0.4056,0.5,1.0,0.0,0.0,taj and co,ectoonyxvera,j no 127 j j colony sec 18 noida gautam buddha nagar uttar pradesh,j no 127 j j colony uttr prdes gautam buddha nagar
S1-720125402,S2-236153305,US,0.1663043349981308,Missing address,7,0.7479,0.8368,0.0,0.0,0.0,0.0,anthea s quality liquor,anthea s anthea s quality,nc 746 juniper berry lane huntersville,
S1-450796982,S3-902675606,US,0.16577056050300598,Missing address,5,0.8761,0.8914,0.0,0.0,0.0,0.0,continental rain,continental rain www continenta com,ok 21333 104th street broken arrow,
S1-163283703,S3-872265135,India,0.16571064293384552,Address weak / name strong,3,0.8436,0.96,0.1429,1.0,0.0,0.0,degrees india center,degrees india cr,first floor nr kalal darvaja panjarapor godhra panch mahals gujarat,frist floor godhra vavdi bujarg gj
S1-318725388,S3-609681767,US,0.16538189351558685,Missing address,23,0.5192,0.9147,0.0,0.0,0.0,0.0,internal medicine center llc,internal center medicine llc 28420,47 ranch village lane gates ny,
S1-783719723,S3-599126933,US,0.16511501371860504,Name weak / address strong,3,0.8595,0.4841,0.5714,1.0,0.0,0.0,a cure 8 you partners,c8you com,100 twin bridges road danville in,twin bridges road danville indiana
S1-966000601,S3-25132991,US,0.1643804907798767,Name weak / address strong,4,0.8328,0.4167,0.7143,1.0,0.0,0.0,veon llc,lyrakelo,96 delmont avenue barre city vt,vermont barre city 96 delmont avenue
S1-515916704,S3-468601293,US,0.1642216295003891,Address weak / name strong,16,0.509,0.8679,0.1111,1.0,0.0,0.0,garcia paz and harris llc,garciapazharris com,2002 ronald road phoenix az,ronald rd arizona shaw butte
S1-832594254,S2-327243202,US,0.16410759091377258,Name weak / address strong,7,0.9349,0.5119,0.6667,1.0,0.0,0.0,little bike shop,avivantageonyx,7200 appleleaf lane sellersburg in,720 appleleaf lane sellersburg in
S1-106678782,S2-106319943,India,0.16350604593753815,Name weak / address strong,7,0.8927,0.4942,0.8462,1.0,0.0,0.0,vis college pvt ltd,mr evoevojax,shop no 2 jayant krupa sector 9 dive village navi mumbai maharashtra,navi mumbai mharastr navi mumbai shop no 2 jayant krupa sector 9 dive village
S1-381401452,S2-709018964,US,0.1634814590215683,Missing address,12,0.7944,0.92,0.0,0.0,0.0,0.0,holy catholic church,holy catholic center,1105 lincoln street tullahoma tn,
S1-748256721,S3-325938168,US,0.16291700303554535,Address weak / name strong,1,0.9818,0.9619,0.1,1.0,0.0,0.0,capital resources llc,capital resources,6350 jefferson drive huber heights oh,jefferson dr tipp city ohio
S1-590217337,S2-185404493,US,0.16262517869472504,Name weak / address strong,3,0.8475,0.4422,0.5,1.0,0.0,0.0,rivera hung and stark inc,arcveo,717 river drive lake luzerne ny,0717 river dr lake luzerne ny
S1-802563034,S2-274791359,India,0.16256169974803925,Name weak / address strong,2,0.7454,0.4194,0.5455,1.0,0.0,0.0,foundation rasi pumps private limited,belojaxquo,kewat no 181 near singh panjlasa chowk ambala city ambala haryana,kewat no 181 null ambala city ambala haryana
S1-600303484,S2-61082313,India,0.1621205359697342,Missing address,25,0.4446,0.9309,0.0,0.0,0.0,0.0,nipha pharmaceuticals llp,nipha phnrmauticals llp,it park parsodi maharashtra 2nd floor diglin industries plot no 13 1 nagpur,
S1-156334328,S3-249777495,India,0.16159653663635254,Both moderately similar,3,0.7804,0.7484,0.3846,1.0,0.0,0.0,sun power private limited,san paoy ar praibhet limited,7 51 bijoygarh 1st floor kolkata calcutta west bengal,h no 841 bijoygarh 1st floor calcutta kolkata pscimbng
S1-8595195,S3-998118904,US,0.1614813208580017,Missing address,4,0.7433,0.82,0.0,0.0,0.0,0.0,kincaid global inc,kincaid inc services,21 cedar street hartford vt,
S1-169319369,S2-839802677,US,0.16123493015766144,Missing address,7,0.8371,0.912,0.0,0.0,0.0,0.0,shultz capital york l l c,shultz capital,100 ledgewood drive ma stoneham unit 115,
S1-532722335,S2-350548760,India,0.16109849512577057,Name weak / address strong,6,0.8778,0.4722,0.6667,1.0,0.0,0.0,om vidyalaya,viowex,h 20 a s f kalkaji new delhi new delhi south delhi delhi,h 20 a new delhi south delhi delhi
S1-924669051,S3-45474892,US,0.1608513742685318,Missing address,14,0.6129,0.9112,0.0,0.0,0.0,0.0,first biomedical networks llc,first biomilral networks llc,17010 marygold avenue unit unit 22 fontana ca,
S1-6010865,S3-197171836,US,0.16084249317646027,Missing address,1,0.9603,0.965,0.0,0.0,0.0,0.0,superior materials global lp,superior materials global inc,4301 governor printz boulevard wilmington de,
S1-705376360,S3-702008482,US,0.16033293306827545,Missing address,8,0.7127,0.9188,0.0,0.0,0.0,0.0,edison housing program corp,edison housing program id 71738,edison 4027 horton ford road tn,
S1-887073616,S3-27469357,India,0.15977394580841064,Address weak / name strong,1,0.9728,0.9385,0.1111,1.0,0.0,0.0,regal life private limited,regal life private,h no 301 s n 1 and 2 pl n 72 chipade malasamrudhhi inkunlad sarasnagar ahmednagar maharashtra,mharastr ahmednagar d 301
S1-112272615,S3-35888399,US,0.15956133604049683,Other residual,9,0.7675,0.5058,0.25,1.0,0.0,0.0,salas heritage security,solirinyla,295 sebago road naples me,95 sebago rd maine naples
S1-807780908,S2-8864302,India,0.15948575735092163,Transliteration / phonetic variation,22,0.5201,0.756,0.625,1.0,0.0,0.0,ss constructions private limited,eses kmstrksms praivet limited,shop no 4 nehru palace koroadsamandi karnal haryana,shop no 4 karnal haryana
S1-768994354,S3-376043917,India,0.15900163352489471,Address weak / name strong,7,0.9783,0.9529,0.1111,1.0,0.0,0.0,digital developers private limited,digital developers private,shop no 25 orchid centre opp safal parisar ii nr sobo center south bopal bopal ahmedabad gujarat,a 25 ahmedabad gj
S1-55605475,S2-13417855,US,0.15891680121421814,Transliteration / phonetic variation,22,0.7088,0.8827,0.3,1.0,0.0,0.0,dermatology medicine wichita,dermatology service,2920 boulder drive unit apt 11 wichita ks,4920 boulder dr wichita ks
S1-865029031,S3-693259859,India,0.15887273848056793,Missing address,5,0.8765,0.6289,0.0,0.0,0.0,0.0,kv plastics private limited,smt kv plastics,113 157 plot no 227 block c scheme no 7 gutaiya swarup nagar kanpur nagar uttar pradesh,
S1-70673200,S3-517949248,US,0.15847048163414001,Address weak / name strong,3,0.9831,0.9636,0.125,1.0,0.0,0.0,east endocrinology,east endocrinology inc,11 minot avenue acton ma,minot ave actn massachusetts
S1-696171579,S3-522714272,India,0.15825389325618744,Both moderately similar,17,0.6496,0.6814,0.25,1.0,0.0,0.0,southern city healthcare pvt ltd,sdrn siti helthkeyr pra li,62kh gorakha gauri hand pamp rampur saidpur ghazipur uttar pradesh,saidpur up 906 62kh ghazipur
S1-619368063,S3-579036156,India,0.15802358090877533,Name weak / address strong,4,0.8901,0.6369,0.6,1.0,0.0,0.0,sun construction private limited,m s sun construction,h 17 201 main vikas marg laxmi nagar delhi,h 17 201 laxmi nagar delhi dl
S1-19302667,S2-452112134,US,0.15782220661640167,Missing address,3,0.8457,0.8832,0.0,0.0,0.0,0.0,patterson royal ramaco llc,patterson patterson roya1 ramaco llc,2221 sims place unit apt 2 city of la crosse wi,
S1-187010634,S2-989441479,US,0.15775886178016663,Missing address,24,0.3866,0.9298,0.0,0.0,0.0,0.0,lawson newhold llc,lawson nhomnd llc,2272 joe quick road new market al,
S1-526575226,S3-2323092,India,0.1577465534210205,Address weak / name strong,1,1.0,1.0,0.1,1.0,0.0,0.0,sunmark media private limited,sunmark media private limited,5 15 the great indira nagar marol pipeline a k road andheri east mumbai mumbai city maharashtra,plot 24 5 15 bombay mh
S1-660317893,S3-699323735,US,0.15651986002922058,Other residual,15,0.7653,0.5488,0.4286,1.0,0.0,0.0,metropolitan animal hospital clinic,miraecto,201 curiel street eloy az,201c curiel street eloy arizona
S1-705079653,S3-310859234,US,0.15650007128715515,Address weak / name strong,1,1.0,1.0,0.1111,1.0,0.0,0.0,bordelon bays and fu mobility inc,bordelon bays and fu mobility inc,1301 sioux terrace nashville tn,sioux ter madion city tennessee
S1-555211564,S3-584813687,India,0.15614043176174164,Missing address,5,0.7603,0.9225,0.0,0.0,0.0,0.0,rajhans spices india,rajhans se india,g t road west bengal burdwan nawabhat near health city p o rajbati,
S1-542787925,S3-544109595,India,0.15590646862983704,Missing address,5,0.8645,0.8478,0.0,0.0,0.0,0.0,rare healthcare private limited,mr rare healthcare priate limited,house no 134 khasra no 41 16 floor 1st gali no 6 gautam colony delhi north west delhi,
S1-276452359,S2-993248530,US,0.1555587351322174,Transliteration / phonetic variation,26,0.5568,0.9025,0.25,1.0,0.0,0.0,empire fellowship associates,empire fell0wship,52 26 69 place maspeth ny,5225 a 69 pl po box 8828 maspeth ny
S1-586215254,S3-321172896,US,0.15509268641471863,Missing address,6,0.5666,0.8957,0.0,0.0,0.0,0.0,white livvy p dpm pc,white white lvv p dpm pc,15113 ruble court aledo tx,
S1-624056744,S3-936634566,US,0.1542118638753891,Address weak / name strong,1,1.0,1.0,0.1,1.0,0.0,0.0,ozs physical llc,ozs physical llc,va chesterfield county 1145 salisbury drive,01145 salisbury dr virginia midlothian
S1-767763960,S3-121876321,India,0.15419602394104004,Address weak / name strong,3,0.9106,0.8788,0.1429,1.0,0.0,0.0,delphi and sons private limited,delphi sons private ltd,ff 13 adarsh malwa apartment flat 303 scheme no 54 opp apollo hospital vij ay nagar indore madhya pradesh,ff 13 indore mdhy prdes
S1-701178231,S2-629231474,US,0.152887761592865,Name weak / address strong,3,0.8443,0.6858,0.6667,1.0,0.0,0.0,jb scientific inc,jb lnc center,ankeny 1502 parkridge place ia,1502 parkridge place ankey ia
S1-266280712,S3-343150511,US,0.1526915580034256,Name weak / address strong,21,0.8581,0.6831,0.5714,1.0,0.0,0.0,helios co,co hlliaos,1905 leanne drive carlsbad nm,new mexico 1905 leanne drive carlsbad
S1-935997347,S2-331573279,India,0.1525573879480362,Name weak / address strong,6,0.7693,0.4514,0.625,1.0,0.0,0.0,drishti learning private limited,halonylaonyx,room no 50 439 kerala petta ernakulam,room no 50 439 ernakulam kerlm
S1-474604746,S2-469126846,India,0.15255476534366608,Missing address,6,0.6238,0.8409,0.0,0.0,0.0,0.0,lohia infinity pvt ltd,lohia pvt ltd partners,office no si g b055 shilp incubation centre plot 11t 3 and 11t 5 block 11 gift sez gandhi nagar gujarat,
S1-182777988,S2-84409465,US,0.15247756242752075,Missing address,3,0.7034,0.8797,0.0,0.0,0.0,0.0,collins s pacific grill,collins s grill service,4320 water works road belton tx,
S1-251670690,S2-664009381,India,0.15189135074615479,Missing address,6,0.769,0.8843,0.0,0.0,0.0,0.0,securelife motors private limited,securelife private limited service,plot no b 22industrial area phase i sector 57 mohali rupnagar punjab,
S1-372998864,S3-570599854,India,0.15186402201652527,Missing address,4,0.8547,0.9355,0.0,0.0,0.0,0.0,vision logistics private limited,vision logistics private ltd trading,459 4thmain 4thcrossbcmc raghuvanahalli bangalore south bangalore karnataka,
S1-261734900,S3-382885915,US,0.15151414275169373,Name weak / address strong,8,0.8685,0.5048,0.6667,1.0,0.0,1.0,jenine s pizza,jpizza com,900 bullard road concord ar,900 bullard road concord arkansas
S1-89018430,S2-370877277,India,0.1511865109205246,Transliteration / phonetic variation,22,0.6727,0.7515,0.5833,1.0,0.0,0.0,white foundation private limited,vait phaumdesn praivet limited,1 83 1 rollapalem chappidi vari street amalapuram east godavari andhra pradesh,b3 1 83 1 amalapuram east godavari andhra pradesh
S1-881895074,S3-476220486,India,0.1510724425315857,Address weak / name strong,5,0.6479,0.9023,0.2105,1.0,0.0,0.0,qss and brothers private limited,qss br0thers private limited,unit no 134 1st floor building no c 7 bhumi world village pimplas taluka bhiw andi thane maharashtra,unit no 9 134 thane mharastr
S1-570919511,S3-960055963,India,0.15105237066745758,Address weak / name strong,2,0.7255,0.9204,0.2222,1.0,0.0,0.0,citco infratech private limited,citco infratech private 55371,rupa renaissance 20th floor units 2001 and 2002 turbhe midc road juinagar navi mumbai thane maharashtra,rua renaissance thane navi mumbai mh
S1-736089752,S2-394554276,US,0.15012146532535553,Name weak / address strong,2,0.8183,0.6969,0.5,1.0,0.0,0.0,king and bassett income llc,l l c king 8assett income,mount vernon wa 1904 6th street,1904 6th st mt vernon wa
S1-15303487,S3-426703011,US,0.14968164265155792,Other residual,4,0.8225,0.3849,0.2857,1.0,0.0,0.0,gussie fitzhugh tge llc,umbralyra,ma falmouth 2 lodengreen drive,falmouth lodengreen dr massachusetts
S1-713366138,S3-804963450,US,0.14913827180862427,Address weak / name strong,1,1.0,1.0,0.1111,1.0,0.0,0.0,seattle championsgate,seattle championsgate,8349 21st avenue seattle wa,twenty first ave seattle washington
S1-404219250,S3-202600720,India,0.14863725006580353,Other residual,4,0.9211,0.7687,0.1667,1.0,0.0,0.0,day traders private limited,dr day traders private limited limited,gujarat daskroi 4162 ahmedabad verai estate above marss herbals india,04162 daskroi ahmedabad gj
S1-347459911,S3-5465728,US,0.14825628697872162,Other residual,2,0.8579,0.6248,0.4444,1.0,0.0,1.0,redding and williamson,williamsonredding com,401 riverside farm lane hiddenite nc,401 riverside farm ln hiddenite north carolina
S1-934489088,S3-699527848,India,0.1476651430130005,Other residual,26,0.511,0.6266,0.2727,1.0,0.0,0.0,first infotech llp,phrst imphotek elelpi,d 256 assotech the nest nh 24 ghaziabad uttar pradesh,d 256 ghaziabad up
S1-19099343,S3-15617880,India,0.14765095710754395,Address weak / name strong,2,1.0,1.0,0.1111,1.0,0.0,0.0,ramadevi hub private limited,ramadevi hub private limited,1380 keshripura sanwer indore madhya pradesh,1379 indore region indore mp
S1-271511473,S3-784262900,India,0.14744611084461212,Name weak / address strong,3,0.8686,0.5807,0.6429,1.0,0.0,0.0,fiable and brothers private limited,m s brixvio,flat a2 602 6 floor parswanath exotica sector 53 gurgaon haryana,flat a5 2 602 6 floor parswanath exotica sector 53 gurgaon hr
S1-140356244,S3-723498249,India,0.14734549820423126,Both moderately similar,17,0.6822,0.7864,0.2857,1.0,0.0,0.0,bharat care private limited,sri bharat care pritei limited,dewal chambers 3rd floor nanabhai lane fort mumbai mumbai city maharashtra,plot 29 dewal chambers mumbai city bombay mh
S1-310403950,S2-825171367,India,0.14713817834854126,Name weak / address strong,3,0.9038,0.4701,0.625,1.0,0.0,0.0,kamavarapukota mandal communications private limited,solpyra,3 93 ratnagiri sagipadu via tadikalapudi kamavarapukota mandal west godavari andhra pradesh,h no 127 3 93 ratnagiri sagipadu via tadikalapudi west godavari kamavarapukota mandal amdhrprdes
S1-512149620,S2-621450423,India,0.14689093828201294,Missing address,5,0.8604,0.7724,0.0,0.0,0.0,0.0,prime care private limited,dr prime care private ltd,shop no 81 a laxmi nagar niwaru road jhotwara jaipur rajasthan,
S1-143731922,S2-611978737,US,0.14629614353179932,Missing address,7,0.8111,0.9267,0.0,0.0,0.0,0.0,continental charter school p c,continental charter,795 roberts avenue gresham or,
S1-915090207,S3-822516973,US,0.1458960771560669,Address weak / name strong,3,0.979,0.95,0.1,1.0,0.0,0.0,reliable two llc,reliable two,1071 elton drive union ny,new york endicott 107 elton dr
S1-809467099,S2-77979138,India,0.14523115754127502,Both moderately similar,22,0.4385,0.7083,0.3846,1.0,0.0,0.0,creative media llp,kiriyettiv mitiya elelpi,third floor no 18 self help industrial estate keezhkattalai chennai tamil nadu,40 third floor chennai tamil nadu
S1-562554375,S2-561875779,India,0.14519281685352325,Name weak / address strong,5,0.9232,0.5444,0.6667,1.0,0.0,0.0,krystal and co delhi,kcodelhi com,y 161loha mandi naraina delhi west delhi delhi,block e 195 y 161loha mandi naraina delhi west delhi delhi
S1-13418266,S2-254755850,India,0.14503051340579987,Missing address,3,0.7929,0.8666,0.0,0.0,0.0,0.0,maxgain builders private limited,maxgain private limited center,hno 609 mohalla gopal nagar hoshiarpur punjab,
S1-119333616,S3-8533721,India,0.14499619603157043,Address weak / name strong,7,0.6093,0.9271,0.1111,1.0,0.0,1.0,aquatech mall pvt ltd,aquatech marcosl pvt ltd,15 16 mahadeo building first floor netaji subhash rd opp railway stn mulund w mumbai maharashtra,15 mumbai region mumbai mh
S1-542856509,S3-637331442,India,0.14474934339523315,Name weak / address strong,7,0.865,0.6539,0.6818,1.0,0.0,0.0,galaxy consultancy private limited,gaileksi kmsltemsi praivet limited,plot no gh 03 16 th avenue sec 16c gaur city 2 greater noida w ghaziabad uttar pradesh,pot no gh 03 16 th avenue sec 16c gaur city 2 greater noida w ghaziabad kot uttr prdes
S1-227115996,S3-401074451,India,0.14428293704986572,Address weak / name strong,27,0.5391,0.8959,0.2381,1.0,0.0,0.0,mahi trading pvt ltd,mahi trading pvt 9580501102,fl no 402 shiv capital s no 149 8a 1 4 1 nr shrad haveli pune dhayari part n v haveli pune maharashtra,fl no 4 02 haveli pune mharastr
S1-589079219,S3-375327789,US,0.1441234052181244,Address weak / name strong,6,0.734,0.9103,0.1818,1.0,0.0,0.0,sterling payment technologies,sterling payment,4425 sharon road unit m401 charlotte nc,04425 sharon rd charlotte north carolina
S1-141371448,S3-934877126,US,0.14407385885715485,Other residual,3,0.7798,0.2778,0.4545,1.0,0.0,0.0,bureum llc,vantagerizafaye,6304 normandy drive city of el paso tx,6304d normandy dr city of el paso texas
S1-342986475,S2-12951765,US,0.14368602633476257,Other residual,7,0.6362,0.6033,0.4,1.0,0.0,1.0,celesta s chemical,cchemical com,1699 crain highway fl 0 glen burnie md,1699 crain hwy glen burie md
S1-249538156,S3-274881105,India,0.1435180902481079,Both moderately similar,6,0.6854,0.7844,0.3333,1.0,0.0,0.0,riyan engineersprivate pvt ltd,smt riyan enginerrsrivate pvt ltd,128 59 virat nagar kanpur nagar kidwai nagar kanpur nagar uttar pradesh,h no 129 59 virat nagar kanpur nagar up
S1-676389788,S3-498891193,US,0.1432364583015442,Missing address,14,0.7076,0.8992,0.0,0.0,0.0,0.0,horizon transit consultants llc,horizon transit llc center,rockville mn 24145 lake road,
S1-409631408,S3-32212528,US,0.14311456680297852,Missing address,4,0.9067,0.9245,0.0,0.0,0.0,0.0,signature energy group,signature energy llc,11703 trudeau drive houston tx,
S1-723367586,S2-150139163,India,0.14282073080539703,Other residual,4,0.7475,0.6078,0.4,1.0,0.0,0.0,cxa petro private limited,ciramira,6101 dlf city phase 4 second floor dlf qe gurgaon haryana,dlf qe 6101 haryana
S1-925515460,S3-828897237,India,0.14217494428157806,Address weak / name strong,2,1.0,1.0,0.1176,1.0,0.0,0.0,united producer pvt ltd,united producer pvt ltd,207 floor 2 plot no 597 rajsheela building jss road cheera bazar mumbai maharashtra,566 207 mumbai brihanmumbai mharastr
S1-748049025,S3-483790909,India,0.14212746918201447,Name weak / address strong,3,0.9015,0.5385,0.5833,1.0,0.0,0.0,hari constructions limited,evosol,shop no 39 ist floor ntr municipal kreedapranganam guntur andhra pradesh,shop no 39 ntr municipal kreedapranganam guntur ap
S1-539099657,S2-997213024,India,0.14100512862205505,Both moderately similar,3,0.726,0.7837,0.2143,1.0,0.0,0.0,thane picture,picturethane com,thane 1402 a wing road no 22 viera building lodha grandezza thane w est maharashtra,1402 thane maharashtra
S1-58526885,S3-382846000,India,0.14092858135700226,Both moderately similar,6,0.4929,0.8347,0.2308,1.0,0.0,0.0,investor nuclear private limited,smt investor ngucbar private limited,3rd floor r r complex 32 nachiappa street erode tamil nadu,door no 3rd floor erode tn
S1-959709328,S3-619449037,US,0.14053812623023987,Name weak / address strong,7,0.7807,0.3889,0.5,1.0,0.0,0.0,adorne gall americas llc,miraha1o,521 battle avenue winchester city va,0521 battle avenue winchester city virginia
S1-888197364,S3-815022581,US,0.14020952582359314,Address weak / name strong,29,0.4994,0.9485,0.125,1.0,0.0,0.0,te hall llc,te hldtl llc,1588 benton avenue benton me,maine 158 benton ave waterville
S1-693628123,S3-598331283,India,0.13917864859104156,Name weak / address strong,6,0.8514,0.6407,0.7,1.0,0.0,0.0,sunrise enterprises limited,smt sunriseent com,sco 86 gf basement sector 5 panchkula haryana,sco 86 gf basement sector 5 ambala panchkula hriyana
S1-531009358,S3-176219551,US,0.13906532526016235,Missing address,21,0.5232,0.9028,0.0,0.0,0.0,0.0,clyis intelligence llc,clyis iinithdgdloligence llc,104 stoneleigh drive rockwall tx,
S1-235250810,S2-935124212,India,0.1388472616672516,Both moderately similar,30,0.4879,0.7688,0.3,1.0,0.0,0.0,urban solutions limited,arbn solyusms limited,flat 706 vardhaman plot sector 17 washi thane maharashtra,flat 706 thane mharastr
S1-24390448,S3-77585716,India,0.13830621540546417,Name weak / address strong,5,0.788,0.5972,0.625,1.0,0.0,0.0,deepak india,mr deepak center,e 962 saraswati vihar delhi delhi north west delhi,e 962 delhi north west dl
S1-429587686,S2-12761679,US,0.13810904324054718,Name weak / address strong,3,0.8528,0.3684,0.5556,1.0,0.0,0.0,zahara meyers pinnacle eye care center,deltakor,34410 sterling highway kenai peninsula borough ak,4410 sterling hwy kenai peninsula borough ak
S1-518781471,S3-167399847,India,0.1368909627199173,Both moderately similar,28,0.5192,0.7509,0.2778,1.0,0.0,0.0,sun international pvt ltd,sn imtrnesnl pra li,jai malhar apartment room no 001 plot no 28 sector 20b airoli navi mumbai maharashtra,hn 685 jai malhar apartment thane navi mumbai mharastr
S1-80605734,S2-792533538,US,0.13665327429771423,Name weak / address strong,5,0.7029,0.4718,0.6,1.0,0.0,1.0,ellen perry telefonica llc,korbrixavi,2003 29th street city of la crosse wi,2003 29nd st city of la crosse wi
S1-403954330,S3-243342017,US,0.1364557445049286,Other residual,4,0.8497,0.6231,0.4286,1.0,0.0,0.0,kitchens wilco llc,kwilco com,tn 4051 belcourt drive cleveland,4051 belcourt dr cleveland tennessee
S1-585741581,S3-810556024,India,0.13566941022872925,Both moderately similar,17,0.5094,0.7095,0.3333,1.0,0.0,1.0,erica service india private limited,shri eiservice com,71 patni sanjognagar society opp ghanshyam appartments ahmadabad city ahmedabad gujarat,71 ahmedabad ahmadabad city gj
S1-803350004,S2-719937503,India,0.1355036497116089,Other residual,22,0.4613,0.6495,0.2,1.0,0.0,0.0,apex exports,epeks eksports,guriya p c no 17 old 4 new settlement no 129 bearing no 175 2 chhindwara madhya pradesh,no 162 guriay n a chhindwara madhya pradesh
S1-988184620,S2-825328038,US,0.13520802557468414,Name weak / address strong,7,0.8579,0.6048,0.5,1.0,0.0,0.0,call illumination,call services,2308 woodhill drive crescent springs ky,2307 woodhill dr ky crescent springs
S1-571614447,S3-770372410,US,0.13512156903743744,Both moderately similar,7,0.6232,0.6602,0.3333,1.0,0.0,1.0,dous llc,derhc llc,3056 hergott drive edgewood ky,3056 hergott dr ft mitchell ky kentucky
S1-398252437,S3-889468254,US,0.1340658962726593,Missing address,29,0.511,0.9207,0.0,0.0,0.0,0.0,economic development project lp,economic development lp services,268 juniper avenue atwater ca,
S1-398252437,S2-227049584,US,0.1340658962726593,Missing address,28,0.511,0.9207,0.0,0.0,0.0,0.0,economic development project lp,economic development lp services,268 juniper avenue atwater ca,
S1-422631519,S3-576800275,India,0.13367468118667603,Name weak / address strong,4,0.8775,0.5108,0.7692,1.0,0.0,0.0,amazing mining ltd,gildcirairi,25 26 rundal house govind nagar khatipura road jhotwara jaipur jaipur rajasthan,0589 25 26 rundal house govind nagar khatipura road jhotwara jaipur jaipur rj
S1-661067172,S3-535282636,India,0.1336676925420761,Missing address,4,0.7299,0.8271,0.0,0.0,0.0,0.0,yash and co,yash co service,flat no 98d 1st flr pkt iv mayur vihar delhi east delhi delhi,
S1-422532860,S2-827902075,India,0.1331406682729721,Missing address,4,0.7533,0.9285,0.0,0.0,0.0,0.0,novena group,novena corp,delhi lohiya gali babarpur shahdara east delhi delhi e 1013,
S1-732544705,S3-405191634,India,0.13254907727241516,Other residual,23,0.4153,0.5961,0.125,1.0,0.0,1.0,yn solutions pvt ltd,yn pvt ltd center,205 akruti erica f p no 274 and 411 of tps av shraddhanand rd vile parle e south z one mumbai mumbai city maharashtra,205 mumbai mumbai city mh
S1-825374086,S2-425662450,India,0.1324891895055771,Other residual,7,0.8671,0.6006,0.4,1.0,0.0,0.0,perfect foundation pvt ltd,prphekt phaumdesn pra li,plotnogen4 1flatnor32207q residenciesgnavimumbai rabale thane maharashtra,block g 468 plotnogen4 1flatnor32207q residenciesgnavimumbai thane mharastr
S1-416239410,S3-334782076,India,0.1324816346168518,Missing address,4,0.7999,0.8803,0.0,0.0,0.0,0.0,camellia help private limited,camellia private limited service,sorrentomt pleasant road mumbai maharashtra,
S1-43170145,S3-324237263,US,0.13190095126628876,Missing address,11,0.8538,0.9154,0.0,0.0,0.0,0.0,twisted bike shop llc,twisted bike shop trading,519 pineville road statesville nc,
S1-43170145,S3-56153314,US,0.13190095126628876,Missing address,12,0.8538,0.9154,0.0,0.0,0.0,0.0,twisted bike shop llc,twisted bike shop trading,519 pineville road statesville nc,
S1-104484128,S2-650850553,India,0.13187070190906525,Name weak / address strong,5,0.9435,0.4773,0.75,1.0,0.0,0.0,sai leaf,fayeveonovi,8th floor a 805 privilion ambli bopal road s g highway ahmedabad gujarat,door no 8th floor a 805 privilion ambli bopal road s g highway ahmedabad gujrat
S1-517968093,S2-357504408,India,0.13144181668758392,Name weak / address strong,13,0.8065,0.5233,0.7647,1.0,0.0,0.0,apex constructions,epeks kmstrksms,h in kh no 293 s f western marg saidulajab new delhi near kher singh new delhi south west delhi delhi,new delhi south west delhi delhi h in kh no 293 s f western marg
S1-189636946,S3-501348968,US,0.13108237087726593,Address weak / name strong,6,0.8834,0.9,0.1818,1.0,0.0,0.0,riex,riex ltd,50 moody street bldg building 8 saco me,moody st null saco maine
S1-53158150,S2-462327401,US,0.1305505633354187,Missing address,12,0.7207,0.8737,0.0,0.0,0.0,0.0,prairie association,prairie,1609 maplewood avenue cloquet mn,
S1-312865147,S3-743915417,US,0.1304778754711151,Address weak / name strong,2,1.0,0.95,0.1111,1.0,0.0,0.0,rio mountain pgim associates,rio mountain associates pgim,316 pettiford road peletier nc,pettiford rd swansboro north carolina
S1-214680742,S3-509906862,India,0.12972351908683777,Name weak / address strong,21,0.7395,0.4008,0.5,1.0,0.0,0.0,om logistics private limited,korzeph,narayan prasad babu lane kolkata howrah 7 west bengal,wb narayan prasad babu lane hn 191 7 kolkata
S1-749426937,S2-914894968,US,0.12937667965888977,Missing address,3,0.753,0.9176,0.0,0.0,0.0,0.0,continental heritage southwest p c,continental heritage,pa north wales borough 340 windsor way,
S1-696171579,S3-563587764,India,0.12921923398971558,Address weak / name strong,1,0.8327,0.9417,0.1429,1.0,0.0,0.0,southern city healthcare pvt ltd,southern siti healthcare pvt ltd,62kh gorakha gauri hand pamp rampur saidpur ghazipur uttar pradesh,door no 906 62kh ghazipur up
S1-386888543,S3-959997366,US,0.1281442791223526,Other residual,4,0.7787,0.6173,0.4286,1.0,0.0,1.0,bloom braves inc,bbloom com,3 reid avenue yarmouth ma,3 reid ave yarmouth massachusetts
S1-483957437,S2-280636141,US,0.1278967410326004,Acronym / name truncation,9,0.6245,0.5208,0.3333,1.0,1.0,1.0,tschirhart quest,tq,13220 scottsdale road unit 5024 phoenix az,13220 scottsdale rd scottsdale airpark az
S1-265972912,S3-652190788,India,0.12783874571323395,Address weak / name strong,4,0.9745,0.9529,0.1111,1.0,0.0,0.0,fast inns pvt ltd,fast inns pvt,sy 104 pl 559 b bl 1 to 6 u gr fl shop no 011 west field shopping centre ghod dod road surat gujarat,sy g 104 dahod surat gujrat
S1-804030228,S3-790325826,US,0.1278364211320877,Name weak / address strong,2,0.8315,0.4478,0.625,1.0,0.0,1.0,olanex entergy,ciraumbrafaye,140 black rock turnpike redding ct,140 142 black rock turnpike redding connecticut
S1-500123319,S3-716567483,US,0.1276683807373047,Address weak / name strong,10,0.6417,0.9212,0.1667,1.0,0.0,0.0,taylor college llc,taylor cedileoe llc,9 harris lane unit apartment 1 harrison ny,harrrison new york 9 harris ln
S1-496309875,S2-564425662,US,0.12760983407497406,Address weak / name strong,4,0.7412,0.9167,0.2,1.0,0.0,0.0,trusted united idaho llc,trusted united,442 183rd street normandy park wa,00442 183th street seattle ciy wa
S1-200341830,S2-405203916,India,0.12752296030521393,Name weak / address strong,5,0.7058,0.5288,0.5,1.0,0.0,1.0,hyderabad heavy private limited,ciramira,8 2 293 2 82 l 83 a 4th floor 83 a mla colony road no 12 banjara hills hyderabad telangana,8 2 293 2 82 l 83 a hyderabad telangana
S1-733646962,S3-975618695,US,0.12659628689289093,Missing address,12,0.7158,0.8838,0.0,0.0,0.0,0.0,turner animal hospital inc,turner animal inc service,1100 gadsden highway birmingham al,
S1-791191036,S2-439788968,US,0.1260271966457367,Missing address,2,0.9142,0.9412,0.0,0.0,0.0,0.0,cornerstone commercial group,cornerstone commercial inc,unit apartment 13 southport ny 1281 pennsylvania avenue,
S1-251512278,S3-403337813,India,0.12583772838115692,Name weak / address strong,9,0.8248,0.4732,0.7222,1.0,0.0,0.0,innovative and co,sri rizaquoaria,south west delhi delhi 85a 85b g f west sagarpur block 1 new delhi rz i 86,rz i b3 86 85a 85b g f west sagarpur block 1 south west delhi nangal dewat dl
S1-567248242,S3-957900796,India,0.12564992904663086,Address weak / name strong,6,0.947,0.8968,0.1429,1.0,0.0,0.0,bangalore dream private limited,bangalore dream,no 343 reddy complex 1st floor bgs hospital rd global village back gate mylasandra ken gari hobli bangalore karnataka,no 343 bangalore bidadi ka
S1-811143069,S2-272987213,India,0.12519650161266327,Both moderately similar,27,0.6763,0.6593,0.3636,1.0,0.0,0.0,classic trading,kilacik tiretin,no 9 gill nagar 3rd street choolaimedu chennai tamil nadu,no 9 chennai choolaimedu tmilnatu
S1-579281626,S3-816471186,India,0.12501059472560883,Address weak / name strong,1,0.9765,0.9515,0.1053,1.0,0.0,0.0,east shivam foods private limited,east shivam foods private,level 13 platinum techno park plot no 17 18 sector 30a vashi navi m umbai mumbai mumbai city maharashtra,level 13 mharastr
S1-293036238,S3-582692612,US,0.1247750073671341,Missing address,28,0.3774,0.9356,0.0,0.0,0.0,0.0,mitchell hotels llc,mitchell hotesl hotesl llc,779 main street unit 2 walpole ma,
S1-819060887,S3-882077000,India,0.12463756650686264,Other residual,27,0.3889,0.8073,0.1429,1.0,0.0,0.0,eastern high care private limited,istrn hai keyr praivet limited,maharashtra flat no 104 1st floor s no30 3 near oasis dtc a p narhe haveli siddharath complex pune,966 siddharath complex pune mh
S1-491138198,S3-710519483,US,0.12455713003873825,Missing address,15,0.7229,0.8654,0.0,0.0,0.0,0.0,veterans association group,veterans group center,1248 sangster road gadsden al,
S1-607210103,S2-718468926,US,0.12429989129304886,Missing address,3,0.5207,0.9254,0.0,0.0,0.0,0.0,sims judie h cpa,sims jeomue h cpa,108 a rim club drive payson az,
S1-174181598,S2-959020147,US,0.12399724125862122,Name weak / address strong,3,0.8456,0.4389,0.6,1.0,0.0,0.0,orelia s sterling tattoo,dovaaviavi,11625 99 campbellton tx,11626 99 campbellton tx
S1-513954340,S3-884388579,US,0.12382248789072037,Address weak / name strong,5,0.7263,0.8952,0.1,1.0,0.0,0.0,a advanced merger llc,a advanced,11633 90th street newcastle wa,1633 90th st renton ccity washington
S1-675468737,S3-733040061,India,0.12360291928052902,Missing address,18,0.7015,0.9117,0.0,0.0,0.0,0.0,vijay it private limited,vijay it private ltd enterprises,thane maharashtra sagar sangam koparkhairne navi mumbai fl 103 plot no 24 sector 1,
S1-330659653,S3-282385220,India,0.12314891070127487,Other residual,1,1.0,0.6571,0.125,1.0,0.0,0.0,jay sky food limited,limited jay sky food,hno 9 7 135 2 a 1 markendeya colony karimnagar karim nagar telangana,09713302 karimnagar lakshmi nagar tg
S1-23638285,S2-542029752,US,0.12197186052799225,Name weak / address strong,3,0.8564,0.5608,0.5714,1.0,0.0,0.0,segura pediatrics llc,deltacira,93 shaver road sand lake ny,ny sand lake shaver rd
S1-961884670,S3-287246404,US,0.12170850485563278,Name weak / address strong,4,0.8635,0.4611,0.6,1.0,0.0,0.0,humphreys kimco,yumatavo,ia cedar rapids 1800 wolf river ln nw,01800 wolf river ln nw cedar rapids iowa
S1-251670690,S2-700956896,India,0.12128541618585587,Name weak / address strong,5,0.8167,0.5261,0.625,1.0,0.0,0.0,securelife motors private limited,psmotors com,plot no b 22industrial area phase i sector 57 mohali rupnagar punjab,plot no b 22industrial area phase i sector 57 mohali s a s nagar pmjab
S1-774545047,S3-78341992,India,0.12114084511995316,Address weak / name strong,24,0.4744,0.9137,0.1333,1.0,0.0,0.0,royal infrastructure private limited,rayl infrastructure piraivet limitet,monica enclave flat g ground floor 1 nalathambi road pammal chennai tamil nadu,monica efclave chennai tn
S1-957630760,S3-801089951,India,0.12106618285179138,Missing address,4,0.8588,0.7603,0.0,0.0,0.0,0.0,shivbhumi and co,shri shivbhumi co center,kozhikode suit no fifth floor al rahaba arcade kozhikode kerala 59 5744,
S1-325866602,S2-998500251,India,0.12075329571962357,Both moderately similar,28,0.4611,0.7379,0.375,1.0,0.0,0.0,shree engineering private limited,sri imjiniyrimg praivet limited,9th floor rupa solitaire sector 1 melliennium business park mahape navi mumbai thane maharashtra,door no 9th floor navi mumbai thane maharashtra
S1-361462675,S3-645882195,India,0.12035540491342545,Other residual,29,0.6348,0.7993,0.1429,1.0,0.0,0.0,unique investments private limited,yunik investments piraivet limitet,madurai south madurai no 38 1st floor t b road bharathidasan salai tamil nadu,38 madurai tn
S1-592029563,S3-700646325,US,0.12031713873147964,Missing address,19,0.6929,0.8733,0.0,0.0,0.0,0.0,maid tattoo,maid tattoo center enterprises,highland lake al 168 lakeshore circle,
S1-730246134,S3-79727035,India,0.12021182477474213,Address weak / name strong,12,0.728,0.8957,0.1765,1.0,0.0,0.0,ss infotech,ss infotech corporation,maharashtra mumbai mumbai city surya apts opp breach candy hospital b d road a 1203,mh greater mumbai bombay a 1203
S1-964642619,S3-108141402,India,0.12003933638334274,Name weak / address strong,2,0.8842,0.3946,0.5833,1.0,0.0,0.0,white infra private limited,mr gildsynwex,319 26a jessore road khudiram colony kolkata kolkata howrah west bengal,317 26a jessore road khudiram colony kolkata kolkata howrah wb
S1-666748379,S3-568535433,India,0.11953496187925339,Address weak / name strong,2,1.0,1.0,0.1111,1.0,0.0,0.0,dac advisors private limited,dac advisors private limited,ground floor plot no 36 patel colony sardar patel marg opp government press jaipur rajasthan,ground floor null sawai madhopur rj
S1-556332654,S2-175033741,India,0.11950256675481796,Name weak / address strong,18,0.7949,0.6971,0.6364,1.0,0.0,0.0,tech constructions limited,tek kmstrksms limited,125 mig b block panki kanpur uttar pradesh,h no 125 mig b block plnki kanpur uttar pradesh
S1-892025219,S3-115702348,US,0.11950136721134186,Both moderately similar,9,0.7877,0.7667,0.375,1.0,0.0,0.0,first church,churchfirst com,nd 8929 56th street adrian,8929 56th st adrian north dakota
S1-826933424,S3-37357318,US,0.11949186772108078,Address weak / name strong,4,0.8947,0.9069,0.1111,1.0,0.0,0.0,surgical prairie clinic,surgical prairie prairie clinic trust,pittsfield 106 third street me,106a 3nd st pittsfield maine
S1-313753325,S3-473508228,US,0.11924190819263458,Missing address,7,0.675,0.9238,0.0,0.0,0.0,0.0,express liberty solarius inc,express lderoy solarius inc,9714 alta drive asbury wv,
S1-954145728,S3-97930045,India,0.1188739538192749,Both moderately similar,23,0.489,0.7608,0.2,1.0,0.0,0.0,shyam consultancy private limited,syam knslttnsi praivrr limirrd,2 746 palazhi pala road g a college po palazhi kozhikode kerala,h no 34 2 746 kozhikode keralam
S1-521571564,S3-798961226,US,0.1182098537683487,Missing address,6,0.5821,0.9199,0.0,0.0,0.0,0.0,kelcie t brock esq,kelcie t brllsmo k esq,8829 camden street fairfax county va,
S1-979442307,S3-539185064,US,0.11800713837146759,Address weak / name strong,4,1.0,1.0,0.125,1.0,0.0,0.0,literacy guild,literacy guild,72250 lakeview drive jet ok,lakeview dr nescatunga oklahoma
S1-910593486,S3-731587792,India,0.11789359152317047,Both moderately similar,14,0.6443,0.6839,0.2667,1.0,0.0,0.0,rapid ocean private limited,rapidocean com,journalist colony film nagar jubilee hills andhra pradesh hyderabad plot no 102 kurnool,plot no 02 hyderabad kurnool amdhrprdes
S1-489574307,S3-561627816,US,0.11789204925298691,Address weak / name strong,20,0.6698,0.8868,0.2222,1.0,0.0,0.0,delta elite developments llc,delta elite llc service,calera 736 kensington manor drive al,kensington manor dr callera alabama
S1-265599877,S2-303786653,US,0.11757279187440872,Address weak / name strong,21,0.5255,0.893,0.2222,1.0,0.0,0.0,western beacon barings llc,western btlnln barings llc,1608 university avenue unit bp knoxville tn,tn knxville university ave
S1-124887948,S3-414589378,India,0.11729342490434647,Address weak / name strong,3,0.9108,0.9034,0.125,1.0,0.0,0.0,omshaktidev india india pvt ltd,omshaktidev india pvt ltd services,9 karni nagar k 5 green park scheme khatipura road jaipur rajasthan,plot 00995 9 adilabad jaipur rj
S1-173664859,S3-351337608,US,0.11722347885370255,Address weak / name strong,23,0.4227,0.8571,0.2222,1.0,0.0,0.0,harbor opportunity corp,harbor corp center,430 2nd street raton nm,316 2rd street raton new mexico
S1-866685163,S3-300216845,US,0.11688100546598434,Address weak / name strong,22,0.4935,0.9069,0.125,1.0,0.0,0.0,primary care group,primary care llc,w7942 zb town of onalaska wi,zb onalaksa wisconsin
S1-339758439,S3-506863879,US,0.11680556833744049,Address weak / name strong,2,0.719,0.8879,0.1818,1.0,0.0,0.0,stanton opperman and fuller inc,stanton on fuller inc,274 high meadows lane fleetwood nc,666 high madows lane fletwood north carolina
S1-367258018,S3-95902479,India,0.11667755246162415,Address weak / name strong,13,0.7096,0.8899,0.1667,1.0,0.0,0.0,tmr group of companies private limited,tmr group of private limited service,no 46 57th street phase 1 sathuvachari vellore tamil nadu,g 46 vellore tn
S1-751770504,S3-465515324,US,0.11602281033992767,Acronym / name truncation,6,0.8195,0.7279,0.5,1.0,0.0,0.0,superior education technologies,educationtechsuperior com,8353 loomis boulevard chicago il,chicago 8353 loomis boulevard illinois pmb 5754
S1-926489576,S2-347782953,US,0.11592721194028854,Name weak / address strong,1,0.8743,0.5212,0.5,1.0,0.0,0.0,buffington institute of technology,belokelodrex,midvale 8001 woodgate circle ut unit c6,8001 woodgate cir midvale ut
S1-80860110,S3-700225391,US,0.115757055580616,Other residual,3,0.723,0.4086,0.3333,1.0,0.0,0.0,baker optimal crane p c,gildsol,3955 70 farmville al,955 70 farmville alabama
S1-447804687,S2-357876828,India,0.11571599543094635,Missing address,6,0.8108,0.8828,0.0,0.0,0.0,0.0,studio trust,studio trust www studiotr com,41 4th cross 9th main rpc layout bangalore karnataka,
S1-811386298,S3-320892477,US,0.11443113535642624,Other residual,8,0.6727,0.4104,0.4545,1.0,0.0,0.0,gagliardi and palmer municipal inc,tavowexvera,835 lake street unit unit 314 oak park il,illinois unit 314 oak park 835b lake st
S1-882220396,S3-481601934,US,0.11414596438407898,Other residual,19,0.6802,0.6481,0.4286,1.0,0.0,1.0,desert association,ass0ciationdesert com,2205 buttonquail court nashville tn,2205 buttonquail court hermitage tennessee
S1-873581432,S3-202190595,US,0.11403513699769974,Address weak / name strong,5,0.7424,0.93,0.1538,1.0,0.0,0.0,foot and ankle medicine of orange county,foot and ankle medicine of,711 gold valley road orange county va,n a locustgrove virginia 11 gold valley rd
S1-452103254,S3-894919662,US,0.11356339603662491,Address weak / name strong,3,0.804,0.9173,0.1667,1.0,0.0,0.0,mvm platinum stonebridge,mvm platinum center,2610 barnard road barnard vt,barnard rd barnard vermont
S1-899738340,S2-39819342,US,0.11335796117782593,Name weak / address strong,10,0.7421,0.4667,0.6667,1.0,0.0,1.0,metro initiative,quoviodova,1876 114th street omaha ne,1876 114rd street ne omaha
S1-83884234,S3-978750864,India,0.1133309081196785,Address weak / name strong,7,0.8124,0.9104,0.1111,1.0,0.0,0.0,hd traders private limited,hd traders limited service,flat no 104 first floor building e beverly hills s no 1 and 3 hinjewadi pune maharashtra,104 pune poona mh
S1-156754332,S3-347474690,US,0.11313962191343307,Missing address,1,0.5694,0.9258,0.0,0.0,0.0,0.0,othelia jones dmd,othelia j0nes,mn 2767 upland lane plymouth,
S1-678085587,S3-269371234,US,0.11306152492761612,Missing address,4,0.9371,0.9463,0.0,0.0,0.0,0.0,memorial association llc,memorial association and co,1710 general george patton drive unit 107 brentwood tn,
S1-162201989,S3-635756535,India,0.11243873834609985,Name weak / address strong,5,0.7977,0.5903,0.6,1.0,0.0,0.0,express india private limited,ipexpress com,g no 262 kharabwadi somavanshi estate khed pune maharashtra,g no 262 kharabwadi mharastr pune khed
S1-997540405,S3-929482684,US,0.11222612112760544,Other residual,4,0.8759,0.3645,0.4286,1.0,0.0,0.0,scherer design,umbrafayemira,tx houston 1342 dennis street,1342 dennis st houston texas
S1-657997343,S2-739249686,US,0.1119731068611145,Other residual,5,0.8408,0.4373,0.4286,1.0,0.0,0.0,hakala and mcneece appliance inc,nexlumwex,1907 sterling avenue peoria il,01907 sterling ave peoria il
S1-242695118,S3-430217377,US,0.11192747950553894,Other residual,11,0.8155,0.2989,0.375,1.0,0.0,0.0,main street tavern,veodova,ny 721 cooper street watertown,721 cooper saint watertown new york
S1-346264845,S2-899876462,US,0.11152411997318268,Other residual,4,0.8542,0.4998,0.4286,1.0,0.0,0.0,national keystone alpha inc,korbelo,4796 beechnut street tx houston,04796 beechnut st houston tx
S1-734847106,S2-193848296,US,0.11127083748579025,Name weak / address strong,6,0.806,0.4477,0.5,1.0,0.0,0.0,primary care mountain medicine,deltafluxcalo,13 jackson street unit apartment 1 amsterdam ny,jackson street amsterdam ny
S1-17031451,S3-862139457,US,0.1112208440899849,Other residual,7,0.7293,0.4868,0.4444,1.0,0.0,0.0,mcandrews insurance,ciraorbi,441 king hill road paris me,paris maine 441 443 king hill rd
S1-876963092,S3-931488166,US,0.11094382405281067,Address weak / name strong,2,1.0,1.0,0.1111,1.0,0.0,0.0,sherer and calamari inc,sherer and calamari inc,335 river street halifax ma,river st halifaxx city massachusetts
S1-795551028,S2-86336483,US,0.11082714051008224,Address weak / name strong,2,1.0,1.0,0.1,1.0,0.0,0.0,corner grill,corner grill,7512 77th avenue snohomish wa,fobes hill 7512a 77rd ave wa
S1-271511473,S3-889001219,India,0.11036677658557892,Both moderately similar,4,0.74,0.8283,0.2143,1.0,0.0,0.0,fiable and brothers private limited,private fiable and br0thers limited,flat a2 602 6 floor parswanath exotica sector 53 gurgaon haryana,flat a5 2 602 gurgaon hr
S1-285945615,S2-405686207,US,0.10990043729543686,Other residual,6,0.6289,0.4993,0.375,1.0,0.0,1.0,martinez deanne h p a,vantageyuma,950 beall avenue canton township pa,950 beall ave washington pa
S1-476696506,S3-793269494,US,0.10951334238052368,Name weak / address strong,13,0.7383,0.5022,0.5,1.0,0.0,0.0,metropolitan institute llc,vioecto,775 foothill boulevard unit unit 68 rialto ca,unit 68 rialto 775 a foothill blvd california
S1-358863097,S3-813396679,US,0.10875575244426727,Other residual,5,0.879,0.4412,0.4545,1.0,0.0,0.0,rocky preferred hospitality llc,caloumbra,cohoes 7 mohawk street unit suite a ny,7 mohawk st suite a cohoes new york
S1-602894027,S3-246037780,India,0.10849569737911224,Both moderately similar,29,0.4268,0.6611,0.3,1.0,0.0,0.0,krishna construction pvt ltd,krsna kmstrksn pra li,rajasthan tijara alwar ashiana treehouse residence thr 403,thr 403 bhiwadi alwar rajsthan
S1-257126687,S2-84196377,US,0.10827238857746124,Name weak / address strong,4,0.8393,0.4516,0.5556,1.0,0.0,0.0,strategic broadcast works llc,fluxsol,651 liberty church road mountain city tn,00651 liberty church rd mountain city tn
S1-933525522,S3-537223073,US,0.10825085639953613,Missing address,7,0.7554,0.8667,0.0,0.0,0.0,0.0,naa llp,naa,3720 dutch iris lane fort worth tx,
S1-909506403,S2-182430397,India,0.1080111712217331,Missing address,2,0.7696,0.9002,0.0,0.0,0.0,0.0,bl india tradecom pvt ltd,bl ln r tradecom pvt ltd,d 901 emporis galaxy near mauni international school opp shangrilla heights digital velly utran chorasi surat gujarat,
S1-433985601,S3-917686122,India,0.10780403763055801,Name weak / address strong,4,0.9497,0.5929,0.7,1.0,0.0,0.0,garv pharma ltd,shri 6arv pharma 67413,7 65 ramesh nagar new delhi north delhi delhi,no a 7 65 ramesh nagar north delhi new delhi dl
S1-120744339,S2-82000085,India,0.10773372650146484,Name weak / address strong,2,0.8004,0.5169,0.5455,1.0,0.0,0.0,lasalgaon mahalaxmi private limited,mirasolyuma,aishwarya bunglow ganesh nagar at post lasalgaon tahsil niphad lasalgaon nashik maharashtra,aishwarya bunglow ganesh nagar lasalgaon maharashtra
S1-443270426,S3-174856924,India,0.10766955465078354,Address weak / name strong,3,0.9529,0.898,0.1111,1.0,0.0,0.0,tech investments private limited,tech tech investments private limited,a 11th floor ratnakar 9 square opp keshavbaug mansi circle road vastrapur ahmadabad city ahmedabad gujarat,a n a ahmedabad gujrat
S1-55605475,S3-688017029,US,0.10759863257408142,Other residual,3,0.7822,0.4881,0.4545,1.0,0.0,0.0,dermatology medicine wichita,synbelo,2920 boulder drive unit apt 11 wichita ks,2920a boulder dr unit apt 11 wichita kansas
S1-133568086,S2-119803949,US,0.10755019634962082,Name weak / address strong,8,0.8273,0.5399,0.5556,1.0,0.0,1.0,raven corporation,quonylacira,51 oriole lane lake oswego or,51 oriole ln pmb 9009 lake oswego or
S1-19099343,S3-489225907,India,0.107529416680336,Address weak / name strong,4,1.0,0.8929,0.1111,1.0,0.0,0.0,ramadevi hub private limited,private ramadevi hub limited,1380 keshripura sanwer indore madhya pradesh,indore region mp indore 1379
S1-281071131,S2-336277373,India,0.10699168592691422,Other residual,12,0.6272,0.6444,0.3636,1.0,0.0,0.0,tq beopar private limited,tqbeopar com,108 indore kailash park madhya pradesh,door no 976 108 kailash park indore mdhy prdes
S1-341149481,S3-927222602,US,0.1067928671836853,Address weak / name strong,6,0.6573,0.88,0.2,1.0,0.0,0.0,gy midwest navigation inc,gy midwest,64 road 5467 farmington nm,66 road 5467 lee acres new mexico
S1-413599754,S3-245635302,India,0.10607947409152985,Both moderately similar,22,0.636,0.668,0.4167,1.0,0.0,0.0,good law chambers,sri good law chists,b 19 506 3 cemetry road civil lines ludhiana punjab,b 19 506 3 ludhiana rupnagar pb
S1-752957908,S2-427389790,India,0.10555113106966019,Both moderately similar,24,0.485,0.753,0.2,1.0,0.0,0.0,east city consultancy private limited,ist siti knsltensi praivet limited,f104 dblk gulmoharresid beside nfc krishna nagar secunderabad hyderabad telangana,block a c 37 f104 secunderabad null telangana
S1-809651546,S3-728758987,India,0.10544383525848389,Name weak / address strong,6,0.8644,0.5706,0.7273,1.0,0.0,0.0,tech urban tech private limited,urbantechtech com 41902,house no 38 landmark pragati apartments pitampura new delhi delhi,house no 38 4 landmark pragati apartments new delhi dl
S1-579281626,S3-796505154,India,0.10528485476970673,Address weak / name strong,7,0.7568,0.8844,0.1579,1.0,0.0,0.0,east shivam foods private limited,east shivam private limited center,level 13 platinum techno park plot no 17 18 sector 30a vashi navi m umbai mumbai mumbai city maharashtra,level 13 mumbai mharastr
S1-990106624,S3-510000061,US,0.1051979660987854,Missing address,6,0.779,0.896,0.0,0.0,0.0,0.0,odom federal future l l c,odom federal,6659 moorland drive eden prairie mn,
S1-53812895,S3-245905924,US,0.10517649352550507,Other residual,4,0.7959,0.4542,0.4286,1.0,0.0,0.0,best research ventures inc,jaxnovi,46 longyard road southwick ma,0046 longyard road southwick massachusetts
S1-842759023,S3-416007060,India,0.10462547093629837,Both moderately similar,28,0.5163,0.849,0.2857,1.0,0.0,0.0,surya infrastructure,surya services,dharamtolla st 87 calcutta west bengal,calcutta 87 wb
S1-847186316,S3-950703088,US,0.1043059229850769,Missing address,7,0.7243,0.8454,0.0,0.0,0.0,0.0,r 9 choice abrdn,r 9 abrdn services,3222 200 lehi ut,
S1-227520850,S2-664613218,US,0.10430485755205154,Both moderately similar,8,0.6631,0.8445,0.375,1.0,0.0,0.0,kuhns quantum group,kuhns 6roup partners,3111 evergreen oak drive houston tx,evergreen oak dr hoston tx
S1-362350655,S3-730136198,India,0.10429098457098007,Missing address,20,0.5734,0.9078,0.0,0.0,0.0,0.0,dex ventures,dex center,d no 10 15 730 azizuddin road bunder mangalore dakshina kannada karnataka,
S1-614915441,S3-703012369,US,0.10369638353586197,Address weak / name strong,3,1.0,1.0,0.1111,1.0,0.0,0.0,great seas llc,great seas llc,oh 1043 rose boulevard highland heights,rose blvd cleveland ohio
S1-200523543,S2-392857133,India,0.10365764051675797,Missing address,2,0.7659,0.8474,0.0,0.0,0.0,0.0,knr brothers public limited,knr public limited center,a 53 tapovan vihar chandragupt nagar tilavala ward no 24 jagatpura th sanganer jaipur rajasthan,
S1-37662768,S3-362528217,India,0.10365191847085953,Missing address,6,0.8763,0.6582,0.0,0.0,0.0,0.0,sun properties private limited,mr sun properties,house no 8 a road no 13 behind durga mandir rajendra nagar bihar patna third floor patna,
S1-542204387,S3-445527933,India,0.10354205965995789,Name weak / address strong,10,0.7458,0.6381,0.7059,1.0,0.0,0.0,indus freight private limited,smt indusfreight com,house no 61 block a ph 1 naraina ind area new delhi south west delhi delhi,h no 582 house no 61 block a ph 1 naraina ind area new delhi dilli
S1-452422801,S2-440568452,US,0.10341131687164307,Missing address,11,0.6351,0.888,0.0,0.0,0.0,0.0,a certified safeguard llc,a certified,nc lillington 142 lynnville court,
S1-730329303,S3-575214718,US,0.10302771627902985,Name weak / address strong,1,0.7968,0.5238,0.5,1.0,0.0,0.0,legacy electronics union llc,cirasyn,2839 brueck road dubuque ia,iowa brueck road dubuque
S1-892287772,S2-813102754,India,0.10301122814416885,Both moderately similar,23,0.6729,0.7913,0.4545,1.0,0.0,0.0,jai global pvt ltd,jy global praibhet limited,c o aparna mukherjee vill hattala sainthia birbhum west bengal,birbhum c o aparna mukherjee pscimbng
S1-395988803,S2-965331918,India,0.10171480476856232,Name weak / address strong,10,0.8375,0.6905,0.625,1.0,0.0,0.0,international foundation private limited,imtrnesnl phaumdesn praivet limited,charni road mumbai r r roy marg maharashtra 331,331 charni road mumbai maharashtra
S1-848338217,S3-879516319,India,0.10162635892629623,Both moderately similar,14,0.657,0.8433,0.2667,1.0,0.0,0.0,bharat and sons care,bharat 5ons care limited,new no 5 old no 3 3rd main road r a puram chennai tamil nadu,new no 5 chennai tn
S1-442622127,S3-158840343,US,0.10097480565309525,Missing address,8,0.8312,0.9271,0.0,0.0,0.0,0.0,atlantic charities co,atlantic charities trading,wichita unit apt 119 ks 920 rock road,
S1-838630161,S2-429302079,US,0.10096924751996994,Address weak / name strong,2,1.0,1.0,0.1111,1.0,0.0,0.0,hess fund corp,hess fund corp,51 9th street huntington ny,9nd saint ny huntingtons tation
S1-913202092,S2-234322359,US,0.10089285671710968,Name weak / address strong,4,0.7677,0.6889,0.5556,1.0,0.0,0.0,corbin tailwind,corbin services,17656 old summit road los gatos ca,ca los gatos 17648 old summit rd
S1-124723310,S3-24797706,India,0.10045736283063889,Transliteration / phonetic variation,6,0.5899,0.8488,0.1429,1.0,0.0,0.0,sda view private limited,sda private limited partners,177 darjeeling siliguri bidhan market road ground floor shop no 8 west bengal,wb 177 darjeeling
S1-690168863,S3-552286281,US,0.10044621676206589,Address weak / name strong,5,0.7751,0.9335,0.125,1.0,0.0,0.0,owen and montanez reserve,owen and montanez center,1443 hudson road granger wa,hudson rd graanger washington
S1-341175576,S2-979988981,US,0.10019364953041077,Name weak / address strong,3,0.8471,0.4167,0.5,1.0,0.0,0.0,maren bossie d o,novinyla,3700 bell arthur road greenville nc,greenvilel 3700 bell arthur rd nc
S1-574681046,S3-979083093,US,0.10015127062797546,Both moderately similar,11,0.6166,0.7132,0.2727,1.0,0.0,0.0,woolf green accounting llc,greenaccounting com,206 north street greenport ny,161 north street po box 4616 greenport new york
S1-856509610,S3-216229162,US,0.10013427585363388,Address weak / name strong,1,1.0,1.0,0.1,1.0,0.0,0.0,espy lifesciences pllc,espy lifesciences pllc,ny brookhaven 183 walden court,walden ct east moriches new york
S1-20175727,S2-467936616,US,0.10012108087539673,Name weak / address strong,7,0.774,0.3954,0.5,1.0,0.0,0.0,johnson keating and burrell crane,ciraquo,unit 602 318 i street washington dc,dc 318 i st washington
S1-932630465,S3-344099306,India,0.09933915734291077,Both moderately similar,27,0.6361,0.7943,0.2857,1.0,0.0,0.0,jay technology private limited,je teknalji praivet limited,site 15 16 and 17 kno 354 kalkere village bangalore north bangalore karnataka,bangalore ka bangalore north site 15 7
S1-963970558,S2-420940317,India,0.09903458505868912,Name weak / address strong,3,0.7866,0.6192,0.5455,1.0,0.0,0.0,nayak minerals private limited,smt nayakminerals com,c o anjani plaza chandrapur wankaner rajkot gujarat,plot 333 c o anjani plaza chandrapur wankaner gujrat
S1-71367428,S3-859834547,India,0.09890230000019073,Address weak / name strong,3,0.9592,0.9765,0.0952,1.0,0.0,0.0,enterprises management pvt ltd,enterprises management pvt limited,old no 78 1a new no 1 194 d classic park rajiv gandhi nagar ulaganeri uthangudi post madurai tamil nadu,0078 1a madurai tmilnatu
S1-281071131,S2-84022583,India,0.09849605709314346,Other residual,10,0.6398,0.6444,0.3636,1.0,0.0,0.0,tq beopar private limited,tqbeopar com,108 indore kailash park madhya pradesh,h no 976 108 kailash park indore mdhy prdes
S1-971516362,S3-295567331,India,0.09815769642591476,Transliteration / phonetic variation,7,0.613,0.7562,0.1875,1.0,0.0,0.0,ew hub private limited,psiivmba ew hub limited,bharat photo house room no 21 c 3rd floor 545 kalbadevi road mumbai maharashtra,mharastr mumbai bharat photo houes mumbai
S1-66761785,S2-135176591,US,0.09811969846487045,Missing address,7,0.6888,0.8341,0.0,0.0,0.0,0.0,nakajima s manufacturing lp,nakajima s lp services,10333 broadmoor court omaha ne,
S1-749660973,S3-302999599,US,0.09789040684700012,Other residual,21,0.8508,0.5303,0.4286,1.0,0.0,0.0,foundry llc,llc fotnmry,8201 d1545 road calvin ok,oklahoma 8201 d1545 rd calvin
S1-216226304,S3-897767933,US,0.0977003276348114,Address weak / name strong,2,1.0,1.0,0.0909,1.0,0.0,0.0,stanton hospital llc,stanton hospital llc,new brighton mn 2700 17th terrace,002700 17th ter saint paul minnesota
S1-511355157,S3-227912763,US,0.09737180918455124,Name weak / address strong,6,0.7843,0.5,0.5,1.0,0.0,0.0,northern learning center,haloecto,ct new britain 96 burritt street,96 burritt st new britain connecticut
S1-90004661,S3-420560576,India,0.09643251448869705,Address weak / name strong,1,1.0,1.0,0.1176,1.0,0.0,0.0,nsp traders pvt ltd,nsp traders pvt ltd,vishakhapatnam flat 101 daspalla royale apartments 11 9 1 2 daspalla layout daspalla hills visakhapatnam andhra pradesh visakhapatnam,flta 101 visakhapatnam ap
S1-37783236,S3-676321433,US,0.09505478292703629,Missing address,17,0.6296,0.8937,0.0,0.0,0.0,0.0,national silver lifesciences llc,national silver,209 reynolds avenue corning ny,
S1-634798953,S2-162564492,India,0.09472011029720306,Both moderately similar,23,0.6295,0.7299,0.2667,1.0,0.0,0.0,unique consultants pvt ltd,yunik knsltnts pra li,5 5 balu bhagat ni khadi near ramdas pura pij tal pij nadiad pij kheda gujarat,no 990 5 5 pij kheda gujarat
S1-229829236,S3-335720538,US,0.09445066004991531,Address weak / name strong,8,0.5975,0.903,0.1818,1.0,0.0,0.0,rogers reliable banking,rogers rbeiisabfl banking,21601 carters landing road park hill ok,carters landing rd cherokee county oklahoma
S1-16133386,S3-159598195,India,0.0939679741859436,Missing address,2,0.8192,0.9229,0.0,0.0,0.0,0.0,ziravi india pvt ltd,ziravi ia pvt ltd,vadodara gujarat nyota flats country side estate gotri vadodara 401,
S1-30391307,S2-128827071,US,0.09344466775655746,Missing address,4,0.6448,0.88,0.0,0.0,0.0,0.0,bous llc,bous llc enterprises,1517 raymond drive naperville il,
S1-553976175,S3-488950632,India,0.0931924507021904,Both moderately similar,3,0.777,0.8306,0.2174,1.0,0.0,0.0,mettupalayam fittings pvt ltd,pvt mettupa1ayam fittings ltd,old 27 1 new 376d sharadha complex second floor bangalamedu opp to mtp bus stand ooty main road mettupalayam coimbatore tamil nadu,old 27 1 mettupalayam coimbatore tn
S1-704748979,S3-844356438,US,0.09291353076696396,Address weak / name strong,20,0.6418,0.9285,0.1,1.0,0.0,0.0,netech family office llc,netech family ogee llc,755 durand road beekmantown ny,55 durand rd plattsburgh new york
S1-772007379,S3-267934172,India,0.09237085282802582,Address weak / name strong,1,1.0,1.0,0.1,1.0,0.0,0.0,pro development,pro development,hyderabad telangana usha enclave srinagar colony 105b,00105b hyderabad andhra pradesh
S1-500137610,S3-31194110,India,0.09222760796546936,Name weak / address strong,7,0.7873,0.6771,0.6429,1.0,0.0,0.0,big producer private limited,privateproducer com,a 816 f f gali no 14 shri ram colony delhi north east north west delhi delhi,a 816 f f gali no 14 north west delhi dl
S1-339388110,S3-359597206,India,0.09181481599807739,Both moderately similar,29,0.4022,0.7821,0.2353,1.0,0.0,0.0,sunrise golden construction private limited,snraij golden knstrksn praivet limited,flat no 204 srikar towers krishna nagar 3rd lane near chaitanya grameena b guntur andhra pradesh,flat no 204 guntur ap
S1-829735089,S2-306995287,India,0.09174905717372894,Missing address,4,0.924,0.7714,0.0,0.0,0.0,0.0,century erectors ltd,sri century erectors limited,gandhinagar 1st floor goldmine jewel complex beside d mart g i d c sector 26 gandhinagar 106 gandhi nagar gujarat,
S1-418474385,S3-883611125,US,0.09149462729692459,Missing address,4,0.8162,0.9192,0.0,0.0,0.0,0.0,ewing rocky launchpad corp,ewing robsy launchpad corp,1654 desert oasis court benson az,
S1-967125129,S3-157668879,India,0.09077402949333191,Transliteration / phonetic variation,17,0.543,0.8206,0.1111,1.0,0.0,0.0,rajkot resorts pvt ltd,rajk0tresorts com,topland residency block no k 64 opp parijat residency sadhu vashvani ro ad rajkot gujarat,plot 751 topland residency surat gj
S1-16133386,S3-76143595,India,0.09073501080274582,Missing address,8,0.634,0.9101,0.0,0.0,0.0,0.0,ziravi india pvt ltd,ziravi iotndba pvt ltd,vadodara gujarat nyota flats country side estate gotri vadodara 401,
S1-287978219,S3-851023432,US,0.09018346667289734,Missing address,22,0.6349,0.9051,0.0,0.0,0.0,0.0,dd sizzle l l c,dd sildile l l c,1700 state street gadsden al,
S1-421663308,S3-642241923,India,0.08970138430595398,Name weak / address strong,3,0.8177,0.5579,0.6471,1.0,0.0,0.0,yamuesh realty private limited,nyladrexorbi,c o shyama devi 231 triveni new boring canal road patna bihar,h no 65 c o shyaa devi 231 triveni new boring canal road patna mithapur bihar
S1-831190330,S3-768934040,India,0.08948925137519836,Address weak / name strong,5,0.8647,0.911,0.15,1.0,0.0,0.0,taraksh india private limited,taraksh india limited center,6th floor dpt 610 dlf prime tower f 79 and 80 okhla industrial area phase i delhi delhi new delhi delhi,th floor delhi new delhi dl
S1-757564887,S2-32976492,India,0.08940501511096954,Transliteration / phonetic variation,23,0.6735,0.8733,0.3333,1.0,0.0,0.0,star technologies pvt ltd,star teknaljis praivet limited,1 2 41 mainroad khazipet warangal warangal urban telangana,telangana khazipet mainroad gl
S1-561362479,S3-67985911,US,0.08919943869113922,Other residual,2,1.0,0.8284,0.0909,1.0,0.0,0.0,cornerstone precision snow inc,inc cornerstone precision snow,8011 40th street university place wa,08011 40th saint tacoma township washington
S1-975611906,S3-975103865,US,0.08917029947042465,Address weak / name strong,4,0.7749,0.8749,0.125,1.0,0.0,0.0,cortes dynamic cayman,cortes cayman center,2900 209 marbletown ny,02900 209 kingston new york
S1-473905846,S2-538437568,US,0.08898664265871048,Address weak / name strong,2,0.956,0.9524,0.1111,1.0,0.0,0.0,mu cascade table,mu cascade table corp,25 3rd avenue spokane wa,spokaane wa 025 third ave
S1-361462675,S2-760634449,India,0.08808502554893494,Missing address,22,0.6727,0.897,0.0,0.0,0.0,0.0,unique investments private limited,unique investments limited center 85332,madurai south madurai no 38 1st floor t b road bharathidasan salai tamil nadu,
S1-790835891,S3-685723861,India,0.08799876272678375,Address weak / name strong,3,0.6964,0.8673,0.1739,1.0,0.0,0.0,ethics living limited,ethics limited center,indiqube bangalore karnataka the leela 4th floor mun no 23 airport road hal ii stage kodihalli village w ard no 74 varthur hobli,indiqube varthur hobli bangalore krnatk
S1-848984445,S3-196795686,US,0.08768398314714432,Name weak / address strong,7,0.7247,0.6102,0.5,1.0,0.0,0.0,michaelina abrams classic quality llc,maclassic com,ca simi valley 2274 beavertail lane,2274 beaverail lane simi valley california
S1-67113994,S3-300264614,US,0.08762048929929733,Name weak / address strong,9,0.7167,0.4276,0.5714,1.0,0.0,0.0,frontier capital,ny1anex,2202 pleasant avenue pa abington township,pleasant avenue abington township pennsylvania
S1-855624601,S2-680174134,US,0.08728931844234467,Other residual,19,0.8798,0.4268,0.375,1.0,0.0,0.0,surgical specialists inc,quoectoyuma,ma 12 oakland street unit 1 fitchburg,oakland st fitchburg ma
S1-696513947,S3-654360331,US,0.08713693171739578,Name weak / address strong,2,0.7973,0.6319,0.5,1.0,0.0,0.0,green asset group,agreen com,318 26th avenue bellwood il,26th avenue bellwood illinois
S1-492483015,S2-831801720,US,0.08708478510379791,Missing address,7,0.8029,0.8966,0.0,0.0,0.0,0.0,lengyel texas center,lengyel center center,112 broadway street anadarko ok,
S1-448619922,S3-732494805,US,0.08682312071323395,Address weak / name strong,5,1.0,1.0,0.1,1.0,0.0,0.0,citadel llc,citadel llc,413 main street village of thiensville wi,main st mequoncity wisconsin
S1-262551865,S3-991195363,US,0.08663840591907501,Missing address,5,0.8015,0.9121,0.0,0.0,0.0,0.0,allene botts seas,allene botts center,1030 harrison avenue unit unit 405 saint louis mo,
S1-326291031,S2-568163316,US,0.08646003901958466,Missing address,5,0.6482,0.9163,0.0,0.0,0.0,0.0,neor unified financial llc,neor unified financial 6854739727,746 pompano lane palatine il,
S1-578249940,S2-234305722,India,0.08621610701084137,Transliteration / phonetic variation,6,0.8089,0.7579,0.1579,1.0,0.0,0.0,developers royal infra limited,services developers royal limited,204a 2nd floor corporate centre premises a k road marol pipe line andheri east mumbai mumbai city maharashtra,0204a mumbai city bombay maharashtra
S1-362794685,S3-508463396,US,0.08618360012769699,Missing address,29,0.3937,0.94,0.0,0.0,0.0,0.0,oncology care associates llc,oncology care associates llc enterprises,20423 canton trace humble tx,
S1-240016942,S3-433007860,India,0.08579421043395996,Missing address,6,0.7441,0.9246,0.0,0.0,0.0,0.0,bs india digital private limited,bs india digita1 private ltd,h no 7 9 2 46 eshwaraiah enclave siddartha nagar dammaiguda rangareddy hyderabad telangana,
S1-15273037,S2-780630820,US,0.08569788187742233,Name weak / address strong,5,0.8277,0.6338,0.5,1.0,0.0,0.0,haymes worldwide,haymes center center,surprise az 15829 grand point lane,15829a grand point ln surprise az
S1-193067736,S3-276399587,US,0.08557923883199692,Address weak / name strong,13,0.6799,0.9692,0.1,1.0,0.0,0.0,beacon intelligence brands,beacon intelligence brdhsd,7929 threshing court west chester oh,wc hester ohio threshing ct
S1-799879457,S3-699752762,India,0.08553538471460342,Other residual,29,0.6124,0.6284,0.3333,1.0,0.0,0.0,green law chambers company,dr green law,2nd floor block j laxmi nagar delhi j 79 back east delhi,j 81 back east delhi dilli
S1-765532654,S3-644351519,India,0.08540403842926025,Address weak / name strong,1,1.0,1.0,0.125,1.0,0.0,0.0,ram exports private limited,ram exports private limited,plot no 15 anmagal hayath nagar hayathnagar k v rangareddy telangana,door no 17 pedda amberpet hayathnagar tg
S1-102157223,S3-927474803,US,0.08528924733400345,Missing address,1,0.7792,0.8034,0.0,0.0,0.0,0.0,kw first crane inc,kw crane inc center,17610 chicory drive houston tx,
S1-223767990,S2-514756794,India,0.08490369468927383,Both moderately similar,25,0.6431,0.6673,0.3846,1.0,0.0,0.0,shree software,sri saphtvear,house 13 a 1st floor sunny enclave sector 125 kharar kharar rupnagar punjab,house d 13 a kharar punjab
S1-38871797,S3-79868390,India,0.0847150906920433,Address weak / name strong,3,1.0,1.0,0.1111,1.0,0.0,0.0,infra shelter jewellers,infra shelter jewellers,plot no 2333 road no d 2 kranti gate lodhika g i d c metoda kalawad road rajkot gujarat,2333 rajkot region rajkot gj
S1-348927346,S2-997658664,India,0.0846659392118454,Transliteration / phonetic variation,4,0.8048,0.7025,0.6923,1.0,0.0,0.0,vijay foundation private limited,bijy phaundesn praibhet limited,plot no 1344 1730 khata no 224 239 sampur bhubaneswar khordha orissa,h no 1344 1730 khata no 224 239 sampur keonjhar bhubaneswar orissa
S1-219139088,S2-997556684,US,0.08463383466005325,Other residual,4,0.7872,0.4928,0.4444,1.0,0.0,0.0,burgess gaytan and haynie inc,fluxecto,109 linn street ia anamosa,0109 linn street po box 2118 anamosa ia
S1-280087290,S3-370243951,US,0.0840982049703598,Other residual,5,0.7633,0.4849,0.4444,1.0,0.0,0.0,associated biomedical alliance,orbiwex,howard beach 159 28 83 street ny,83 street howard beach new york
S1-887331976,S3-755153274,US,0.08391329646110535,Other residual,5,0.875,0.5583,0.4286,1.0,0.0,0.0,allied total resorts,drextavo,2002 terreno drive chesterton in,chesterton indiana 2002 terreno dr
S1-91344397,S3-678086036,US,0.08388635516166687,Other residual,5,0.7022,0.381,0.3636,1.0,0.0,0.0,theodosia hunter better aura,fluxbelo,cedar rapids ia 1834 hamilton st sw,1834 1838 hamilton saint southwest cedar rapids iowa
S1-335750616,S2-539572883,India,0.08364658802747726,Name weak / address strong,2,0.9978,0.6135,1.0,1.0,0.0,0.0,golden gmbh pvt ltd,m s golden com,flat no 1102 200 feet bypass road a block k g signature city adayalampet chennai tamil nadu,flat no g 1102 200 feet bypass road a block k g signature city adayalampet chennai tamil nadu
S1-770878324,S2-635944514,US,0.08356501162052155,Missing address,3,0.8078,0.9076,0.0,0.0,0.0,0.0,yolanda cecere post,yolanda cecere services,123 hotts lane madison al,
S1-673514090,S3-77846912,India,0.08348093181848526,Address weak / name strong,2,1.0,1.0,0.1,1.0,0.0,0.0,simba nirman private limited,simba nirman private limited,apollo chambers mogralane andheri west 308 mumbai maharashtra,30 mumbai mharastr
S1-767639038,S3-460176507,US,0.08346009999513626,Address weak / name strong,5,0.7435,0.9184,0.1111,1.0,0.0,0.0,stalter builders,stalterbuilders com,8610 schwartz road fort wayne in,schwartz rd milan indiana
S1-225776255,S2-293492666,India,0.08318639546632767,Name weak / address strong,10,0.8055,0.4226,0.5333,1.0,0.0,0.0,jay systems private limited,ciravantage,921 tamil nadu chennai 13th main road anna nagar west chennai chennai,h no 770 921 13th main road anna nagar west chennai chennai tamilnadu tmilnatu
S1-943270787,S3-503441377,India,0.0828607901930809,Missing address,8,0.7674,0.9101,0.0,0.0,0.0,0.0,lotus media private limited,lotus media private enterprises,1 50 2nd floor ganga apartment laxmi nagar east delhi delhi,
S1-271367989,S3-247368458,India,0.0826946273446083,Missing address,6,0.6754,0.9005,0.0,0.0,0.0,0.0,milano foundation pvt ltd,milan0 foundation pvt,24 4 shanthi nagar kondapalli vijayawada krishna andhra pradesh,
S1-566210534,S3-940188443,India,0.0819176509976387,Both moderately similar,4,0.7362,0.8278,0.2308,1.0,0.0,0.0,lake builders private limited,dr lake 8uilders private limited,hno 1037 first floor sector 18 omaxe city sonipat haryana,plot 199 hno 1037 sonipat hr
S1-406872650,S3-904073789,India,0.08182191848754883,Both moderately similar,22,0.5202,0.7751,0.25,1.0,0.0,0.0,city infotech pvt ltd,pvt city infontch ltd,house no 29 9 ward no 7 infront of jeening complex makdi mata road teh shamgarh mandsaur madhya pradesh,house no g 29 9 mandsaur mp
S1-132872164,S3-966322116,India,0.08128857612609863,Missing address,3,0.6239,0.8892,0.0,0.0,0.0,0.0,ne india paper public limited,ne india paper public 3806930619,c o kakkar forge private limited randhawa masanda road near petrol pump gadaipur jalandhar punjab,
S1-719470435,S3-756956230,India,0.08110913634300232,Missing address,24,0.6191,0.9159,0.0,0.0,0.0,0.0,duplex ventures,duplex vseneres,office no g 02 b 69 sector 63 noida gautam buddha nagar uttar pradesh,
S1-865081196,S2-949077612,India,0.08094488829374313,Missing address,4,0.729,0.9099,0.0,0.0,0.0,0.0,industries purva transports private limited,industries pnruva transports transports private limited,i 2171 28 ground floor sangam vihar new delhi delhi,
S1-453703505,S3-749243929,India,0.08057674765586853,Name weak / address strong,13,0.7362,0.6114,0.5,1.0,0.0,0.0,urban healthcare private limited,puhealthcare com,plot no 96 scheme no 53 indore madhya pradesh,door no 96 scheme no 53 indore mp
S1-414080553,S3-969619613,India,0.08041413128376007,Address weak / name strong,7,0.7351,0.9,0.15,1.0,0.0,0.0,ravi trading,ravi trading corporation,d 1 first floor right side facing ring road towards prop no 2 kalindi colony new delhi south delhi delhi,d 3 new delhi dl
S1-588710843,S3-215727439,India,0.08037115633487701,Address weak / name strong,26,0.6303,0.8672,0.2,1.0,0.0,0.0,tech hospitality private limited,tek hospitailiti private limited,plot no 12 a ahinsha khand 1 uttar pradesh indirapuram ghaziabad sunrise greens,sunrise greens indirapuram noida up
S1-409887920,S3-920875046,India,0.08027925342321396,Transliteration / phonetic variation,7,0.6712,0.8583,0.2727,1.0,0.0,0.0,big care pvt ltd,big ker pra li,6 kapur society village vijapur taluka vijapur vijapur mahesana gujarat,plot 29 6 vijapur mahesana gj
S1-972021323,S2-789413897,India,0.08023761957883835,Missing address,23,0.4619,0.9394,0.0,0.0,0.0,0.0,shinde krushna,shinde kmuhan,ii c2 new palasiya f no 203 indore madhya pradesh,
S1-226098200,S3-664266265,India,0.08014646917581558,Address weak / name strong,4,0.9755,0.9778,0.1,1.0,0.0,0.0,hollyhock agro india private limited,hollyhock agro india private ltd,241 patel nagar ambala city ambala haryana,door no 242 ambala hr
S1-489574307,S2-399821687,US,0.08003294467926025,Missing address,23,0.4126,0.9343,0.0,0.0,0.0,0.0,delta elite developments llc,delta elite devafopmfents llc,calera 736 kensington manor drive al,
S1-908089535,S3-446136564,US,0.07886829227209091,Address weak / name strong,3,1.0,1.0,0.1111,1.0,0.0,0.0,colonial banking inc,colonial banking inc,564 albany road bethlehem ny,albany rd selkirk new york
S1-638993338,S3-183081283,India,0.07849342375993729,Name weak / address strong,3,0.6519,0.3775,0.5,1.0,0.0,0.0,rockdude clothing private limited,umbrawex,c o arun kumar new jaganpura subhash nagar back of pcs patna bihar,c o arun kumar new jaganpura patna br
S1-543233282,S3-946639620,India,0.07814474403858185,Other residual,3,0.9076,0.6496,0.25,1.0,0.0,0.0,life international private limited,m s life international,v3 adyar apartments hig 3rd loop street 4th main chennai city corporation chennai tamil nadu,v3 adyar aparfments hig chennai tmilnatu
S1-841912230,S3-511098232,India,0.07813256978988647,Both moderately similar,3,0.6501,0.7243,0.2667,1.0,0.0,0.0,swa warriors private limited,dr swa private limited services,s no 106p2 plot no 13 janakpuri b37 nr kaveri morvi rajkot gujarat,gj s no 1 06p2 morvi rajkot
S1-306700021,S3-891831899,US,0.0777723416686058,Missing address,7,0.6743,0.8965,0.0,0.0,0.0,0.0,cabrera nmp of bridgeport,cabrera nmp of service,oh bridgeport 1047 howard street,
S1-672465171,S3-383088865,US,0.07748690992593765,Address weak / name strong,2,0.9876,0.9789,0.0909,1.0,0.0,0.0,pediatric dentistry supreme clinic inc,pediatric dentistry supreme clinic,2062 kenneth road hempstead ny,kenneth rd null merrick township new york
S1-757083358,S2-410554892,India,0.07743494212627411,Acronym / name truncation,4,0.7314,0.7667,0.2632,1.0,0.0,0.0,indra clinic,clinicindra com,shed no 115 ahmadabad city ahmedabad gujarat ashirwad ind estate nr forge and blower opp fruit market,ahmedabad nikol no 360 shed no 115 gujarat
S1-162526857,S3-226583713,India,0.07695423066616058,Address weak / name strong,3,0.9658,0.9238,0.1,1.0,0.0,0.0,big marketing limited,big marketing,h no 3 6 198 flat no 601 main road himayath nagar above gowtham model scho ol hyderabad telangana,36345 ol hyderabad tg
S1-194175577,S2-565874902,US,0.07668287307024002,Missing address,24,0.5004,0.885,0.0,0.0,0.0,0.0,desert allied sea,desert allied sea corporation 7555144231,2209 ivanhoe street fl 1 chandler az,
S1-544860001,S2-559760343,US,0.07621718943119049,Missing address,4,0.6404,0.9142,0.0,0.0,0.0,0.0,2552 jefferson street properties,2552 jffrosn street properties,149 pisgah church road statesville nc,
S1-111266942,S3-58786813,US,0.07602009922266006,Missing address,3,0.8504,0.8943,0.0,0.0,0.0,0.0,danyette hall d d s,danyette hall services,100 bonnie brook court aberdeen nc,
S1-993410471,S3-802830600,India,0.07568555325269699,Both moderately similar,4,0.79,0.7514,0.25,1.0,0.0,0.0,prudential spa pvt ltd,sri prudential pvt ltd services,villa 214 ashoka ala maison dulapally kompally tirumalagiri hyderabad telangana,villa 21 tirumalagiri hyderabad tg
S1-591049571,S2-40543559,US,0.07553957402706146,Missing address,6,0.5691,0.8932,0.0,0.0,0.0,0.0,vail and gonzales rain partners,vail and ghrinrcles rain partners,415 tabor drive scotts valley ca,
S1-30631832,S3-378130824,India,0.07516813278198242,Address weak / name strong,4,0.9355,0.9351,0.1,1.0,0.0,0.0,foods vega distribution private limited,foods vega distribution limited center,701 e wing dewdale dutta mandir road wakad s no 174 3 2 1 to 6 pune maharashtra,mharastr 740 701 pune
S1-464385240,S3-579282621,US,0.07495719939470291,Both moderately similar,25,0.5677,0.8443,0.3333,1.0,0.0,0.0,united foundation,united center,61 sugar loaf mountain road ridgefield ct,061 sugar loaf mountain road null lakes west connecticut
S1-316389194,S3-875625890,India,0.07485243678092957,Both moderately similar,26,0.3874,0.7536,0.2941,1.0,0.0,0.0,perfect software private limited,prkpekt cakptver piraivet limitet,plot no 5 subramania nagar r c middle school opposite kathakina ru madurai tamil nadu,plot no d 5 madurai ru tn
S1-738515363,S3-711271575,US,0.07481718063354492,Address weak / name strong,4,0.9875,0.9765,0.1111,1.0,0.0,0.0,certified wealth international llc,certified wealth international,3129 nestlewood drive va fairfax county,nestlewood dr herndon virginia
S1-456595211,S3-613091000,India,0.07468108832836151,Name weak / address strong,10,0.5983,0.6554,0.5,1.0,0.0,0.0,nash resorts ltd,smt nashres0rts,sy 134 2 and 134 2 p gachibowli seri lingamapally hyderabad telangana,sy 134 2 and 134 2 p hyderabad urban telmgan
S1-715239870,S3-281480386,US,0.07465328276157379,Missing address,4,0.6672,0.8833,0.0,0.0,0.0,0.0,karoly s couriers llc,karoly s llc center,6737 131 road wewoka ok,
S1-425258188,S2-903289705,US,0.07457876205444336,Both moderately similar,17,0.6332,0.8435,0.2222,1.0,0.0,0.0,ford vision,ford services,307 reno drive lynchburg city va,00307 reno dr lynchbburg va
S1-219846121,S3-614876980,India,0.07358227670192719,Both moderately similar,22,0.6211,0.6687,0.4167,1.0,0.0,0.0,dream foundation pvt ltd,drim phaumdesn pra li,akola plot no an 17 maharashtra akola growth center phase no 4 midc,plot no an 17 akola mharastr
S1-734372272,S3-878966752,US,0.07319772243499756,Missing address,12,0.7649,0.8594,0.0,0.0,0.0,0.0,heartland fund llc,heartland heartland llc center,332 jacksonian way lenoir city tn,
S1-77382963,S3-652875719,India,0.07299141585826874,Name weak / address strong,5,0.8596,0.5473,0.7778,1.0,0.0,0.0,yellow and sons private limited,shri yellowsons com,g c chesney nilgiri building old no 36 new no 58 3 ethiraj salai egmore chennai tamil nadu,g c chesney nilgiri building old no 36 new no 58 3 ethiraj salai chennai tmilnatu
S1-338642061,S3-384870370,India,0.07290758937597275,Address weak / name strong,3,0.9607,0.9771,0.1111,1.0,0.0,0.0,sunrise consultancy private limited,sunrise consultancy private ltd,maharashtra shop no 10 plot no 17a to 20 sec 22 kamote raigarh haware nirmiti navi mumbai,haware nirmifi raigarh mharastr
S1-818434176,S3-423321095,US,0.07277685403823853,Address weak / name strong,3,0.9524,0.9684,0.1111,1.0,0.0,0.0,a premier silver,a premier silver lp,tx whitehouse 506 pearl court,06 pearl ct witehouse texas
S1-802811451,S2-358587886,US,0.072731614112854,Acronym / name truncation,22,0.465,0.8167,0.375,1.0,0.0,0.0,3 sons,3sons com,24647 stoney island avenue crete il,stoney island ave certe il
S1-166013055,S3-486176324,US,0.07263887673616409,Both moderately similar,4,0.7931,0.8,0.4444,1.0,0.0,0.0,williams keystone yorkville,wi1liams keystone services 8341445082,3127 greenscape drive unit 307 charlotte nc,greenscape drive 307 charlotte north carolina
S1-822094451,S2-772869745,US,0.07252851873636246,Missing address,29,0.368,0.9273,0.0,0.0,0.0,0.0,polaris llc,polaris com,2929 amma road clendenin wv,
S1-305398022,S2-921128292,US,0.07234077900648117,Missing address,21,0.5383,0.9162,0.0,0.0,0.0,0.0,paia capital,paia cpaatnll,23721 cr 12 ada oh,
S1-993698367,S3-331519522,US,0.07163818180561066,Address weak / name strong,3,1.0,1.0,0.0833,1.0,0.0,0.0,rocky league,rocky league,1687 davis road cavendish vt,1687b davis rd pmb 573 proctorsvlile city vermont
S1-675611941,S2-536442318,US,0.07096163183450699,Name weak / address strong,2,0.8249,0.5076,0.6667,1.0,0.0,0.0,gamez plains,tavodrexjax,2708 1400 north manchester in,3708 1400 north manchester in
S1-630462144,S3-223263678,US,0.07078583538532257,Name weak / address strong,3,0.8264,0.5613,0.5,1.0,0.0,0.0,mix translational llc,kornylatavo,1 beacon circle hampton city va,001 beacon circle hampton city virginia
S1-601829217,S3-335005101,India,0.07065028697252274,Both moderately similar,24,0.6371,0.8404,0.2,1.0,0.0,0.0,innovative solutions pvt ltd,pvt innovative sotluions ltd,spazehive 16 4263 anjikath road ernakulam kerala,ernakulam d 592 spazehive kl ernakulam
S1-143928609,S3-485865432,US,0.07061806321144104,Address weak / name strong,2,0.9598,0.9565,0.1,1.0,0.0,0.0,elianore s apparel corp,elianore s apparel,20 york street botetourt county va,virginia 20 ynrk st roanoke
S1-890415348,S3-885859742,India,0.07030326128005981,Both moderately similar,24,0.7203,0.7448,0.4286,1.0,0.0,0.0,high engineering private limited,hai imjiniyrimg praivet limited,120 harsh vihar pitampura delhi,82 120 pitampura delhi dl
S1-647903906,S3-15951048,India,0.06980404257774353,Address weak / name strong,9,0.6943,0.8581,0.1667,1.0,0.0,0.0,classic builders pvt ltd,classic pvt ltd center,fno b205 aditya eden park opp sadana infinity sch serilingampally k v rangareddy telangana,h no 481 fno b205 serilingampally tg
S1-889197219,S2-34558793,India,0.06956377625465393,Name weak / address strong,6,0.6745,0.6667,0.5385,1.0,0.0,0.0,glorious and brothers corporation,shri gloriousbrothers com,1115 the i thum a 40 sector 62 noida uttar pradesh,the i thum a 40 sector 62 uttr prdes
S1-208735554,S3-314742828,US,0.06896045804023743,Missing address,24,0.4466,0.9111,0.0,0.0,0.0,0.0,lyryn exploration,lyryn exlparaisn,995 260th street new prague mn,
S1-605012492,S3-586734747,US,0.06874740868806839,Missing address,11,0.4922,0.951,0.0,0.0,0.0,0.0,zique grill,zique garlhli,2236 rebecca circle montgomery il,
S1-709823091,S3-767538138,India,0.06841455399990082,Other residual,8,0.5885,0.6151,0.4,1.0,0.0,0.0,miraj courier pvt ltd,mcourier com,at post bedag datta colony tal miraj miraj sangli maharashtra,at post bedag sangli mh
S1-339033720,S3-850594002,India,0.06838763505220413,Transliteration / phonetic variation,4,0.7091,0.827,0.1176,1.0,0.0,0.0,jaihind art private limited,jaihindart com,hph04 reflections by pacifica nr vaishnodevi circle b h nirma university khoraj trag ad ahmedabad gujarat,hph04 ahmedabad gj
S1-175827460,S2-278700057,India,0.06826788187026978,Missing address,4,0.8814,0.78,0.0,0.0,0.0,0.0,super technology limited,sri super technology ltd,no 002 meridian residency v nagenhalli patel muniyappa layout rt nagar bangalore karnataka,
S1-586817503,S3-448968403,India,0.06824930757284164,Other residual,4,0.7508,0.8128,0.0909,1.0,0.0,1.0,jeevan medical centre private limited,sri jeevan medical cte private limited,402 502 soham house soham chs ltd m m malaviya road nr st pius school nahu r mulund w mumbai mumbai city maharashtra,402 502 bombay mharastr
S1-511001580,S2-884953457,India,0.06820515543222427,Other residual,22,0.6705,0.6373,0.4,1.0,0.0,0.0,dream consultancy,drim kmsltemsi,hari nagar jail road delhi new delhi wz 300 third floor west delhi,wz 3 00 third floor null new delhi west delhi dilli
S1-946967633,S3-343438331,US,0.06817592680454254,Missing address,7,0.7443,0.8976,0.0,0.0,0.0,0.0,dynamic investment international,dynamic investment service,9204 sedgley drive wilmington nc,
S1-830592947,S3-993518441,US,0.0681127980351448,Address weak / name strong,1,1.0,1.0,0.1,1.0,0.0,0.0,holden and vaughn mobility llc,holden and vaughn mobility llc,3575 cosby highway cosby tn,tennessee cosby po box 865 3576 cosby hwy
S1-45329764,S3-200134222,India,0.06806350499391556,Name weak / address strong,16,0.774,0.5794,0.5,1.0,0.0,0.0,iv manufacturing limited,ariagild,indore sirpur 657 e chandan nagar indore madhya pradesh,no g 657 e chandan nagar sirpur indore mdhy prdes
S1-386024238,S3-856825039,India,0.06805044412612915,Address weak / name strong,5,0.6872,0.8666,0.1538,1.0,0.0,0.0,senior foundry ltd,senior ltd center,a 42 hig ram ganga vihar kanth road moradabad uttar pradesh,a 042 moradabad up
S1-792300413,S3-191919581,US,0.0679423063993454,Other residual,4,0.813,0.5084,0.2857,1.0,0.0,0.0,capital pioneer diversified llc,haloquo,5700 sheepcreek drive wrightwood ca,sheepcreek dr wrightwood california
S1-709410205,S3-904819169,US,0.0678841695189476,Both moderately similar,2,0.7187,0.7638,0.2,1.0,0.0,0.0,weisheit flaherty inc,center weisheit inc,wv 2673 davisson run road clarksburg,cllarksburg davisson run rd west virginia
S1-757332135,S2-301263002,US,0.06782978028059006,Missing address,30,0.3722,0.9308,0.0,0.0,0.0,0.0,bay committee llc,bay committee llc id 16341,335 vista villa court waseca mn,
S1-867520981,S2-795299461,US,0.06769389659166336,Name weak / address strong,3,0.8507,0.5833,0.6667,1.0,0.0,0.0,allied software partners co,ariadovalyra,937 road 5703 cleveland tx,93 road 5703 cleveland tx
S1-913972237,S3-362704945,India,0.0674334168434143,Transliteration / phonetic variation,4,0.7749,0.8588,0.2667,1.0,0.0,0.0,ansha and sons co,ansha,no 2 1126 mahathma gandhi 1st main road 8th street kancheepuram kanchipuram tamil nadu,no 2 1126 kanchipuram tn
S1-468510336,S2-608649720,India,0.06741247326135635,Name weak / address strong,16,0.7341,0.6723,0.6364,1.0,0.0,0.0,creative infrastructure private limited,kriy etibh inphrastrakcar praibhet limited,p 43 rabindra sarani 1st floor kolkata howrah west bengal,p 43 rabindra sarani 1st floor kolkata pscimbng
S1-956028060,S3-57117580,India,0.06719915568828583,Other residual,4,0.8869,0.6012,0.4286,1.0,0.0,0.0,dream infra private limited,ariaveraaria,abhinandan royale bhatarroad surat surat surat gujarat,surat abhinanlan royale bhatarroad surat surat gj surat
S1-674194671,S3-96948086,US,0.06675761193037033,Missing address,5,0.8116,0.9105,0.0,0.0,0.0,0.0,metropolitan network llc,metropolitan network industries,8892 24th place yuma az,
S1-515172778,S2-924995613,US,0.06656821072101593,Name weak / address strong,6,0.9176,0.5062,0.5714,1.0,0.0,0.0,lanny bridges highland digital llc,vantagepyravera,95 kellyville road rocky point nc,kellyville rd rocky point nc
S1-646612408,S3-141688162,India,0.06646306067705154,Address weak / name strong,24,0.484,0.9184,0.1538,1.0,0.0,0.0,tejavi spintex private limited,tejavi sipfnhex private limited,28 tagore castle street kolkata kolkata howrah west bengal,h no 485 28 calcutta howrah wb
S1-337845026,S2-342166085,US,0.06583020836114883,Other residual,4,0.7652,0.3111,0.4286,1.0,0.0,0.0,mejia mortgage l l c,quoevo,11837 hale avenue chicago il,11837a hale ave chicago il
S1-177112730,S3-755386696,India,0.06521285325288773,Address weak / name strong,6,0.8967,0.9091,0.1176,1.0,0.0,0.0,accura india ispat public limited,accura india ispat,602 ashima tower b h sunrisepark nr amaltas bunglow o s vastrapur gam ahmedabad gujarat,gandhinagar gj ahmedabad 602
S1-34843145,S3-167401787,India,0.06494218856096268,Address weak / name strong,2,1.0,1.0,0.0556,1.0,0.0,0.0,eastern and co,eastern and co,no 25 sir m v complex 1st floor above idbi bank nttf circle peenya bangalore karnataka,025 bangalore ka
S1-154776719,S3-73407045,US,0.06493502110242844,Missing address,24,0.5341,0.9067,0.0,0.0,0.0,0.0,x z logistics llc,x z lotisltcics llc,209 davis street keyser wv,
S1-778074037,S2-672499093,India,0.06450489908456802,Both moderately similar,23,0.4539,0.6702,0.2143,1.0,0.0,1.0,electrical solutions private limited,smt esprivate com,137 138 2nd floor thakur arcade opp railway station virar west thane maharashtra,137 138 thane mharastr
S1-663867219,S2-106828507,India,0.06357253342866898,Other residual,3,0.7162,0.4268,0.375,1.0,0.0,1.0,poona india city limited,lumkelogild,10 33a pambanvilai ananthanadarkudy kanyakumari tamil nadu,10 33a kanyakumari tmilnatu
S1-641974776,S3-330207880,US,0.06355686485767365,Address weak / name strong,1,1.0,1.0,0.1111,1.0,0.0,0.0,primary care golden associates lp,primary care golden associates lp,252 river road cumberland county va,river rd farmvillle virginia
S1-605467284,S3-406481458,US,0.06342566013336182,Address weak / name strong,3,1.0,1.0,0.0909,1.0,0.0,0.0,wandis clark security,wandis clark security,va 1101 cowpen court james city county,1101c cowpen ct williamsburg virginia
S1-260232259,S3-128628074,US,0.06292072683572769,Missing address,18,0.683,0.8692,0.0,0.0,0.0,0.0,big grill,big grill services trading,decatur 2318 sam davis road tn,
S1-260084387,S3-195302579,US,0.06291558593511581,Name weak / address strong,4,0.8094,0.4643,0.5,1.0,0.0,0.0,colonial globa,dovafaye,2112 hendricks hill lane holly springs nc,2111 hendricks hill lane holly springs north carolina
S1-724089609,S2-847590909,India,0.06265000253915787,Name weak / address strong,8,0.6433,0.4324,0.5714,1.0,0.0,0.0,burdwan i india limited,bi com,c o niladri pal 25 telmarui road bardwan burdwan i bardhaman west bengal,c o nialdri pal burdwan i bardhaman west bengal
S1-702224275,S2-443242452,India,0.06259329617023468,Missing address,10,0.6232,0.8596,0.0,0.0,0.0,0.0,tandon shoes private limited,tandon private limited partners,plot no 19 sbh colony 1 2 607 41 19 telangana secunderabad hyderabad,
S1-781575218,S2-267757773,US,0.06158232316374779,Missing address,12,0.6584,0.9119,0.0,0.0,0.0,0.0,electricians local 937 center,electricians local trading,2326 estrella drive fl 1 chandler az,
S1-319381967,S3-804019433,India,0.06133788079023361,Name weak / address strong,9,0.7683,0.4734,0.6667,1.0,0.0,0.0,kissan industries group,arclum,no 25 1 1 first floor gover road cox town bangalore north bangalore karnataka,door no 25 1 1 first floor gover road cox town bangalore rural krnatk
S1-787569237,S3-830637281,India,0.061073772609233856,Address weak / name strong,3,1.0,0.8788,0.0526,1.0,0.0,0.0,exports damyanti venkataraya private limited,private exports damyanti venkataraya limited,3fb 1st floor action area 1b bg 12 terminus building new town rajarhat kolkata kolkata howrah west bengal,5fb kolkata pscimbng
S1-482169288,S3-469554152,US,0.061045534908771515,Address weak / name strong,3,0.7868,0.9028,0.1,1.0,0.0,0.0,giustina owens direct antimony llc,giustina owens direct llc services,75 greenmont drive east pennsboro township pa,greenmont dr enola pennsylvania
S1-185376147,S2-950738982,India,0.060968831181526184,Both moderately similar,25,0.4244,0.6917,0.381,1.0,0.0,0.0,first construction private limited,phst knstrksn praivet limited,mch no 6 3 907 2 office space no 301 3rd floor sonthalia sapphire kapadia lane somajiguda nampally hyderabad telangana,hn 702 mch no 6 3 907 2 hyderabad telangana
S1-514539008,S3-756055341,India,0.060811422765254974,Both moderately similar,7,0.717,0.7612,0.3684,1.0,0.0,0.0,bhavani silk private limited,8havani private limited center,no 19 8 6a shree devi kripa opp nitk pg hostel srinivasa nagara mangalore dakshina kanada mangalore dakshina kannada karnataka,ka mangalore no 19 8 6a dakshina kannada
S1-273079482,S3-859622164,US,0.060628872364759445,Other residual,5,0.8031,0.5884,0.4444,1.0,0.0,0.0,royal industrial international lp,mirapyra,15 forest street unit left northbridge ma,forest st unit left northbridge massachusetts
S1-887644536,S3-371551974,India,0.060330502688884735,Missing address,1,0.6927,0.8978,0.0,0.0,0.0,0.0,rajendranagar horizon,rajendranagar services,door no 7 4 117 271 32 plot no 32 pramukh and joshi estate gagan pahad rajendra nagar rajendranagar hyderabad telangana,
S1-893957795,S3-759678584,US,0.060320187360048294,Acronym / name truncation,2,0.7663,0.6565,0.4,1.0,0.0,0.0,midwest tokyo associates,mtassociates com,charlotte nc 8809 beaver creek drive,8809 8813 beaver creek dr charlotte north carolina
S1-905998385,S3-167154368,US,0.06018801033496857,Address weak / name strong,9,0.6982,0.8564,0.1333,1.0,0.0,0.0,ace packaging technologies corp,ace packaging packaging corp partners,455 lewis street islip ny,po box 4206 holbrook township 455 1 2 lewis st new york
S1-228802653,S3-210503114,US,0.05968736857175827,Both moderately similar,26,0.5378,0.8244,0.2857,1.0,0.0,0.0,grant morgan,grant service,2634 112th street tx lubbock,112nd street lubbock texas
S1-469529046,S2-34347678,India,0.05960416421294212,Name weak / address strong,6,0.703,0.3586,0.5556,1.0,0.0,0.0,bacalar india india co,lyraveozeph,kottamugal kunnil veedu kanacode karakulam vattappara thiruvananthapuram trivandrum kerala,kottamugal kunnil veedu trivandrum kerala
S1-231066978,S3-427307906,India,0.05959523469209671,Address weak / name strong,5,0.7739,0.8738,0.15,1.0,0.0,0.0,amh india india private limited,amh india private limited partners,h no 23 10 35 1b 1 new maruti nagar mr palli tirupati urban chittoor andhra pradesh,188 23103528 chittoor tirupati urban ap
S1-987512243,S3-75534616,US,0.05956682190299034,Address weak / name strong,5,0.8257,0.9222,0.1111,1.0,0.0,0.0,fowler peak optics,fowler peak,14015 30 colchester ny,1401 30 downsville toownship new york
S1-987512243,S3-72671683,US,0.05956682190299034,Address weak / name strong,4,0.8257,0.9222,0.1111,1.0,0.0,0.0,fowler peak optics,fowler peak,14015 30 colchester ny,1401 30 downsville toownship new york
S1-994982124,S3-47181994,India,0.05954812467098236,Other residual,10,0.7724,0.4868,0.4286,1.0,0.0,0.0,systems green india,pyrazeta,no 2 12 f1 kaveri street gandhi nagar chennai city corporation chennai tamil nadu,2 12 f1 chennai city corporation chennai tn
S1-416938532,S3-332274958,US,0.05949723720550537,Address weak / name strong,1,1.0,1.0,0.1,1.0,0.0,0.0,petrucelli clean terra p c,petrucelli clean terra p c,mo ofallon 266 eastgate drive,missouri eastgate dr lake st louis
S1-30951684,S3-546057226,US,0.05931562930345535,Missing address,6,0.7102,0.8588,0.0,0.0,0.0,0.0,baque,baque enterprises,spokane 5312 greenwood boulevard wa,
S1-14726532,S3-264784536,India,0.05910052731633186,Address weak / name strong,2,0.9633,0.96,0.1154,1.0,0.0,0.0,first and co co,first and co,common h t k raheja platinum plot no 710g marol industrial estate near sag baug marol co op sty andheri east mumbai maharashtra,45 comon h t bombay mumbai mh
S1-241121206,S3-487220148,US,0.05899538844823837,Other residual,23,0.6844,0.562,0.3846,1.0,0.0,0.0,oncology tri state medicine llc,otmedicine com,900 allison drive unit 62 west terre haute in,allison drive po box 9572 west terre haute indiana
S1-124887948,S3-319013168,India,0.05878444388508797,Missing address,1,0.9609,0.7508,0.0,0.0,0.0,0.0,omshaktidev india india pvt ltd,m s omshaktidev india india,9 karni nagar k 5 green park scheme khatipura road jaipur rajasthan,
S1-384047466,S3-238829907,US,0.05865630507469177,Missing address,14,0.577,0.8946,0.0,0.0,0.0,0.0,x k and f view,x k and f center,408 irving street joliet il,
S1-913364675,S3-441495451,US,0.05862606689333916,Other residual,4,0.8252,0.6181,0.4444,1.0,0.0,0.0,sullivan value ethereum group,vesullivan com,10 thompson drive east rockaway ny,10c thompson drive east rockaway new york
S1-961884670,S3-640334788,US,0.058421846479177475,Name weak / address strong,3,0.8635,0.5056,0.6,1.0,0.0,0.0,humphreys kimco,yumacira,ia cedar rapids 1800 wolf river ln nw,01800 wolf river ln nw cedar rapids iowa
S1-880097141,S3-151290484,India,0.05788261070847511,Address weak / name strong,6,0.809,0.8629,0.1818,1.0,0.0,0.0,anka opticals pvt ltd,anka anka opticals pvt ltd id 11063,f no 302 p no 16 17 grt dhanvi moring glory evv colony alkapoori township manikond a hyderabad rangareddy telangana,f no 302 rangareddy secunderabad andhra pradesh
S1-3038510,S3-723091605,US,0.05774983391165733,Address weak / name strong,9,0.5817,0.971,0.0909,1.0,0.0,0.0,ht dynamic oxford inc,ht daymaic oxford inc,11 vermont avenue brookhaven ny,vermont ave pt jefferson statino new york
S1-727013984,S3-771344119,US,0.05771708860993385,Other residual,23,0.6788,0.5022,0.2,1.0,0.0,0.0,western school of medicine,veokelo,w320s4535 grush road town of genesee wi,w320s4535 grush rd waukesha wisconsin
S1-591913848,S3-273298424,US,0.05731642246246338,Both moderately similar,23,0.777,0.753,0.4286,1.0,0.0,0.0,pediatric dentistry group,dentistrypediatric com,126 providence street rehoboth ma,providence street rehoboth citty massachusetts
S1-379243564,S3-372788135,US,0.05725409463047981,Missing address,5,0.6315,0.8928,0.0,0.0,0.0,0.0,sanders harbor greenland inc,sanders harbor inc services,908 silver drive village of holmen wi,
S1-955866488,S2-55366586,US,0.05700278282165527,Missing address,15,0.6485,0.8915,0.0,0.0,0.0,0.0,first zion corp,first zion enterprises,20 fletcher road unit apartment d spring valley ny,
S1-655533279,S3-753467435,India,0.05692072585225105,Missing address,3,0.7688,0.9434,0.0,0.0,0.0,0.0,aarvaya bureau limited,aarvaya 8ureau ltd,shop no g 5 f wing bliss plot no am19 anandnaga ambarnath thane maharashtra,
S1-507578000,S2-810644204,US,0.05687803402543068,Name weak / address strong,12,0.9319,0.5375,0.625,1.0,0.0,0.0,golden bike shop,gbshop com,unit 2 230 franklin road fitchburg ma,230 franklin road fitchburg city ma
S1-17000982,S2-755200057,US,0.056792084127664566,Missing address,9,0.7659,0.9063,0.0,0.0,0.0,0.0,maurise cannon mountain duration,maurise cgeon mountain duration,58 winsome path circle spring tx,
S1-357295422,S3-367705182,India,0.056420158594846725,Name weak / address strong,3,0.798,0.6233,0.5714,1.0,0.0,0.0,tanmay college,dr tanmay services,fl no 1 iravati hsg bhavik ngr vise mala gangapur rd nashik nashik maharashtra,fl no 1 iravati hsg bhavik ngr nashik mharastr
S1-104484128,S3-488623736,India,0.05624236911535263,Transliteration / phonetic variation,6,0.8804,0.7611,0.1765,1.0,0.0,0.0,sai leaf,mr sai leaf llp,8th floor a 805 privilion ambli bopal road s g highway ahmedabad gujarat,door no 8th floor null ahmedabad gj
S1-291008479,S2-993253590,India,0.05617588758468628,Missing address,13,0.7743,0.8954,0.0,0.0,0.0,0.0,shivam ventures limited,shivam ventures enterprises,t 29 third floor sriram palace teliwara sadar bazar new delhi delhi,
S1-953930950,S3-939522412,US,0.05589069798588753,Missing address,19,0.6165,0.9051,0.0,0.0,0.0,0.0,uhl royal cleaning service,uhl royal cleaning svice 9566640417,1164 olive street san bernardino ca,
S1-154776719,S3-209384416,US,0.055741339921951294,Address weak / name strong,3,0.9571,0.9274,0.1111,1.0,0.0,0.0,x z logistics llc,x z logistics logistics,209 davis street keyser wv,davis st keser west virginia
S1-426257994,S3-406698076,US,0.05526959151029587,Address weak / name strong,9,0.6279,0.8665,0.1818,1.0,0.0,0.0,nm cascade sumitomo llc,nm cascade llc center,219 7th avenue rio rancho nm,19 seventh ave rio rancho new mexico
S1-659484723,S3-640619104,India,0.055259671062231064,Name weak / address strong,25,0.6594,0.4579,0.6923,1.0,0.0,0.0,four services private limited,miragildnovi,h no b 113 g f aali vihar sarita vihar delhi south delhi delhi,no 869 h no b 113 g f aali vihar dl delhi
S1-924913320,S3-565477099,India,0.05509394034743309,Transliteration / phonetic variation,1,0.8215,0.7387,0.125,1.0,0.0,0.0,dravidian cosmetics ltd,cosmeticsdravidian com,152 ist floor office no 101 savitri vihar mansarovar extn jaipur rajasthan,hn a 588 152 jaipur rj
S1-184429353,S3-507663179,US,0.05498132482171059,Name weak / address strong,12,0.7887,0.4961,0.5556,1.0,0.0,0.0,scholarship project,ariacira,109 thoreau way unit 724 lawrence ma,109b thoreau way unit 724 lawrence massachusetts
S1-682430206,S2-711349778,US,0.054829005151987076,Missing address,11,0.5891,0.8411,0.0,0.0,0.0,0.0,ashia s supply,ashia s services,10613 ambling trail fort worth tx,
S1-414013662,S2-431678142,India,0.05480651929974556,Missing address,6,0.8242,0.7531,0.0,0.0,0.0,0.0,international infotech private limited,shri international infotech limited services,r n 10 dwarkabai shanvar gharantar chawl shiv tekdi jogeshwari east mumbai mumbai city maharashtra,
S1-718592794,S3-290248721,India,0.054793719202280045,Both moderately similar,17,0.6632,0.652,0.3636,1.0,0.0,0.0,classic logistics private limited,shri classiclogistics com,satbari 20 a mehrauli green medows farm delhi,20 a south west delhi mehrauli dilli
S1-747396987,S3-184261824,US,0.054016657173633575,Other residual,7,0.7795,0.5626,0.375,1.0,0.0,0.0,heikes biopharmaceuticals llc,ariabelo,776 pinnacle lane patrick county va,pinnacle ln patrick county virginia
S1-523731597,S3-313175703,US,0.05390998721122742,Other residual,22,0.6726,0.358,0.4444,1.0,0.0,0.0,interfaith alliance llc,lumzetakor,76 willington avenue stafford ct,stafford po box 5343 76 willington avenue connecticut
S1-522386213,S3-318809111,US,0.05321499705314636,Name weak / address strong,23,0.8069,0.4113,0.5,1.0,0.0,0.0,cascade,synfluxnovi,821 deaderick road knoxville tn,deaderick road knoxville tennessee
S1-333665590,S3-793836587,India,0.05280239135026932,Address weak / name strong,25,0.5844,0.8892,0.1429,1.0,0.0,0.0,ahmedabad engineers private limited,ahmedabad enigncers private limited 8914200229,ahmedabad 508 setu eventi near dev corporate hotel off c g road ahmedabad gujarat,508 ahmedabad gj
S1-529318745,S2-221996990,US,0.05274468660354614,Other residual,5,0.625,0.6175,0.4444,1.0,0.0,0.0,marcelo north of weymouth,northweymouth com,55 greentree lane unit 12 weymouth ma,s wemouth ma 55 greentree lane
S1-62726733,S3-847964923,India,0.05244885012507439,Address weak / name strong,4,0.8258,0.8757,0.1111,1.0,0.0,0.0,ut chit private limited,ut chit limited center,nh56 296 amhat sultanpur uttar pradesh,nhc 56 sultanpur up
S1-162578813,S3-527759968,India,0.05210547894239426,Transliteration / phonetic variation,6,0.7594,0.7886,0.1333,1.0,0.0,0.0,smart group of companies corporation,services smart group of corporation,no 15 1 185 2 185 a 18th main road 9th block jayanagar bangalore karnataka,15 bangalore ka
S1-211536772,S3-483846805,US,0.05204141512513161,Both moderately similar,5,0.7834,0.6755,0.4286,1.0,0.0,0.0,jewell sutter and ayala corporation,ayalajewellsutter com,212 emily court franklin tn,franklin tennessee 00212 emily court
S1-916160514,S3-110574690,US,0.05181947723031044,Address weak / name strong,22,0.5429,0.9514,0.1111,1.0,0.0,0.0,interfaith center,interfaith cotr,6218 climbhill road fairfax county va,climbhill rd alexandria virginia
S1-654292484,S3-883516507,India,0.051659002900123596,Name weak / address strong,6,0.8337,0.6897,0.5455,1.0,0.0,0.0,white software private limited,hoy ait sphtoy yar praibhet limited,65 5f bagbazar street kolkata howrah west bengal,door no 65 5f bagbazar street kolkata howrah pscimbng
S1-759808008,S2-445437834,US,0.051583271473646164,Missing address,30,0.4354,0.9214,0.0,0.0,0.0,0.0,bo kgaa,bo kggma,7713 hogans run louisville ky,
S1-612928038,S3-424376751,India,0.05144292861223221,Both moderately similar,28,0.553,0.6744,0.3636,1.0,0.0,0.0,galaxy software pvt ltd,gaileksi sophtveyr pra li,rajasthan alwar purani anaj mandi kherli alwar ward no 10,301 ward no 10 alwar rj
S1-224941046,S3-164997130,US,0.0510571114718914,Other residual,2,0.9793,0.8279,0.0909,1.0,0.0,0.0,lugo sutton and hester pennantpark llc,the lugo sutton and hester pennantpark llc,w10758 468th avenue town of oak grove wi,468th ave prescott wisconsin
S1-396884987,S3-13346691,US,0.05094744637608528,Other residual,1,0.6896,0.4091,0.4286,1.0,0.0,0.0,bisset rodriguez and hemme dollar,wexnovibelo,713 clifton road atlanta ga,713c clifton road atlanta georgia
S1-901768544,S2-340919208,US,0.05061011388897896,Transliteration / phonetic variation,25,0.5762,0.8747,0.25,1.0,0.0,0.0,lower blue wireless,lower 8lue,119 5th street tx bonham,19 fifth st bonham tx
S1-771660442,S2-419415795,India,0.050010841339826584,Both moderately similar,22,0.5906,0.7436,0.3333,1.0,0.0,0.0,first services limited,phrst srvisej limited,shop no 333 old mug karnal haryana,400 old mug karnal hriyana
S1-33587462,S2-657837077,US,0.04993610084056854,Name weak / address strong,4,0.8101,0.2937,0.5,1.0,0.0,0.0,empire summit trading,korbelo,1916 dumble street houston tx,dumble st houston tx
S1-945356718,S3-535155620,US,0.049920856952667236,Address weak / name strong,3,0.798,0.8824,0.1,1.0,0.0,0.0,ginevra botkin creative healthcare,ginevra botkin,henry county va 12 frontier trail,12 frontber trl martinsville virginia
S1-869503591,S3-777126021,US,0.04990982264280319,Address weak / name strong,2,0.9372,0.9471,0.125,1.0,0.0,0.0,pediatric dentistry great care inc,pediatric dentistry great,540 lincoln street il evanston,lincoln st evasnton illinois
S1-134163627,S2-168467236,US,0.04975263401865959,Name weak / address strong,4,0.8086,0.5357,0.5556,1.0,0.0,0.0,gulf alpex p c,fluxkor,nc 106 taylor farm road beaufort,105 taylor farm road pmb 2077 beaufort nc
S1-637274108,S2-864282888,India,0.049118079245090485,Missing address,3,0.9284,0.9595,0.0,0.0,0.0,0.0,dynamic seven constructions pvt ltd,dynamic seven constructions pra li,e 40 krishna park devli road deoli khanpur new delhi delhi south delhi delhi,
S1-843571862,S3-426872851,India,0.048976510763168335,Other residual,7,0.6044,0.6025,0.1538,1.0,0.0,1.0,petro consulting llp,smt petro llp service,202 floor 2 plot 131 new rajaram niwas dsp road mumbai maharashtra,202 mumbai mh
S1-709047289,S2-188774251,India,0.04883208125829697,Both moderately similar,28,0.4612,0.7823,0.25,1.0,0.0,0.0,white consultancy private limited,vait knsltensi praivet limited,no 577 590 omkar 11th a cross 5th main girinagar ii phase bangalore karnataka,no 0577 590 bangaluru bangalore karnataka
S1-366289125,S3-45684235,US,0.048499636352062225,Address weak / name strong,3,1.0,0.8919,0.0833,1.0,0.0,0.0,e 4 value debt inc,e debt value 4 inc,1400 32nd avenue bldg building 210 fargo nd,32st ave fargo north dakota
S1-169573851,S3-311250394,US,0.04828668758273125,Transliteration / phonetic variation,8,0.5991,0.7192,0.1667,1.0,0.0,0.0,virgen airlines llc,service virgen llc,711 21st street unit 203 washington dc,21rd st 203 washington district of columbia
S1-801745894,S3-462906515,India,0.04817945882678032,Address weak / name strong,2,1.0,1.0,0.0909,1.0,0.0,0.0,boulevard and sons private limited,boulevard and sons private limited,302 floor 3 plot 208 regent chambers mumbai maharashtra,02 mumbai mharastr
S1-387209787,S3-354331533,India,0.04812871292233467,Other residual,5,0.7989,0.3952,0.4444,1.0,0.0,0.0,adeshwar jeev india private limited,rizasol,plot no 111 sector 24 faridabad haryana,d 111 sector 24 hr faridabad
S1-795893039,S2-740674804,India,0.04812254756689072,Other residual,17,0.6337,0.4778,0.375,1.0,0.0,0.0,legend international private limited,korlyrajax,udaipur rajasthan l 113 sector 9 savina,l 113 udaipur rajsthan
S1-473576864,S3-257421895,India,0.048116542398929596,Address weak / name strong,10,0.8246,0.8869,0.125,1.0,0.0,0.0,bangalore estate private limited,bangalore bangalore etate private limited,no 22 bangalore karnataka bangalore samruddhi nilaya 2nd main road defence colony hesaraghatta main road nagasand ra post,22 bangalore ka
S1-502612466,S3-289839783,US,0.047750767320394516,Other residual,7,0.6696,0.4949,0.3077,1.0,0.0,1.0,rossow family practice,arcbrixaria,877 wood drive unit apartment 3 city of oconomowoc wi,877 wood drive pmb 4627 oconomowoc wisconsin
S1-153223477,S3-260349355,US,0.04744910076260567,Missing address,24,0.4073,0.929,0.0,0.0,0.0,0.0,dermatology medicine,dermatology medicine industries,758 cannonsgate drive newport nc,
S1-515993750,S3-506973571,US,0.04727686569094658,Missing address,3,0.8578,0.694,0.0,0.0,0.0,0.0,micki n puga l c s w center,micki micki n puga,133 bay 25 street brooklyn ny,
S1-6581480,S3-115226258,India,0.04710417240858078,Name weak / address strong,2,0.9345,0.6571,0.6364,1.0,0.0,0.0,arya sales,asales com,west bengal kolkata 42 dilkhusha street howrah park circus,no 42 dilkhusha street park circus kolkata howrah wb
S1-995209971,S3-417995519,India,0.04710293188691139,Address weak / name strong,4,0.976,0.9158,0.1,1.0,0.0,0.0,canara hire limited,canara hire,27g abhedananda road kolkata howrah west bengal,27 howrah calcutta wb
S1-295570736,S3-778695433,US,0.04710046947002411,Missing address,23,0.5856,0.9029,0.0,0.0,0.0,0.0,ear nose and throat care llc,ear nose throat care,9914 290 austin tx,
S1-36641823,S3-987806954,India,0.04709930717945099,Other residual,2,0.8325,0.6437,0.1053,1.0,0.0,0.0,cyv promoters public limited,limited cyv promoters services,801 green city gold building no a 5 29 b h parsi mohallo bhatha hajira surat gujarat,d 801 surat gj
S1-576660475,S3-669327783,US,0.046897295862436295,Missing address,29,0.3665,0.9154,0.0,0.0,0.0,0.0,regional center,regional center 3229883410,1231 pine portage loop leander tx,
S1-256037444,S3-519756638,US,0.046876318752765656,Address weak / name strong,2,0.5879,0.9531,0.1111,1.0,0.0,0.0,mia of central city,mia of central cdmebiy,la central city 11421 browning road,browning rd zachary louisiana
S1-982797775,S2-202233551,India,0.046868935227394104,Both moderately similar,22,0.6137,0.7291,0.2632,1.0,0.0,0.0,sunaina dew private limited,dewsunainaprivate com,18 rabindra sarani poddar court 5th floor room no a1 gate no 3 kolkata kolkata howrah west bengal,blfck g 829 18 kolkata howrah west bengal
S1-2036784,S3-97514503,India,0.04644792526960373,Other residual,6,0.8005,0.7559,0.1429,1.0,0.0,0.0,partners nursing home partners,mr partners nursing h0me partners ltd,102 piccadil y 1 co op hsg soc ltd royal palm estate aarey milk colony goregaon e mumbai mumbai city maharashtra,mh mumbai mumbai city 102
S1-570299210,S3-546671145,India,0.046418946236371994,Other residual,18,0.595,0.6199,0.3,1.0,0.0,0.0,uz cargo private limited,uzcargo com,no 585 velacherry main road medavakkam chennai tamil nadu,no 585 chennai tn
S1-249416614,S3-271998084,US,0.04594532400369644,Missing address,16,0.611,0.8937,0.0,0.0,0.0,0.0,pioneer capital china,pioneer capital enterprises,1918 bailey avenue buffalo ny,
S1-693145529,S2-95120357,India,0.045739419758319855,Missing address,17,0.6947,0.9079,0.0,0.0,0.0,0.0,international sangh,international center,m no 694 manik chouk pardesi ali khed pune maharashtra,
S1-201996687,S2-713833141,India,0.04541785642504692,Other residual,6,0.5683,0.8516,0.25,1.0,0.0,0.0,sampark india green,5ampark india,no 247 3rd cross uas badavane gkvk layout bangalore karnataka,no 247 bangalore bengaluru krnatk
S1-666748379,S3-573787185,India,0.044867802411317825,Address weak / name strong,4,0.9602,0.9714,0.1111,1.0,0.0,0.0,dac advisors private limited,dac advisors private ltd,ground floor plot no 36 patel colony sardar patel marg opp government press jaipur rajasthan,ground floor null sawai madhopur rj
S1-850952852,S2-506783409,India,0.04456627741456032,Other residual,17,0.6476,0.8586,0.25,1.0,0.0,0.0,sun veg pvt ltd,5un veg pvt,west bengal flat no 2c kolkata 2nd floor camac court 25b camac street kolkata howrah,west bengal 2c north 24 parganas howrah
S1-812820986,S3-996746517,US,0.044534116983413696,Other residual,9,0.6374,0.5185,0.25,1.0,1.0,0.0,miller prime exchange inc,umbralyra,11355 folsom boulevard unit 10 rancho cordova ca,rancho corrdova null california 11355 folsom blvd
S1-713555378,S3-365672829,India,0.04420378431677818,Name weak / address strong,5,0.7279,0.5571,0.5556,1.0,0.0,0.0,choudhary consultancy,mr choudhary service,c 6 440 yamuna vihar delhi east delhi delhi,dl north east delhi delhi c 6 440
S1-458319680,S2-468390361,US,0.044039733707904816,Missing address,18,0.5632,0.895,0.0,0.0,0.0,0.0,peak materials advisors l l c,peak mfaherbs advisors l l c,5150 community drive unit 7 d willoughby oh,
S1-653115327,S3-555734246,US,0.04402811452746391,Other residual,6,0.6013,0.4167,0.25,1.0,0.0,0.0,annamarie wilson prairie biosciences inc,jaxquotavo,8931 racine avenue chicago il,8941 racine ave chicago illinois
S1-996090400,S3-752115827,US,0.04399336129426956,Missing address,25,0.3264,0.8873,0.0,0.0,0.0,0.0,vision supreme clinic,vision clinic service,20347 hunterclif lane katy tx,
S1-305004234,S3-185987873,US,0.04387475177645683,Name weak / address strong,2,0.8116,0.4637,0.5714,1.0,0.0,1.0,garcia global,verapyraaria,2000 maryland avenue wilmington de,2000 c maryland avenue wilmington delaware
S1-99111761,S3-959622376,US,0.043590955436229706,Address weak / name strong,25,0.6379,0.8894,0.1111,1.0,0.0,0.0,classic renaissancere inc,classic inc services,99 17 corona avenue corona ny,corona ave coona new york
S1-5355799,S3-720889765,India,0.043490879237651825,Both moderately similar,6,0.6871,0.7972,0.2857,1.0,0.0,0.0,fasten and sons private limited,smt fasten and s0ns private limited,b 311 new delhi third floor ansal plaza khel goan marg south delhi delhi,b 11 new delhi dl south delhi
S1-659258702,S3-335243597,US,0.0430658757686615,Other residual,21,0.6232,0.5698,0.4444,1.0,0.0,1.0,chiropractic care,xylorizaaria,6815 round lake road bath ny,6815 round lake road saona new york
S1-686408730,S3-321315207,India,0.042888492345809937,Missing address,5,0.7362,0.9012,0.0,0.0,0.0,0.0,mahalaxmi group,mahalaxmi company,behind s s no 4 gt road murari nagar khurja bulandshahr uttar pradesh,
S1-819465065,S3-721755959,US,0.04258130118250847,Missing address,6,0.6003,0.8788,0.0,0.0,0.0,0.0,pr capital madison inc,pr capital inc services,3722 68th avenue portland or,
S1-86782065,S2-988822556,US,0.042439721524715424,Name weak / address strong,3,0.7662,0.5421,0.5556,1.0,0.0,1.0,3655 third lane partners inc,third3655 com,856 st louis avenue tulsa ok,856 saint louis avenue pmb 4741 tulsa ok
S1-813483846,S3-71730147,India,0.04220244288444519,Other residual,4,0.7934,0.496,0.3333,1.0,0.0,0.0,rv weigh private limited,irinovi,plot no 2289 cuttack road bhubaneswar khordha orissa,289 bhubaneswar khordha orissa
S1-278815791,S3-644417060,India,0.04156159609556198,Transliteration / phonetic variation,3,0.72,0.7683,0.1333,1.0,0.0,0.0,jay seven trading private limited,private jay 7 trading limited,h 304 binor sonnet opp new rang near govt tubewell bopal ahmedabad gujarat,h 04 ahmedabad gj
S1-769780905,S2-5849825,India,0.04139600321650505,Name weak / address strong,21,0.6937,0.6742,0.6364,1.0,0.0,0.0,international constructions private limited,imtrnesnl kmstrksms praivet limited,shop no 18 19 mahavir tower faridi nagar lucknow uttar pradesh,shop no 18 19 lucknow uttar pradesh
S1-89839880,S3-989971891,India,0.04118472710251808,Address weak / name strong,1,1.0,1.0,0.0833,1.0,0.0,0.0,my energy pvt ltd,my energy pvt ltd,205 shree amar heights e 10 nirman nagar jaipur rajasthan,05 jaipur rj
S1-995209971,S3-209716362,India,0.04112384468317032,Address weak / name strong,3,0.976,0.9158,0.1,1.0,0.0,0.0,canara hire limited,canara hire,27g abhedananda road kolkata howrah west bengal,27 calcutta howrah wb
S1-820717531,S3-369094209,US,0.041116856038570404,Missing address,6,0.6945,0.9179,0.0,0.0,0.0,0.0,nelson runway corp,nels0n runway,1233 independence avenue washington dc,
S1-105970316,S3-777535769,US,0.041054725646972656,Name weak / address strong,7,0.8613,0.2953,0.5,1.0,0.0,0.0,clinard rojas and balleza solarius inc,wexjax,tx sutherland springs 314 deagen point,314 deagen pt sutherland springs texas
S1-678106781,S2-89737231,US,0.040966399013996124,Address weak / name strong,1,1.0,1.0,0.0909,1.0,0.0,0.0,stevenson principal inc,stevenson principal inc,tulsa unit apartment 1538 ok 5376 81st street,81th st tulas ok
S1-432155653,S2-957282680,US,0.04071614518761635,Missing address,9,0.742,0.8862,0.0,0.0,0.0,0.0,sweet grill group,sweet sweet grel group,23 pamet road yarmouth ma,
S1-959885341,S3-546876445,India,0.04037214443087578,Name weak / address strong,2,0.8857,0.6352,0.5556,1.0,0.0,0.0,ark services,servicesark com,thakkars house2418 east street pune maharashtra,pune hn 601 thakkars house2418 east street mh
S1-449783451,S2-967563188,US,0.040221042931079865,Address weak / name strong,11,0.5679,0.8524,0.2222,1.0,0.0,0.0,angelle garcia polska,angelle garcia services id 82130,31 abbey court south middleton township pa,abbey ct carlisle pa
S1-75019219,S3-595816243,India,0.0401659831404686,Address weak / name strong,1,1.0,1.0,0.0909,1.0,0.0,0.0,food india pvt ltd,food india pvt ltd,356 amarjyoti housing colony west domlur layout bangalore karnataka,00356 bangalore ka
S1-42796614,S3-972383892,India,0.039777688682079315,Address weak / name strong,1,1.0,1.0,0.0909,1.0,0.0,0.0,ecolife academy corporation,ecolife academy corporation,361a puthuparampil house areepparambu p o kottayam kerala,3 61a kottayam kl
S1-110554811,S3-410329251,US,0.03964584693312645,Other residual,6,0.6914,0.4679,0.3333,1.0,0.0,1.0,north systems,rizaxylo,3320 peridot ave unit apt 320 ames ia,3320 peridot ave po box 1357 ames iowa
S1-640529726,S3-204884674,India,0.03954990580677986,Missing address,5,0.8292,0.6628,0.0,0.0,0.0,0.0,trendset and co,sri trendset co service,5th flr runwal and omkar esquare mumbai maharashtra,
S1-800804625,S3-785578177,US,0.039449747651815414,Other residual,8,0.8121,0.4679,0.4545,1.0,0.0,0.0,children s signature council,mirazeph,wi 523 chief buffalo lane town of la pointe,523 chief buffalo ln la pointe wisconsin
S1-223570971,S3-519013416,US,0.03940639644861221,Other residual,2,0.7973,0.4607,0.3636,1.0,0.0,0.0,gabie reilly pinnacle agnc inc,vantageevosyn,nc 483 c m cartrette road chadbourn,00483 c m cartrette rd chadbourn north carolina
S1-18682340,S3-165530328,India,0.03938674181699753,Address weak / name strong,23,0.6635,0.8989,0.2,1.0,0.0,0.0,bangalore north india llp,bangalore india north llp 9561324437,no 13 3rd main venkate g kempapura hebbala bangalore north bangalore karnataka,door no 1 3 bangalore bangalore north ka
S1-148146274,S3-925672204,US,0.03923124074935913,Other residual,3,0.7995,0.4348,0.4,1.0,0.0,0.0,m 6 sterling one llc,zetaviohalo,w6349 dogwood lane village of harrison wi,w6349 dogwod ln village of harrison wisconsin
S1-974215292,S2-32657605,India,0.0391780324280262,Name weak / address strong,11,0.7313,0.6237,0.5833,1.0,0.0,0.0,future power,phyucr pavr,303 sarita cross road no 5 i c colony borivali mumbai maharashtra,sarita cross road no 5 mumbai maharashtra
S1-974215292,S2-486993709,India,0.0391780324280262,Name weak / address strong,10,0.7313,0.6237,0.5833,1.0,0.0,0.0,future power,phyucr pavr,303 sarita cross road no 5 i c colony borivali mumbai maharashtra,sarita cross road no 5 mumbai maharashtra
S1-832637010,S2-357225170,India,0.039146408438682556,Other residual,22,0.3223,0.6422,0.15,1.0,0.0,0.0,star management pvt ltd,star pvt ltd services,plot no 8 tp 48 survey no 154 old 115 bhestan tdo 167 b h old unn octroi nak a unn surat gujarat,8 surat gujarat
S1-384775154,S3-195806423,US,0.03882347047328949,Other residual,23,0.6356,0.5226,0.4167,1.0,0.0,0.0,barnett institute of technology llc,brixnyla,va prince william county unit unit 201 1516 constellation place,1516 1520 constellation place unit 201 woodbridge virginia
S1-525317633,S3-652379924,US,0.03853273391723633,Transliteration / phonetic variation,10,0.6966,0.7973,0.1,1.0,0.0,0.0,pacific pinnacle toyo inc,pinnaclepacifictoyo com,5200 fillmore avenue alexandria city va,allexandria 005200 fillmore ave virginia
S1-548320428,S2-730024978,US,0.03813919425010681,Other residual,5,0.8436,0.6343,0.4286,1.0,0.0,0.0,nxa complete trg,nxa tr6 services,1964 boardwalk circle portage in,196 boardwalk cir portage in
S1-362298608,S2-101924540,India,0.038135021924972534,Name weak / address strong,3,0.7805,0.6927,0.6667,1.0,0.0,0.0,north blue exports limited,exportsnorthbluecom,angul gandhi marg amalapada angul orissa,gandhi marg amalapada angul odisha
S1-492164782,S3-998109497,India,0.03778212517499924,Other residual,4,0.7628,0.5107,0.4545,1.0,0.0,0.0,golden nursing home,fluxiri,ganganagar rajasthan behind hanuman mandir sriganganagar 119 l block,no 119 l block sriganganagar ganganagar rajsthan
S1-199404434,S2-857769895,US,0.03774089738726616,Name weak / address strong,25,0.6894,0.4658,0.5455,1.0,0.0,0.0,pediatric patriot partners,lyradovayuma,353 park ter se ia cedar rapids,cedar rapids 353 park ter southeast ia po box 9044
S1-310092797,S2-39299888,US,0.03770674392580986,Missing address,13,0.5551,0.8332,0.0,0.0,0.0,0.0,ansley s beacon hospitality,ansley s hospitality services 5702004630,597 peacock road richmond ky,
S1-831954423,S3-325936652,India,0.03768613561987877,Both moderately similar,8,0.7586,0.667,0.2,1.0,0.0,1.0,positive infra,smt positive center,908 marshal house 33 1 netaji subhash road kolkata kolkata howrah west bengal,908 n a kolkata howrah wb
S1-13563752,S3-738839746,US,0.03741016238927841,Name weak / address strong,2,0.717,0.4114,0.5,1.0,0.0,0.0,ynez p cantu m d dds pc,nylapyrakelo,427590 big bass circle checotah ok,big bass circle checotah city oklahoma
S1-485715467,S3-258976945,US,0.037390828132629395,Both moderately similar,21,0.5952,0.7238,0.2727,1.0,0.0,0.0,rapid cloud solutions llc,llc rapid cloud sloofutfos,2293 hollydale avenue baton rouge city bldg bldg 1 la,hollydale ave baton rouge louisiana
S1-448467266,S3-902344303,India,0.03718528896570206,Missing address,4,0.6974,0.8954,0.0,0.0,0.0,0.0,ac real private limited,ac real private enterprises,flat no stf 1 sarathi apartment 2a 1a 1 5 wai pune maharashtra,
S1-636543423,S3-293794161,US,0.03709939494729042,Missing address,4,0.74,0.8902,0.0,0.0,0.0,0.0,johanna thornton unified ithax llc,johanna thornton unified llc center www johannath com,1084 1000 unit 46 clearfield ut,
S1-866184249,S2-338558191,India,0.03684856742620468,Other residual,21,0.599,0.6389,0.375,1.0,0.0,0.0,sunrise foods pvt ltd,snrais phuds praivrr limirrd,sriniketan teresa lane convent junction marketrd ernakulam kerala,sriniketan ernakulam kerala
S1-515236542,S3-993585844,India,0.03655306622385979,Name weak / address strong,4,0.8261,0.5569,0.8125,1.0,0.0,0.0,bharat projects limited,shri orbiariacira,c 2 kali kutir kautilya nagar near alakhnanda apartment a g colony patna bihar,c 2 kali kutir kautilya nagar near alakhnanda apartment a g colony divreportingcircle patna br
S1-719703297,S3-646123057,India,0.036546237766742706,Address weak / name strong,29,0.6822,0.8704,0.2308,1.0,0.0,0.0,raj gold software private limited,raj gold sophrrveyr praivrr limirrd,2nd floor m squared building kariavattom technopark thiruvananthapuram thiruvananthapuram trivandrum kerala,no nd floor thiruvananthapuram trivandrum kl
S1-808626476,S2-269038543,US,0.036488719284534454,Other residual,5,0.8648,0.409,0.4615,1.0,0.0,0.0,empire tri state hamilton llc,jaxectoorbi,150 blow flats road unit 2 james city county va,blow flats rd n a james city county va
S1-176883605,S3-508996318,India,0.03644859045743942,Both moderately similar,29,0.4478,0.6782,0.3684,1.0,0.0,0.0,bharat infotech private limited,biprivate com,h no 8 3 1109 2 f no 301 4th floor subhadra enclave keshava nagar sri nagar colony hyderabad telangana,h no 8 3 1109 2 hyderabad tg
S1-439125091,S2-258936192,US,0.036341048777103424,Name weak / address strong,7,0.7555,0.387,0.5,1.0,0.0,0.0,swinney learning center,f1uxvantagebrix,135 ivy ridge smyrna de,smyrna de ivy rdg
S1-549658680,S3-291041167,US,0.03631555661559105,Name weak / address strong,23,0.7491,0.5051,0.5714,1.0,0.0,0.0,cinder corp,jaxarc,9065 daleview road marion county or,oregon marion county daleview road
S1-399755069,S3-799676624,US,0.03622478246688843,Address weak / name strong,4,0.9377,0.9765,0.1111,1.0,0.0,0.0,hiatt cloud llc,hiatt cloud l l c,va 239 harris lane smyth county,harris ln mraion virginia
S1-224926546,S2-960379551,US,0.03618796169757843,Missing address,13,0.6262,0.8455,0.0,0.0,0.0,0.0,benson and martin beijing,benson partners martin and,21828 27th avenue phoenix az,
S1-937060253,S3-94048366,India,0.03603677079081535,Name weak / address strong,5,0.7035,0.5739,0.5,1.0,0.0,0.0,nallasopara east india private limited,neindia com,room no a 09 krishna colony babhulpada achole road nallasopara east thane maharashtra,room no a 09 thane nallasopara east mh
S1-706537654,S3-293643723,India,0.03594770282506943,Address weak / name strong,4,0.8568,0.9142,0.1,1.0,0.0,0.0,first systems private limited,first systems limited services,b 1003 floor 10 simandhar apartment nr nehru nagar parle point road ichchhanath south wes t surat gujarat,813 b surat gujrat
S1-300188960,S2-561672255,US,0.03587733954191208,Name weak / address strong,21,0.6842,0.6053,0.5556,1.0,0.0,0.0,behavioral health partners llc,partnershealth com,newark rm rm 200 de 2530 old county road,2530 old county rd newark de
S1-119687520,S3-107279818,India,0.03583049401640892,Other residual,5,0.7274,0.4006,0.4,1.0,0.0,0.0,iris brothers llp,wexlyra,faridabad haryana summer palms sector 86 faridabad haryana c2 1102,faridabad c2 1102 null haryana hr
S1-766567402,S2-399593655,US,0.03570229932665825,Missing address,22,0.4095,0.9158,0.0,0.0,0.0,0.0,citadel inc,citadel inc trading,north branch 39211 grand avenue mn,
S1-644319701,S2-574999902,US,0.03568783774971962,Missing address,16,0.6316,0.6729,0.0,0.0,0.0,0.0,star investment company,star company center,11201 desert classic lane albuquerque nm,
S1-781790956,S2-891865040,India,0.03558747097849846,Name weak / address strong,28,0.7408,0.6487,0.5556,1.0,0.0,0.0,ram infrastructure,ram center,b2a 17 janakpuri new delhi west delhi delhi,hn 963 b2a 17 janakpuri new delhi dilli
S1-489747823,S3-182028286,US,0.03550899401307106,Both moderately similar,1,0.6851,0.7912,0.2222,1.0,0.0,0.0,othilia mitchell reit corporation,mitchell 0thilia corporation center,833 junction road bath county va,junction road williamsvill cdp virginia
S1-993449715,S3-828436281,India,0.03533859923481941,Missing address,5,0.8229,0.7537,0.0,0.0,0.0,0.0,shiv estate limited,smt shiv estate ltd,b 1 shastri nagar jodhpur rajasthan,
S1-245857175,S2-340414226,US,0.034772664308547974,Missing address,3,0.6637,0.8797,0.0,0.0,0.0,0.0,zadaex capital reit,zadaex crbadtlntal reit,85 steele road new hartford ct,
S1-816991794,S3-813900604,US,0.034738827496767044,Name weak / address strong,5,0.899,0.4496,0.6,1.0,0.0,0.0,vanguard twin llc,arcbelocira,cannelton in 5821 66,5821 66 cannelton indiana
S1-925723890,S3-478265659,US,0.03455895185470581,Other residual,15,0.5872,0.4182,0.2,1.0,0.0,0.0,doveris best ethereum llc,wexkelodova,3220 nebraska avenue washington dc,322 nebraska ave washington district of columbia
S1-978427785,S3-950723193,India,0.03427417576313019,Transliteration / phonetic variation,7,0.5516,0.7094,0.1818,1.0,0.0,0.0,nbs hind private limited,smt nbshindprivate com,marvel vivacity c 601 fp 63 s no 211 2a lane no 7b yerwada kalyani nagar pun e pune maharashtra,door no 13 marvel vivacity pune mh
S1-630246246,S3-306885064,US,0.03412404656410217,Both moderately similar,25,0.7655,0.7556,0.2857,1.0,0.0,0.0,cardinal inc,inc caiincla,1106 vermillion street plano il,illinois vermillion st plano
S1-274290647,S2-59244192,India,0.03390233591198921,Missing address,22,0.5196,0.8834,0.0,0.0,0.0,0.0,bharat wheels private limited,bharat private limited service,c o sandeep singh shashtri nagar spn road powayan shahjahanpur uttar pradesh,
S1-343478011,S3-235982684,India,0.03359038755297661,Name weak / address strong,5,0.893,0.5778,0.5556,1.0,0.0,0.0,supreme energy private limited,shri veralyraveo,735 pattan raibag raibag taluk belgaum karnataka,hn 977 735 pattan raibag raibag taluk belgaum krnatk
S1-430375417,S2-918584020,India,0.03350021690130234,Both moderately similar,8,0.7658,0.7119,0.4286,1.0,0.0,0.0,shakti sky constructions pvt ltd,5hakti sky pvt ltd services,sudip gupta a 1 2 golf green urban complex phase 1 kolkata kolkata howrah west bengal,sudip gupta howrah kolkata west bengal
S1-629539233,S3-227903035,US,0.03326569125056267,Other residual,23,0.6614,0.4086,0.3333,1.0,0.0,0.0,board of transportation,hal0arc,25050 indian trail road lake barrington il,barrington illinois po box 8536 2505 indian trail road
S1-517861351,S2-596251126,US,0.033207520842552185,Acronym / name truncation,23,0.6695,0.7576,0.4286,1.0,0.0,0.0,big grill,bgrill com,120 confederate drive frederick county va,confederate drive winchester va
S1-763656289,S2-846266978,US,0.033198412507772446,Acronym / name truncation,4,0.7749,0.5671,0.4167,1.0,0.0,0.0,bs john,bs services,1540 high street unit apt 203 des moines ia,des moines city ia 1540 d high st
S1-716787638,S3-113904131,India,0.03312128782272339,Missing address,18,0.6886,0.6622,0.0,0.0,0.0,0.0,massive consultants llp,massive llp service,tamil nadu coimbatore coimbatore south red rose plaza db road no 509 p2,
S1-165268804,S3-382664792,US,0.032904982566833496,Other residual,4,0.7397,0.5079,0.4444,1.0,0.0,0.0,star mortgage corporation,qu0halobelo,2120 robins lane unit 84 salem or,2120d robins lane 84 salem oregon
S1-91728060,S3-29836325,US,0.03274780139327049,Other residual,5,0.75,0.4242,0.3333,1.0,0.0,0.0,baker can,onyxvantage,3464 300 greencastle in,1464 300 greencastle indiana
S1-682647910,S2-923624378,US,0.032525889575481415,Missing address,21,0.6095,0.856,0.0,0.0,0.0,0.0,vanet mexico llc,vanet llc mexico 3965616880,2963 alpine terrace cincinnati oh,
S1-623623486,S2-886548576,US,0.03236605226993561,Name weak / address strong,29,0.5343,0.5194,0.5714,1.0,0.0,1.0,choice twin,ctwin c0m,1022 anderson drive phoenix az,1022 anderson drive sierra adobe az
S1-134850015,S3-124804701,US,0.03210269287228584,Acronym / name truncation,3,0.7864,0.6056,0.375,1.0,0.0,0.0,mcallister and bell online inc,mobell com,1322 astor avenue bronx ny,new york 132 astor avenue bronx
S1-947756462,S2-367111961,India,0.03203720226883888,Other residual,3,0.7796,0.5451,0.3333,1.0,0.0,0.0,seven enterprises pvt ltd,saivn aimtrpraij ij pra li,green fd majitha road indra colony 515 amritsar punjab amritsar,515 amritsar punjab
S1-947756462,S2-698629845,India,0.03203720226883888,Other residual,2,0.7796,0.5451,0.3333,1.0,0.0,0.0,seven enterprises pvt ltd,saivn aimtrpraij ij pra li,green fd majitha road indra colony 515 amritsar punjab amritsar,515 amritsar punjab
S1-646905597,S2-410768038,India,0.032021693885326385,Name weak / address strong,6,0.8169,0.6567,0.7,1.0,0.0,0.0,gugnani vigor pvt ltd,vigorgugnani com,e 3 58a sector 52 b block near sbi bank noida gautam buddha nagar uttar pradesh,sector 52 b block near sbi bank noida gautam buddha nagar bolck b 840 e 3 58a uttr prdes
S1-413229375,S3-392239872,US,0.03179846331477165,Address weak / name strong,1,1.0,1.0,0.0714,1.0,0.0,0.0,raven pllc,raven pllc,600 gilmore avenue unit 161 freeport il,pmb 7100 400 gilmore ave illinois freeoprt township
S1-650277011,S3-263484193,India,0.03162423521280289,Address weak / name strong,5,0.9629,0.8778,0.0952,1.0,0.0,0.0,agradoot consultancy,sri agradoot consultancy,387 12 purohiton ki madri plot no 6 jahawar housing society n h 8 near mia area udaipur rajasthan,udaipur rajsthan 00387 12 udaipur
S1-77632302,S3-562604174,India,0.03161370009183884,Other residual,6,0.8162,0.7676,0.1667,1.0,0.0,0.0,om media private limited,mr om media private ltd,b5 pais avenue water front enclave elamkulam kochi ernakulam kerala,b5 cochin ernakulam kl
S1-71791999,S3-682810735,India,0.03153235465288162,Name weak / address strong,26,0.6954,0.4392,0.5333,1.0,0.0,0.0,real infrastructure,iridovayuma,west bengal kolkata p s regent park kolkata howrah ananda pally west p o purba putiary,ananda pally west p o purba putiary nadia howrah wb
S1-325575199,S3-582705734,India,0.03138420730829239,Other residual,17,0.6831,0.6312,0.1818,1.0,0.0,0.0,narayan academy private limited,naprivate com,s 15 industrial estate guindy chennai 32 guindy chennai 32 guindy chennai 32 tamil nadu,s 45 guindy tn
S1-313709588,S2-876971975,US,0.031365085393190384,Name weak / address strong,9,0.5922,0.4524,0.6667,1.0,0.0,0.0,garcia cord and anderson llc,lumecto,kilgore tx 132 ridge road,132 ridge road kilore tx
S1-350151255,S3-108636024,US,0.030593691393733025,Other residual,5,0.7052,0.5582,0.4444,1.0,0.0,0.0,supreme talent laboratories llc,caloverazeta,houma la 635 school street,635 school street po box 1752 houma louisiana
S1-993698367,S3-234585682,US,0.030138328671455383,Address weak / name strong,8,0.9726,0.95,0.0833,1.0,0.0,0.0,rocky league,rocky league inc,1687 davis road cavendish vt,1687b davis rd pmb 7880 proctorsvlile city vermont
S1-205982746,S3-756895668,US,0.030122173950076103,Address weak / name strong,2,0.9771,0.9571,0.1,1.0,0.0,0.0,vem roofing co,vem roofing,5914 130th street unit 206 lubbock tx,130nd st lubbock texas
S1-406872650,S2-213945028,India,0.030102837830781937,Other residual,21,0.5393,0.6127,0.3889,1.0,0.0,0.0,city infotech pvt ltd,siti imphotek pra li,house no 29 9 ward no 7 infront of jeening complex makdi mata road teh shamgarh mandsaur madhya pradesh,house no 29 9 mandsaur madhya pradesh
S1-643623302,S3-453723665,India,0.030086955055594444,Other residual,3,0.8773,0.5337,0.125,1.0,0.0,0.0,abira feeds private limited,vantagebelo,12a shanmuganadar road sivakasi sivakasi sivakasi tamil nadu,12 sivakasi sivakasi sivakasi tn
S1-892399475,S3-33573112,US,0.03006293997168541,Transliteration / phonetic variation,4,0.6868,0.8405,0.1818,1.0,0.0,0.0,goto and pike inc,goto pccgh inc,unit 205 ca 328 vince street ventura,vince st city of ventura california
S1-206592249,S3-897873795,US,0.029754571616649628,Other residual,21,0.7749,0.4679,0.3333,1.0,0.0,0.0,meridian corp,nylatavo,2530 esperanza richmond tx,2244 esperanza richmond texas
S1-496309875,S2-105355493,US,0.02971586212515831,Address weak / name strong,9,0.636,0.9833,0.1,1.0,0.0,0.0,trusted united idaho llc,trusted united iao llc,442 183rd street normandy park wa,183th st seattle ciy wa
S1-757564887,S2-331990315,India,0.029647037386894226,Transliteration / phonetic variation,22,0.6735,0.8733,0.3333,1.0,0.0,0.0,star technologies pvt ltd,star teknaljis praivet limited,1 2 41 mainroad khazipet warangal warangal urban telangana,mainroad khazipet gl telangana
S1-298053067,S2-600381844,India,0.029497770592570305,Missing address,24,0.4834,0.9031,0.0,0.0,0.0,0.0,tu marble pvt ltd,tu madb1me pvt ltd,8 71n k p nagar chinnapudur pooluvapatti post tiruppur coimbatore tamil nadu,
S1-269556545,S3-431565903,India,0.029278576374053955,Address weak / name strong,1,0.9698,0.9724,0.0588,1.0,0.0,0.0,mumbai elixir private limited,mumbai elixir private ltd,u106 first floor wing c lake primose abc chs ltd shankar acharya marg mumbai maharashtra,u00106 mumbai mh
S1-553316658,S3-948090533,US,0.029231321066617966,Other residual,4,0.8023,0.6149,0.2857,1.0,0.0,0.0,sadye gatewood marine inc,mgsadye com,al boligee 210 emerald lane,emerald ln boligee alabama
S1-937559886,S2-646566988,India,0.029132982715964317,Missing address,5,0.8052,0.8816,0.0,0.0,0.0,0.0,entertainment martech,entertainment entertainment services,mitthu mansnidhabibpur midnapore west bengal,
S1-667938990,S3-849823095,US,0.029019789770245552,Missing address,25,0.3487,0.9222,0.0,0.0,0.0,0.0,redwood inc,redwood inc and co,30 toboggan road valley falls ri,
S1-786735968,S3-917459453,US,0.02890622243285179,Transliteration / phonetic variation,13,0.6087,0.7561,0.1,1.0,0.0,0.0,ennis deli inc,deliennis com,804 union street lafayette in,0804 union st lafayett ecdp indiana
S1-568512366,S3-49083152,US,0.0287585761398077,Address weak / name strong,4,0.9907,0.9704,0.1,1.0,0.0,0.0,rium biopharmaceuticals llc,rium biopharmaceuticals,13014 kidwell drive prince william county va,woodbridge kidwell dr virginia
S1-755825682,S3-294926565,US,0.028753768652677536,Other residual,2,0.6921,0.4018,0.3333,1.0,0.0,0.0,wheeler products,tavoavi,800 grant street durham nc,0800 grant street durham city north carolina
S1-857756008,S3-274787848,US,0.028360499069094658,Both moderately similar,3,0.7648,0.6831,0.3333,1.0,0.0,0.0,east longmeadow qdro,longmeadoweast com,11 tracey lane east longmeadow ma,0011 tracey ln east longmeadow massachusetts
S1-292205801,S2-408026497,US,0.027759674936532974,Missing address,2,0.9066,0.9111,0.0,0.0,0.0,0.0,paify inc,paify com,9842 heath avenue cottage grove mn,
S1-568385397,S3-229109254,US,0.027678200975060463,Address weak / name strong,7,0.8114,0.9333,0.1111,1.0,0.0,0.0,secure produce inc,secure produce incorporated,me dayton 53 landing road,53 lanring rd biddeford maine
S1-724089185,S3-910721771,US,0.027622302994132042,Other residual,13,0.7686,0.5146,0.4286,1.0,0.0,0.0,j 9 w alphabet llc,j9w com,8964 brown road pulteney ny,brown road pulteney new york
S1-706537654,S3-599843180,India,0.02759425714612007,Address weak / name strong,1,0.9476,0.9448,0.0909,1.0,0.0,0.0,first systems private limited,first systems private private,b 1003 floor 10 simandhar apartment nr nehru nagar parle point road ichchhanath south wes t surat gujarat,door no 813 b gujrat surat
S1-568535874,S2-311166832,India,0.02739657089114189,Both moderately similar,21,0.5362,0.7542,0.4667,1.0,0.0,0.0,my consulting private limited,mai knsltim praibhet limited,h no f 324 utkal appartment kalyani nagar cuttack orissa,h no f 00324 utkal appartment kalyani nagar ayatan dist kendrapada odisha
S1-568535874,S2-190127935,India,0.02739657089114189,Both moderately similar,22,0.5362,0.7542,0.4667,1.0,0.0,0.0,my consulting private limited,mai knsltim praibhet limited,h no f 324 utkal appartment kalyani nagar cuttack orissa,h no f 00324 utkal appartment kalyani nagar ayatan dist kendrapada odisha
S1-189129851,S3-734337708,US,0.027382876724004745,Other residual,5,0.7144,0.5197,0.375,1.0,0.0,0.0,lyndel s silver massage,nexzeph,medway ma 9 liberty road,9 liberty rd medway cp massachusetts
S1-21338097,S3-668238137,India,0.027262739837169647,Name weak / address strong,3,0.9043,0.441,0.5556,1.0,0.0,0.0,infrastructure bhagwati enterprises private limited,zephfaye,promoter 196 nimri colony delhi,h no 232 promoter 196 nimri colony delhi dilli
S1-600408898,S3-347914396,India,0.02724924497306347,Address weak / name strong,4,0.7635,0.9765,0.0909,1.0,0.0,0.0,algo soft pvt ltd,algo st pvt ltd,302 shalimar corporate 8 south tukoganj indore madhya pradesh,0302 indore mp
S1-805560509,S3-70645530,US,0.026623426005244255,Address weak / name strong,4,0.8714,0.9333,0.1111,1.0,0.0,0.0,clyari chenghe inc,clyari chenghe incorporated,newell borough pa 2 magnelli lane,magnelli ln newll pennsylvania
S1-86752064,S3-929606571,India,0.02654326893389225,Both moderately similar,23,0.4296,0.6559,0.2143,1.0,0.0,0.0,one solutions,vn solyusns,vi 271 kannankara house chingoli p o haripad kerala,door no 115 vi 271 alappuzha haripad kl
S1-998804921,S3-991350668,India,0.02650178223848343,Address weak / name strong,2,0.9361,0.96,0.1111,1.0,0.0,0.0,balaji solutions llp,balaji solutions,office no1 1st floor emppress court opp to dagdi school charai thane w thane maharashtra,office nod 1 thane null mh
S1-325684495,S3-654645810,India,0.026405926793813705,Address weak / name strong,1,1.0,1.0,0.0833,1.0,0.0,0.0,indian it private limited,indian it private limited,maharashtra cc9013 ce9014 ce9016 9th flr tower c bharat diamond bourse bandra kurla complex ba ndra e mumbai city mumbai ce9010,mumbai city ce90 10 bombay mh
S1-144110539,S2-403770961,India,0.026282580569386482,Both moderately similar,30,0.4567,0.7434,0.3333,1.0,0.0,0.0,pioneer power llp,pyniyr pvr elelpi,no 2 3 club house road workez building 1st floor anna salai chennai tamil nadu,no 2 chennai tamil nadu
S1-710639791,S2-61841572,US,0.026058463379740715,Other residual,4,0.8028,0.4654,0.4286,1.0,0.0,0.0,maston murray and riley cross,rizakelonyla,205 ashby street woodsboro tx,05 ashby saint woodsboro tx
S1-343797083,S3-713588284,India,0.02600257098674774,Name weak / address strong,11,0.6997,0.668,0.5385,1.0,0.0,0.0,lakshmi farmer private limited,privatelakshmifarmer com,survey no 57 6 pattangere road off mysore road rcve post bangalore karnataka,survey no 57 6 bangalore rcve post ka
S1-408242795,S2-952373410,US,0.025897108018398285,Other residual,4,0.6932,0.2824,0.3846,1.0,0.0,0.0,wilson tree pllc,umbrabrix,saint paul 1056 churchill street mn unit apartment 4,1056 churchill st po box 1161 saint paul mn
S1-153002825,S3-401922798,India,0.025220273062586784,Name weak / address strong,25,0.6783,0.4956,0.5,1.0,0.0,0.0,hari producer private limited,pyrakor,kerala ernakulam no 32 2587 a vaniappilly house ernakulam,door no 32 2587 a ernakulam kerlm
S1-938742545,S3-379754056,US,0.025210900232195854,Address weak / name strong,5,0.73,0.8955,0.125,1.0,0.0,0.0,preferred transit innovations,preferred transit transit services,76 popcorn circle dothan al,popcorn cir rehobeth alabama
S1-145185184,S3-294078790,US,0.02516537345945835,Other residual,23,0.6557,0.4167,0.4286,1.0,0.0,0.0,youth center,lumjax,marion 292 7th ave ia,92 7th ave marion iowa
S1-917767002,S2-740539162,India,0.025092441588640213,Both moderately similar,6,0.7628,0.7123,0.3571,1.0,0.0,0.0,hallmark paints limited,dr paintshallmark com,fl 401 plot 145 amey apartment sector 13 kharghar navimumbai mumbai city maharashtra,navimumbai fl 01 mumbai city maharashtra
S1-58525415,S3-962447845,US,0.025059236213564873,Other residual,5,0.6709,0.4798,0.2727,1.0,0.0,0.0,diehl zhejiang of city and borough of sitka llc,arianyladelta,ak city and borough of sitka 130 lillian drive,130 lillian dr sitka alaska
S1-723331045,S3-427553246,US,0.025028808042407036,Name weak / address strong,1,0.8492,0.5087,0.5556,1.0,0.0,0.0,ruiz rooney and luther,onyxvioyuma,unit unit b wi 1926 springbrook city of waukesha,1926 springbrook unit b waukesha wisconsin
S1-191595273,S3-225968796,US,0.024958396330475807,Address weak / name strong,4,0.7227,0.9564,0.0,1.0,0.0,0.0,hanson fusion of kirkland,hanson fusion of kirk1and llc,8434 144th street kirkland wa,434 144rd saint bothell city washington
S1-693278939,S2-246722216,India,0.024714067578315735,Other residual,10,0.6438,0.3728,0.4615,1.0,0.0,0.0,copious polytechnic llp,nyladelta,plot no 283 kh no 9 3 sainik enclave new delhi south west delhi delhi,plot no 383 new delhi south west delhi delhi
S1-446339284,S3-193197637,US,0.024515211582183838,Other residual,4,0.8277,0.412,0.4286,1.0,0.0,0.0,lanet inc,dovafaye,317 greenbriar lane hebron oh,ohio 317d greenbriar lane hebron
S1-557982829,S3-658163494,India,0.024478385224938393,Other residual,12,0.7668,0.5675,0.3636,1.0,0.0,0.0,sai marketing limited,msai com,88 7 karanpur prayagraj allahabad uttar pradesh,h no 0088 7 karanpur prayagraj allahabad up
S1-581273439,S2-867539626,India,0.02412547543644905,Transliteration / phonetic variation,8,0.6569,0.7439,0.5,1.0,0.0,0.0,moonlight brothers private limited,brothersmoonlightprivate com,no 44 part kiadb industrial area koorgalli mysore karnataka,h no 44 part mysore karnataka
S1-796892289,S3-243292428,US,0.024062996730208397,Address weak / name strong,3,0.9009,0.9582,0.1111,1.0,0.0,0.0,jolley and bermel l l c,jolley and bermel llc llc,10302 gazelle court spotsylvania county va,gazelle ct fredericksburg virginia
S1-135097409,S2-182955577,India,0.02406200021505356,Name weak / address strong,5,0.8693,0.6686,0.5556,1.0,0.0,0.0,al power pvt ltd,al pvr praivrr limirrd,thencheeri house manikulathuparamb kozhkode malappuram malapuram kerala,thencheeri house manikulathuparamb null malapuram malappuram kerlm
S1-590041123,S3-337863085,India,0.024053888395428658,Address weak / name strong,25,0.5101,0.9631,0.0476,1.0,0.0,1.0,sg homes partners,sg homes ptarrs,1 hospital street 2nd floor satyam market opposite hanuman mandir po princep street ps bo wbazar kolkata kolkata howrah west bengal,1 chandnichawk wb
S1-937676873,S2-677120458,US,0.023919926956295967,Name weak / address strong,5,0.8369,0.529,0.5714,1.0,0.0,0.0,delta ministries,lumcirariza,14078 baldwin court rancho cucamonga ca,baldwin ct rancho cucamonga ca
S1-710081567,S2-199246202,India,0.023735525086522102,Missing address,3,0.8463,0.8278,0.0,0.0,0.0,0.0,rudra medical centre,m s rudra medical center,bangalore bangalore north 1067 karnataka h b r l o 1st stage 5th block nagawara,
S1-644610136,S3-928694544,US,0.02353048510849476,Both moderately similar,10,0.73,0.6898,0.25,1.0,0.0,0.0,cascade initiative l l c,llc cascade isdititive,470 tilly lane buda tx,70 tilly ln buda texas
S1-320173190,S3-635162441,US,0.02347833663225174,Name weak / address strong,6,0.771,0.5596,0.5556,1.0,0.0,0.0,fresh coinshares inc,novikeloavi,5 marcella street unit 1 cambridge ma,massachusetts 5 marcella saint unit 1 cambridge
S1-196654138,S3-586701411,US,0.023406239226460457,Other residual,9,0.8123,0.4343,0.25,1.0,0.0,0.0,s n and a valuence llc,sn com,tx 1605 milagro drive austin,001605 milagro dr texas austin
S1-271045243,S3-343267319,India,0.023381486535072327,Address weak / name strong,2,1.0,1.0,0.0588,1.0,0.0,0.0,dt services pvt ltd,dt services pvt ltd,23b n s road security house 2nd floor room no 215 kolkata kolkata howrah west bengal,23 wb kolkata
S1-435016685,S2-741880181,India,0.023364964872598648,Both moderately similar,21,0.581,0.7344,0.3333,1.0,0.0,0.0,creative construction private limited,krietiv kmstrksn praivet limited,maharashtra flat no 11 deodatta co op hsg society ltd ambad link road cidco nashik nashik,flat no 11 nashik maharashtra
S1-264905033,S3-352422590,US,0.02330816350877285,Other residual,3,0.8472,0.5194,0.4444,1.0,0.0,0.0,canet llc,l l c canet,700 temple street fl 1 chandler az,temple street floor 1 chandler arizona
S1-133123530,S3-493738481,US,0.02325156144797802,Other residual,22,0.753,0.5502,0.2857,1.0,0.0,0.0,q and s biosciences inc,qs com,534 simpson street portland or,simpson st portland oregon
S1-419138489,S3-848254108,India,0.023221664130687714,Missing address,7,0.7955,0.8185,0.0,0.0,0.0,0.0,dindori and brothers private limited,smt dindori and brothers prviate limited,office no 607 concorde plot 66a sector 11 cbd belapur navi mu mbai navi mumbai thane maharashtra,
S1-188635088,S2-279623038,India,0.023172659799456596,Both moderately similar,24,0.5964,0.8372,0.2941,1.0,0.0,0.0,jain constructions pvt ltd,jain knstrksns praivet limited,h no 7 1 282 c 1 75 reddy colony b k guda lingiah nagar hyderabad telangana,h no hyderabad lingiah nagar telmgan
S1-917645270,S3-838530478,US,0.02313532680273056,Address weak / name strong,2,1.0,1.0,0.0909,1.0,0.0,0.0,sommer beverage,sommer beverage,lynnwood 1929 182nd street wa,null 1929 182st st washington larch way
S1-785516288,S2-53641603,India,0.02288128435611725,Other residual,6,0.6942,0.6809,0.125,1.0,0.0,0.0,gangavi consulting clinic,clinic ceonsultirng gangavi,third floor flat no 302 shivaranjani house sitabaug colony ganesh mala dattawadi pune maharashtra,third flror pune mharastr
S1-756897621,S3-847446887,US,0.022812817245721817,Address weak / name strong,1,0.9078,0.9642,0.1111,1.0,0.0,0.0,rice montessori school care,rice montessori school center,warrenton 534 1st place or,first pl warrenton city oregon
S1-221801629,S3-536860473,India,0.022526880726218224,Address weak / name strong,3,0.9359,0.8564,0.0667,1.0,0.0,0.0,ilika brothers private limited,ilika ilika brothers private,plot no 8 shop no b 11 shri ram apartment gandhi path jaipur jaipur rajasthan,jaipur 7 rj
S1-105679449,S3-178447425,India,0.02238648198544979,Other residual,5,0.9222,0.7828,0.0909,1.0,0.0,0.0,aum enterprises,mr aum enterprises ltd,446 unnati tower central spine vidhadhar nagar jaipur rajasthan,448 jaipur rj
S1-574762763,S2-988691164,India,0.022382402792572975,Name weak / address strong,2,0.68,0.4961,0.5385,1.0,0.0,0.0,excellant vidyalaya,novitavo,flat no b 5 sai srushti apartment adarshanagar janavali tal kankavli sindhudurg maharashtra,flat no b 5 sindhudurg kankavli maharashtra
S1-673514090,S3-255696917,India,0.022060859948396683,Address weak / name strong,3,0.9557,0.8857,0.1,1.0,0.0,0.0,simba nirman private limited,simba nirman,apollo chambers mogralane andheri west 308 mumbai maharashtra,30 mumbai mh
S1-509066248,S3-145397715,US,0.02195846103131771,Address weak / name strong,10,0.4667,0.9196,0.0909,1.0,0.0,0.0,gais llc,gsa llc,1166 webster avenue utica ny,new york 1166d webster ave utca cdp
S1-767645503,S2-964698622,US,0.021899180486798286,Other residual,6,0.6335,0.4501,0.3333,1.0,1.0,0.0,stacee henney metro gravity,rizadeltadova,24678 maple street fairbank ia,n a 24678 maple st ia oran
S1-277939221,S3-511508990,US,0.021813295781612396,Other residual,5,0.8614,0.5312,0.375,1.0,0.0,0.0,eye atlantic care associates llc,wexiri,bronx 4150 boyd avenue ny,new york bronx 4150 boyd ave
S1-584940438,S3-748513100,India,0.0215553417801857,Address weak / name strong,2,0.9731,0.9556,0.1,1.0,0.0,0.0,sai investment india private limited,sai investment india private,z4 barnala road harpal nagar bathinda punjab,z 4 bathinda pb
S1-75834800,S2-834656082,US,0.021479282528162003,Other residual,4,0.7859,0.5228,0.4286,1.0,0.0,0.0,fitzgerald and shepley transition llc,fshepleycom,2712 garland avenue spokane wa,wa spokane 3712 garland ave
S1-494573653,S3-925635540,US,0.021162599325180054,Name weak / address strong,7,0.7394,0.6984,0.5,1.0,0.0,0.0,i c and c genesis llc,ic,4204 florin road sacramento ca,florin road sacramento california
S1-650550201,S2-687916781,India,0.02104186825454235,Name weak / address strong,4,0.8535,0.6284,0.6429,1.0,0.0,0.0,fairyland and sons pvt ltd,dr fairyland,thane 203 maharashtra thane saroj chandra arcade new golden nest rd,block d 544 203 saroj chandra arcade new golden nest rd thane mharastr
S1-343069040,S3-135218747,India,0.02101147547364235,Both moderately similar,5,0.5503,0.6991,0.35,1.0,0.0,0.0,biswanath remedies private limited,privateremedies com,flat no 406 and 407 fourth floor olive 59 d e 8 extension bawadiya kalan huzur bhopal madhya pradesh,flat no 406 and 407 huzur bhopal mp
S1-564935053,S2-381067733,US,0.02087058499455452,Missing address,27,0.4507,0.9187,0.0,0.0,0.0,0.0,dermatology clean specialists pc,dermatology clean pc partners,2223 muddy creek lane knoxville tn,
S1-338642061,S3-298494700,India,0.020869728177785873,Both moderately similar,22,0.616,0.7734,0.2353,1.0,0.0,0.0,sunrise consultancy private limited,snraij kmsltemsi praivet limited,maharashtra shop no 10 plot no 17a to 20 sec 22 kamote raigarh haware nirmiti navi mumbai,haware nirmiti navi mumbai mharastr
S1-692047584,S3-631547986,India,0.02075229212641716,Both moderately similar,29,0.6326,0.7602,0.2,1.0,0.0,0.0,east international private limited,ist imtrnesnl praivet limited,rajasthan khasra no 25 jodhpur basni bera nandara kallan jodhpur,25 jodhpur rajsthan
S1-619285853,S2-980492625,India,0.020642273128032684,Name weak / address strong,9,0.7819,0.4707,0.5556,1.0,0.0,0.0,agro kolkata coaching private limited,tavonyla,no 46 123 tvk road karur tamil nadu,46 123 tvk road karur tmilnatu
S1-680850978,S2-468575724,India,0.020294012501835823,Name weak / address strong,12,0.6189,0.5024,0.5,1.0,0.0,0.0,vaayuanth masters private limited,dovadelta,room no 16 2nd floor building no 9 2nd carpenter street mumbai mumbai city maharashtra,mumbai maharashtra mumbai city room no 16
S1-325394605,S3-14292524,US,0.020288711413741112,Other residual,27,0.4729,0.519,0.3,1.0,0.0,1.0,physical therapy associates,nexdeltahalo,2143 mount rush highway va buckingham county,2143 mount rush hwy dillwyn virginia
S1-468744846,S2-70644388,US,0.019985778257250786,Both moderately similar,6,0.6812,0.7641,0.2222,1.0,0.0,0.0,brandy s consultants inc,consultantsbrandys com,524 walnut street unit 7 stillwater ok,walnut st stilwater ok
S1-336303059,S3-837241122,US,0.019957276061177254,Address weak / name strong,1,1.0,1.0,0.0,1.0,0.0,0.0,podolsky family practice,podolsky family practice,905 cooper lane apple valley mn,983 copoer ln st paul minnesota
S1-638988103,S3-852038354,India,0.019924672320485115,Transliteration / phonetic variation,24,0.5241,0.7468,0.1875,1.0,0.0,0.0,united logistics private limited,private united logeteisc limited,no 742 tst complex 2nd floor near anna statue avinashi road coimbatore tamil nadu,no 742 mumbai coimbatore tmilnatu
S1-265929533,S2-256698852,India,0.019807102158665657,Missing address,22,0.6929,0.8885,0.0,0.0,0.0,0.0,shree foods private limited,shri shree foods prvte limited,howrah 32 sir hariram goenka street kolkata kolkata west bengal,
S1-42796614,S3-472531057,India,0.019738171249628067,Address weak / name strong,3,0.861,0.9111,0.0909,1.0,0.0,0.0,ecolife academy corporation,ecolife academy,361a puthuparampil house areepparambu p o kottayam kerala,3 61a kottayam kl
S1-341238065,S2-332941616,US,0.019646473228931427,Missing address,22,0.4188,0.9021,0.0,0.0,0.0,0.0,atlantic veterinary clinic,atlantic veterinary enterprises,227 janisch road houston tx,
S1-145118178,S3-706710707,US,0.019566461443901062,Both moderately similar,15,0.819,0.7339,0.4167,1.0,0.0,0.0,congregation fellowship,c0ngregation fellowship www congregati com,429 lester road unit 3 newport news city va,29 lester rd 3 newport news city virginia
S1-483336068,S2-443553753,India,0.019477277994155884,Both moderately similar,16,0.639,0.7217,0.3571,1.0,0.0,0.0,radhey and sons pvt ltd,shri radhey stdms pvt ltd,plot no r 116 s f front r s block r mohan garden new delhi west delhi delhi,plot no r 11 delhi west delhi delhi
S1-827045334,S3-212274757,US,0.01942487806081772,Name weak / address strong,14,0.653,0.4778,0.5556,1.0,0.0,0.0,safe digital enterprises,fayenovi,wi city of merrill 1005 8th street,city of merrill wisconsin 1005 eighth street
S1-315978225,S3-525967793,India,0.019313210621476173,Missing address,4,0.7183,0.819,0.0,0.0,0.0,0.0,tatva shelters private limited,m s tatva shelters pmrivtae limited,c o gyanmati devi ashok nagar robertsganj sonbhadra uttar pradesh,
S1-610088842,S3-211748522,India,0.01927988976240158,Address weak / name strong,4,0.7864,0.9695,0.1333,1.0,0.0,0.0,gng welfare society,gng welfare socieday,flat no 902 26 1 17 hv sankey road prestige abshot bangalore karnataka,prestige absoht bangalore ka
S1-643555385,S2-804345515,US,0.01922311820089817,Address weak / name strong,3,0.9758,0.9556,0.0909,1.0,0.0,0.0,karrie farrell p a,karrie farrell,108 11th avenue unit lot 29 bowman nd,nd 11rd ave bwman
S1-763363947,S2-711970676,India,0.019172172993421555,Other residual,22,0.6457,0.4357,0.2857,1.0,0.0,0.0,sunrise enterprises private limited,caloorbi,malapuram vee pee tower nh road kanhippura valanche tirur malappuram 32 268 kerala,33 268 malappuram malapuram kerala
S1-874282734,S2-898942098,US,0.018893374130129814,Other residual,3,0.8215,0.491,0.375,1.0,0.0,0.0,ernesta gilbert polska,gepolska com,294 evergreen drive ventura ca,evergreen dr city of ventura ca
S1-985313350,S3-788546686,India,0.018707966431975365,Both moderately similar,13,0.5801,0.6985,0.25,1.0,0.0,0.0,brain infra ltd,sri brain ltd services,4th floor hal 2nd stage 100 feet road domlur indiranagar bangalore karnataka no 777 e,no 777 e bangalore ka
S1-644676368,S3-582502957,India,0.01868845522403717,Address weak / name strong,3,0.8726,0.9385,0.1111,1.0,0.0,0.0,arihant healthcare,arihant healthcare company,roomno12 3rdfloor nawazchamber 27 29 sh aikh burhan qamiruddin street teli mohal mumbai mumbai city maharashtra,roomno 12 mumbai mumbai city mh
S1-470049434,S3-811629017,US,0.018665410578250885,Other residual,9,0.6339,0.4182,0.375,1.0,0.0,0.0,precision analytics works,halokororbi,783 willow road sand springs ok,sand springs oklahoma willow rd
S1-202224391,S3-227564368,US,0.01858285814523697,Address weak / name strong,6,0.6472,0.896,0.125,1.0,0.0,0.0,supreme best bynordic llc,supreme best,136 camp road belmont me,camp rd moorrill maine
S1-155281853,S2-159838975,US,0.01853731833398342,Other residual,22,0.5216,0.4643,0.4,1.0,0.0,1.0,red book store,ariaxylo,4314 bishop ln unit 503 watterson park ky,4314 4316 bishop ln louuisville ky
S1-448073471,S2-106693185,India,0.01837688870728016,Other residual,9,0.7655,0.3984,0.3846,1.0,0.0,0.0,wvc buildcon private limited,halolyrariza,jyoti complex 1st floor rabindra avenue p o and dist malda malda west bengal,jyoti complex malda west bengal
S1-491227889,S3-246573120,India,0.017977207899093628,Other residual,5,0.7415,0.4679,0.4444,1.0,0.0,0.0,sheriff it private limited,noviecto,c4 joker math pal para binodini avenue matri apt north 24 pgs north 24 parganas west bengal,c 4 joker math pal para north 24 pgs north 24 parganas wb
S1-219846121,S2-743264922,India,0.017864419147372246,Both moderately similar,24,0.6081,0.6687,0.3571,1.0,0.0,0.0,dream foundation pvt ltd,drim phaumdesn pra li,akola plot no an 17 maharashtra akola growth center phase no 4 midc,plot no an 17 n a akola mharastr
S1-722836577,S3-814314166,India,0.017534568905830383,Missing address,2,0.9252,0.6987,0.0,0.0,0.0,0.0,dynamic investment private limited,m s dynamic investment,s o lt brij nandan pd singh s k vihar colony road no 4 a khagaul patna patna bihar,
S1-752976711,S3-287433739,US,0.01742655597627163,Address weak / name strong,14,0.709,0.9,0.125,1.0,0.0,0.0,frontier society,frontier,608 41st street hibbing mn,41th saint hibbing minnesota
S1-646704149,S3-72474541,US,0.017415642738342285,Other residual,6,0.8479,0.4742,0.3333,1.0,0.0,0.0,turman and lin summit,kelohalodelta,ny 15 gillis avenue clarkstown,15 b gillis ave clarkstown new york
S1-123056568,S3-452418533,US,0.017373401671648026,Other residual,6,0.6675,0.6333,0.2222,1.0,0.0,0.0,beum,bbdem,hockessin 51 springer court de,springer ct delaware pmb 2040 hockessin
S1-113388986,S2-844722571,US,0.017357151955366135,Other residual,15,0.5884,0.5389,0.375,1.0,0.0,0.0,apex chemical consultants care,belozeph,3710 valley street catlettsburg ky,710 valley street catletstburg cdp ky
S1-342392311,S3-394182027,India,0.01729719340801239,Both moderately similar,4,0.7269,0.8244,0.2105,1.0,0.0,0.0,shruti vidyalaya,5hruti vidyalaya corporation,no 2 4 renganayagi nagar sree abirami illam siluvathur road tamil nadu dindigul,a 91 sree abirami illam southern region madurai dindigul tn
S1-818434176,S3-627190523,US,0.017098519951105118,Transliteration / phonetic variation,20,0.6222,0.825,0.1111,1.0,0.0,0.0,a premier silver,a premier 9602294059,tx whitehouse 506 pearl court,06 pearl ct witehouse texas
S1-885130621,S3-904003231,India,0.01695600524544716,Missing address,5,0.7905,0.6802,0.0,0.0,0.0,0.0,aarushi public school co,dr aarushi public,room no 25 bharat chamberbhavan 399 a 3rd floor kalbadevi road mumbai maharashtra,
S1-841977498,S3-707872254,India,0.01686854287981987,Address weak / name strong,2,1.0,0.9548,0.08,1.0,0.0,0.0,arihant vision projects pvt ltd,arihant projects vision pvt ltd,maharashtra 10th floor c wing plot d indraprasth new golden nest phase xvi near hanuman mandir 100 ft road 1003 thane,thane block e 477 1003 mh thane
S1-480259742,S3-4643436,US,0.016857925802469254,Acronym / name truncation,8,0.7477,0.4944,0.3,1.0,1.0,1.0,health trust,htrust com,19225 34th terrace independence mo,19225 1 2 34th ter independence township missouri
S1-913836509,S3-510017535,India,0.016783444210886955,Missing address,4,0.6909,0.8327,0.0,0.0,0.0,0.0,swatipushp technosol private limited,mr swatipushp tcenaosol private limited,a 304 building no 11 harmony chs shailendra nagar ovaripada dahisar e mumbai mumbai city maharashtra,
S1-668897081,S3-732841015,India,0.0166217889636755,Both moderately similar,29,0.4615,0.6777,0.3333,1.0,0.0,0.0,future ventures limited,phyucr vemcrs limited,block d 501 archi paradise shobhagpura udaipur rajasthan,block d udaipur rajsthan
S1-545191000,S3-224967289,US,0.016531091183423996,Name weak / address strong,21,0.5902,0.4313,0.5,1.0,0.0,0.0,carr bankshares llc,ectolumumbra,10388 44 mount washington ky,44 mount washington kentucky
S1-760745873,S2-832966450,US,0.016469765454530716,Missing address,25,0.5122,0.8967,0.0,0.0,0.0,0.0,g x and o rothschild,g x o rotshclhd,1001 rivian drive bloomington il,
S1-953930950,S3-911372009,US,0.016406448557972908,Other residual,15,0.6337,0.4156,0.1,1.0,0.0,0.0,uhl royal cleaning service,jaxzephzeta,1164 olive street san bernardino ca,116 olive st sanbernardino california
S1-725166028,S2-973577760,India,0.01639464870095253,Both moderately similar,21,0.7121,0.6882,0.4545,1.0,0.0,0.0,inika forty ltd,fortyinika com,317 a pocket c mayur vihar phase ii delhi,phase ii delhi no 545 317 a delhi
S1-354105604,S3-736677952,India,0.016324860975146294,Other residual,25,0.6551,0.5548,0.3333,1.0,0.0,0.0,al logistics private limited,viociranex,ernakulam near gandhi square maneed piravom kerala ernakulam xi 234 b,xi 234 b dhar ernakulam keralam
S1-411242277,S2-292348073,India,0.01620716042816639,Missing address,9,0.7446,0.7632,0.0,0.0,0.0,0.0,laxmi ventures private limited,shri laxmi ventures limited partners,1 b d l khan rd west bengal kolkata calcutta,
S1-136850984,S3-533352805,US,0.01609782874584198,Address weak / name strong,26,0.4399,0.92,0.125,1.0,0.0,0.0,big bakery,big basbey,5440 bartholow road md sykesville,bartholow rd eldersburg maryland
S1-165892470,S2-205644713,India,0.015601491555571556,Missing address,29,0.3538,0.8766,0.0,0.0,0.0,0.0,kol technologies private limited,kol private limited center,192 wadachiwadi hanmantwadi phaltan satara maharashtra,
S1-874483026,S2-600068891,India,0.01543237455189228,Name weak / address strong,5,0.7957,0.5212,0.8462,1.0,0.0,0.0,future foundation,phyucr phaumdesn,no 29 1st main road 3rd stage 3rd block bangalore north bangalore karnataka,1st main road 3rd stage 3rd block karnataka basaveshwarnagar bangalore north h no 29
S1-755825682,S3-614038355,US,0.0154182817786932,Address weak / name strong,9,0.6295,0.866,0.2,1.0,0.0,0.0,wheeler products,wheeler service,800 grant street durham nc,0800 grant st durham city north carolina
S1-86261664,S2-890703691,US,0.01540699414908886,Missing address,12,0.605,0.8857,0.0,0.0,0.0,0.0,clyyn graphics,clyyn services,197 roanoke station circle clarksville tn,
S1-925515460,S3-770327730,India,0.01532894466072321,Address weak / name strong,1,1.0,1.0,0.0588,1.0,0.0,0.0,united producer pvt ltd,united producer pvt ltd,207 floor 2 plot no 597 rajsheela building jss road cheera bazar mumbai maharashtra,566 207 brihanmumbai mh
S1-540726288,S2-581855517,India,0.015238150022923946,Missing address,7,0.7739,0.7418,0.0,0.0,0.0,0.0,spg hospital company,smt spg hospital co,28 142 west patel nagar new delhi north delhi delhi,
S1-391211731,S3-317937971,US,0.015102836303412914,Other residual,5,0.778,0.5048,0.375,1.0,0.0,0.0,cu cadenza llc,aviwexpyra,308 highland avenue beloit ks,kansas 308 310 highland ave beloit
S1-472765873,S3-159520374,India,0.015036060474812984,Other residual,7,0.8564,0.7235,0.1304,1.0,0.0,0.0,kanodia charitable trust,m s kanodia charitable center,unit no 18 floor 1 plot 14 nanda dham k r mhatre marg reay rd rly station mumbai mumbai city maharashtra,unit no 0018 mumbai mumbai ii mh
S1-467450189,S3-200279493,India,0.014988073147833347,Other residual,3,0.716,0.6583,0.1875,1.0,0.0,0.0,hilton solution limited,smt hilton limited service,402 4fl reegus business center new city light road surat choryasi surat gujarat,h no 24 402 choryasi surat gj
S1-878541499,S3-478559687,US,0.014977452345192432,Both moderately similar,8,0.7814,0.6944,0.2857,1.0,0.0,0.0,bland kochav,bland partners,700 weber avenue oh akron,weber ave akron ohio
S1-456972978,S3-309987261,India,0.014921551570296288,Other residual,8,0.6832,0.5935,0.3077,1.0,0.0,0.0,india samruddha structures company,irisyn,opp ganesh township link road s n 119 village umraj bharuch gujarat,opp ganesh township bharuch gj
S1-226098200,S3-190183821,India,0.014860151335597038,Transliteration / phonetic variation,6,0.7017,0.8429,0.1,1.0,0.0,0.0,hollyhock agro india private limited,hollyhockagroindia com,241 patel nagar ambala city ambala haryana,door no 242 ambala hr
S1-187825893,S2-687822777,India,0.014742030762135983,Missing address,5,0.7125,0.8921,0.0,0.0,0.0,0.0,marda holdings,marda ltd,level 5 srei tower anath road maruti udyog sector 18 gurgaon haryana,
S1-828537433,S3-15929171,US,0.014489906840026379,Other residual,8,0.6925,0.602,0.3333,1.0,0.0,0.0,sweet brighthouse llc,bsweet com,1910 botham jean boulevard dallas tx,910 botham jean blvd dallas texas
S1-674466295,S3-670174230,India,0.014307983219623566,Other residual,30,0.5298,0.6393,0.3529,1.0,0.0,0.0,southern foods pvt ltd,sdrn phuds pra li,f 8 first floor a wing kohinoor city mall off lbs marg kurla west mumbai city maharashtra,f 8 kurla west mumbai city mh
S1-207154661,S2-999396034,US,0.014260146766901016,Missing address,4,0.7404,0.8861,0.0,0.0,0.0,0.0,bogan arc,bogan center,1100 13th st nw cedar rapids ia,
S1-226837320,S3-516590732,US,0.014196256175637245,Address weak / name strong,23,0.575,0.9222,0.1111,1.0,0.0,0.0,urgent care health,urgent care,247 armstrong lane monterey tn,armstrong ln monerey township tennessee
S1-472765873,S3-375571606,India,0.014051287434995174,Address weak / name strong,5,0.9717,0.9714,0.0833,1.0,0.0,0.0,kanodia charitable trust,kanodia charitable trust llp,unit no 18 floor 1 plot 14 nanda dham k r mhatre marg reay rd rly station mumbai mumbai city maharashtra,mumbai ii ulit no 0018 mharastr mumbai
S1-409398815,S3-981322426,India,0.014017862267792225,Other residual,9,0.6113,0.5882,0.4167,1.0,0.0,0.0,india conserve garments private limited,icgarmentscom,block a office no 604 mondeal heights ahmadabad city ahmedabad gujarat,block a ahmadabad city ahmedabad gj
S1-344341550,S3-944172906,India,0.01391464751213789,Both moderately similar,3,0.7252,0.737,0.2143,1.0,0.0,0.0,kiara and associates,mr kiaraassociates com,283 adarsh plam retreat phase 1 and 2 bellendur bangalore south bangalore karnataka,ka no 283 bangalore bangalore south
S1-77632226,S3-805515311,US,0.013685577549040318,Other residual,22,0.5296,0.4064,0.2,1.0,1.0,0.0,verrara enterprises,quosyn,avondale az 10907 3rd street,10907 third saint null avondale goodyear arizona
S1-545782613,S3-860158166,India,0.013529915362596512,Missing address,22,0.6815,0.8428,0.0,0.0,0.0,0.0,shastra seva samiti,sri shastra seva samidti,2 120 edakkandi vallikkunnu post malappuram malappuram malapuram kerala,
S1-275096455,S3-383884028,US,0.01342302467674017,Other residual,3,0.816,0.6343,0.4286,1.0,0.0,0.0,liberty hospitality inc,center liberty lnc,825 stables court highwood il,25 stables court highwood illinois
S1-422441429,S2-35768520,India,0.013398841954767704,Other residual,22,0.6355,0.5849,0.2941,1.0,0.0,0.0,thiruvananthapuram services pvt ltd,miraaria,tc 36 916 36 shreyas apartments flat no vii d perunthanni vallakkadavu p o thiruvananthapuram trivandrum kerala,tc 36 916 36 thiruvananthapuram trivandrum kerlm
S1-192429874,S2-24972444,India,0.013365531340241432,Missing address,6,0.5769,0.8387,0.0,0.0,0.0,0.0,aone stock,aone center,office no 1902 panvel floor no 19th kamdhenu commerz kharghar navi mumbai sector 14 plot no 2 raigarh mh maharashtra,
S1-402492238,S2-12154734,US,0.013258994556963444,Missing address,27,0.3073,0.9075,0.0,0.0,0.0,0.0,empire center iv,empire center enterprises,82194 7th street trona ca,
S1-681200219,S3-103745208,US,0.013228485360741615,Both moderately similar,11,0.7002,0.6746,0.2857,1.0,0.0,0.0,peon co,company peon,97405 4498 road vian ok,4498 rd vian oklahoma
S1-507634901,S3-163791852,India,0.013226032257080078,Address weak / name strong,4,0.8632,0.9846,0.0714,1.0,0.0,0.0,first india projects llp,first india projects l l p,duplex4 essen residency 2 daruthenga road bhubaneswar khordha orissa,h no 971 dulex4 bhubaneswar od
S1-896496645,S3-30941368,India,0.013147162273526192,Missing address,7,0.7025,0.877,0.0,0.0,0.0,0.0,niphad property private limited,niphad pr0perty,c o rituja shrikant deore nashik laxmi market shejari maharashtra niphad,
S1-715533702,S3-362262670,India,0.013031604699790478,Missing address,5,0.6151,0.6111,0.0,0.0,0.0,0.0,qc multicons company,qc company center,e 8 hiral mansion bhangwadi 1st floor kalbadevi road mumbai maharashtra,
S1-993978102,S3-72074250,India,0.012897493317723274,Address weak / name strong,5,0.7359,0.9128,0.1579,1.0,0.0,0.0,green works center,green works partners,xx 656l second floor marian centre east fort gate tripunithura ernakulam kerala,block d 377 xx 656l n a cochin tripunithura kerlm
S1-46131091,S2-822054942,US,0.01233051810413599,Other residual,5,0.6501,0.5139,0.3,1.0,0.0,0.0,johnson preferred innovation inc,nexiri,278 tacoma avenue fl floor 1 buffalo ny,buffalocdp ny 278 tacoma ave
S1-195842242,S3-810561415,US,0.012196367606520653,Name weak / address strong,22,0.8447,0.5444,0.5,1.0,0.0,0.0,polaris lp,evokorvio,md silver spring 601 harding drive,601 harding dr silver spring maryland
S1-803350004,S3-288017223,India,0.012159673497080803,Other residual,4,0.9337,0.6667,0.1176,1.0,0.0,0.0,apex exports,m s apex exports exports,guriya p c no 17 old 4 new settlement no 129 bearing no 175 2 chhindwara madhya pradesh,guriya chhindwara mp
S1-707630730,S2-632232114,US,0.012082426808774471,Missing address,7,0.6914,0.8925,0.0,0.0,0.0,0.0,jarlio airport,jarli0 airport lp,14235 highway 13 england ar,
S1-725639127,S3-155546775,India,0.011944991536438465,Other residual,24,0.5003,0.3925,0.3077,1.0,0.0,1.0,eyq engineering ltd,lyrahalo,3810 3rd floor delhi gali kumhar mohalla shahganj ajmeri gate north delhi delhi,3810 3 3rd floor delhi dilli
S1-437332190,S3-906712461,India,0.01178380474448204,Both moderately similar,3,0.6874,0.6753,0.2143,1.0,0.0,0.0,gangaya instant private limited,limited gangaya private services,ga284 g f at po bharatpur via baramnunda colony bhubaneswar khordha orissa,ga284 bhubaneswar khordha od isa
S1-873426295,S3-475759507,US,0.011721002869307995,Both moderately similar,7,0.6993,0.7309,0.375,1.0,0.0,0.0,atlantic bain llc,bainatlantic com,3007 high castle court houston tx,high castle ct houston texas
S1-468533376,S3-984461832,US,0.011383727192878723,Other residual,21,0.4955,0.6991,0.1667,1.0,0.0,0.0,v w and a lithium,v v w and a,2745 205 campton ky,205 jackson kentucky
S1-947756462,S3-510616091,India,0.011371681466698647,Other residual,4,0.7654,0.5451,0.2,1.0,0.0,0.0,seven enterprises pvt ltd,saivn aimtrpraij ij pra li,green fd majitha road indra colony 515 amritsar punjab amritsar,amritsar 515 amritsar pb
S1-921015536,S2-785726788,US,0.011327197775244713,Name weak / address strong,10,0.8136,0.5159,0.6,1.0,0.0,0.0,asset building league,baleague com,8192 14 dallesport wa,8192a 14 dallesport wa
S1-165976889,S3-375288901,US,0.011265202425420284,Missing address,4,0.7839,0.8883,0.0,0.0,0.0,0.0,charissa mickel reliable nova l l c,charissa micke1 reliable,905 division street coal city il,
S1-637492491,S2-151828720,India,0.01123073697090149,Missing address,6,0.7574,0.6714,0.0,0.0,0.0,0.0,rng pri india llp,sri rng pri,5 2 madukarai road madukarai post eachanari coimbatore tamil nadu,
S1-748848193,S3-850798861,India,0.011058291420340538,Address weak / name strong,2,1.0,1.0,0.0714,1.0,0.0,0.0,first and co,first and co,plot no 3 sai enclave road no 12 banjara hills hyderabad telangana,3 kukatpally andhra pradesh
S1-138240387,S3-279098237,India,0.010964230634272099,Other residual,11,0.6753,0.5866,0.4706,1.0,0.0,0.0,new delhi roadways private limited,kelocira,h no b 322 t f mohan garden uttam nagar near church new delhi south west delhi delhi,h no b 322 new delhi south west delhi dl
S1-481861044,S2-46127163,US,0.010961882770061493,Both moderately similar,6,0.6759,0.6865,0.4286,1.0,0.0,0.0,berget strauss peak rising clinic,peakbergetstrauss com,al 202 marbella court saraland,202 marbella ct saralnad al
S1-945965207,S3-945985666,US,0.010927892290055752,Both moderately similar,6,0.7616,0.6872,0.375,1.0,0.0,0.0,bay immersion,bay center,1910 belden drive greensboro nc,greensboro 191 belden drive north carolina
S1-463234652,S3-580782429,India,0.01088335458189249,Other residual,23,0.6427,0.627,0.3636,1.0,0.0,0.0,creative consultancy llp,krietiv kmsltemsi elelpi,minakshi aashray bhuramal colony near shiv gyatri mandir ishakchak bhagalpur bihar,minakshi aashray bhagalpur bihar
S1-347246534,S2-682749690,India,0.0108421565964818,Name weak / address strong,9,0.6898,0.5175,0.6429,1.0,0.0,0.0,hind freezers pvt ltd,nexzetaveo,gurgaon haryana sadar bazar kila no 4 18 2 4 vill naharpur rupa2 rajiv col,kila no 4 18 2 4 sadar bazar gurgaon haryana
S1-958515461,S3-685523570,India,0.010810251347720623,Both moderately similar,23,0.544,0.6602,0.2308,1.0,0.0,0.0,sunrise foundation,snraij phaumdesn,216 kohinoor arcade 2nd floor tilak chowk mumbai pune road nigdi pune maharashtra,mharastr pune nigdi 216
S1-42796614,S3-320268439,India,0.010782726109027863,Address weak / name strong,5,0.861,0.9111,0.0909,1.0,0.0,0.0,ecolife academy corporation,ecolife academy,361a puthuparampil house areepparambu p o kottayam kerala,3 61a kottayam kerlm
S1-569553993,S3-715494621,India,0.010576330125331879,Address weak / name strong,5,1.0,1.0,0.0833,1.0,0.0,0.0,ziraendra investments company,ziraendra investments company,b304 radiance mercury gandhi nagar perumbakkam kanchipuram tamil nadu,b 304 kanchipuram tn
S1-901977215,S3-674399219,India,0.010520009323954582,Both moderately similar,16,0.6139,0.7278,0.2,1.0,0.0,0.0,rng projects llp,m s rng prlects llp,tamil nadu coimbatore north kulluku thottam keeranatham saravanampatty post 1 49 13 coimbatore,001 49 13 bhopal coimbatore tn
S1-770153725,S3-912795896,India,0.01044371072202921,Address weak / name strong,7,0.8327,0.9203,0.1053,1.0,0.0,0.0,vijay agro pvt ltd,vijay agro pra li,402 anhil complex b h jain dairy swastik cross road c g road navrangpu ra ahmedabad gujarat,b3 830 402 ahmedabad gujrat
S1-433080592,S3-76456995,US,0.010436110198497772,Address weak / name strong,4,0.6486,0.8594,0.0,1.0,0.0,0.0,wesley and mullis pllc,wesleymullis com,1233 8th street salem or,123 eighth st slem oregon
S1-451034176,S3-581980454,US,0.01041659340262413,Address weak / name strong,2,0.9527,0.9625,0.1,1.0,0.0,0.0,short dynamic,short dynamic lp,2438 208 montgomery ny,002438 208 pmb 8609 walden new york
S1-294899349,S2-718548851,India,0.010321341454982758,Other residual,5,0.773,0.4132,0.4,1.0,0.0,0.0,drs technology company,umbraariazeph,312 laxmi sagar bhubaneswar khordha orissa,3 12 laxmi sagar bhubaneswar khordha od isa
S1-371840842,S2-717815218,India,0.01008053682744503,Other residual,3,0.7621,0.6567,0.1538,1.0,0.0,0.0,pragati signs pvt ltd,signspragati com,first floor cabinno 3 main road badshahpur badshahpur haryana gurgaon,hn 953 first foor gurgaon hriyana
S1-963456843,S3-996957129,India,0.010021373629570007,Other residual,8,0.6894,0.6288,0.2857,1.0,0.0,0.0,amber sales clinic,mr amber sales services,203 plot no 21 techno r mindspace rd huda techno shaikpet hyderabad telangana,no 0084 203 shaikpet hyderabad tg
S1-193792120,S3-964287423,India,0.00997999869287014,Address weak / name strong,5,0.9696,0.9619,0.05,1.0,0.0,0.0,dolphin vidyalaya,dolphin vidyalaya llp,1709 17 th floor 1 b building morarji mhada sankul ashok nagar kandi vali east mumbai mumbai city maharashtra,mumbai mumbai suburban mh
S1-289499966,S3-608411658,US,0.009919685311615467,Acronym / name truncation,7,0.7687,0.7197,0.3333,1.0,0.0,0.0,bischoff stepp and mclemore,steppbischoff com,91505 hidden valley road bowerston oh,hidden valley rd bowerston city ohio
S1-11833172,S2-286960919,US,0.009827730245888233,Missing address,19,0.6155,0.8669,0.0,0.0,0.0,0.0,community program,community center,1041 wildwood drive joshua tx,
S1-83884234,S3-800500848,India,0.009806371293962002,Missing address,23,0.4381,0.9026,0.0,0.0,0.0,0.0,hd traders private limited,hd traders privadmte limited 3555782951,flat no 104 first floor building e beverly hills s no 1 and 3 hinjewadi pune maharashtra,
S1-968608051,S3-674779760,India,0.00977251771837473,Missing address,6,0.6238,0.8439,0.0,0.0,0.0,0.0,brave sangh,brave center,kadubisanahalli marathahalli bangalore karnataka 37 1 bangalore,
S1-803092903,S2-22171905,India,0.009600551798939705,Other residual,27,0.4876,0.6035,0.4167,1.0,0.0,0.0,premier real solutions private limited,solutionsreal com,office no 601 b s no 207 phoenix east court pune maharashtra,maharashtra office no 60 b pune
S1-176394680,S3-221936492,India,0.009525625966489315,Other residual,6,0.8921,0.685,0.1667,1.0,0.0,0.0,bombay impex pvt ltd,mr bombay impex,ashirwad 332 58th cross road iii block rajaji nagar bangalore karnataka,ashirwad bangalore krnatk
S1-432389940,S2-494345625,India,0.009515593759715557,Missing address,4,0.7321,0.8232,0.0,0.0,0.0,0.0,mohta design private limited,mr mohta design prfaet limited,no f no ff 111 sri mitra lotus apts yamaluru yamalur to kempapura main road bangalore karnataka,
S1-312549462,S2-529409168,India,0.009335401467978954,Other residual,22,0.6209,0.5759,0.4286,1.0,0.0,0.0,unique consultancy,yunik kmsltemsi,gali no 9 b block fauji colony part 2 delhi house no 33 north west delhi,house no 33 north west delhi delhi
S1-656047802,S3-353756498,US,0.009148864075541496,Both moderately similar,4,0.656,0.67,0.2857,1.0,0.0,0.0,3978 madison road associates llc,roadmadison3978 com,oh toledo 1161 pinebrook parkway,ohio toledo pinebrook pkwy
S1-199602189,S3-521072783,US,0.00910861324518919,Other residual,25,0.4321,0.4778,0.3,1.0,0.0,1.0,rhodes onfolio inc,synkorsyn,260 cedar point lane kimball tn,260 cedar point ln south pittsburg tennessee
S1-24510297,S2-814917125,US,0.009091615676879883,Name weak / address strong,3,0.696,0.5772,0.5714,1.0,0.0,0.0,woody shore of trescott twp llc,stwoody com,1151 county road trescott twp me,county road trescott township me
S1-331104371,S2-747239003,India,0.009019448421895504,Both moderately similar,10,0.627,0.7222,0.2308,1.0,0.0,0.0,sahyadri finance pvt ltd,pvt sahyadri fdantec ltd,r21 orion bhulabhai desai road omer park a k marg mumbai maharashtra,r21 bombay mumbai maharashtra
S1-225489886,S3-138001480,India,0.009014416486024857,Address weak / name strong,18,0.6828,0.8804,0.1875,1.0,0.0,0.0,life global private limited,life global pritvate limited www lifegloba com,cabin no 32 mohali punjab mohali 3rd floor e 252 industrial area phase 8 b,cabin no 32 divreportingcircle pb
S1-79203671,S3-299175238,India,0.00893670879304409,Address weak / name strong,4,0.9205,0.9415,0.0526,1.0,0.0,0.0,india kanishka engineering private limited,india kanishka engineering limited services,7thfloor 703 plot d new wing b newgolden nestphasexvi 100 ft road nr jain temple thane maharashtra,07thfloor thane mh
S1-939081599,S3-255799127,US,0.008811783976852894,Name weak / address strong,21,0.6579,0.506,0.5714,1.0,0.0,0.0,gonzalez and wade llc,orbihalo,887 warren street fall river ma,warren street fall river massachusetts
S1-579281626,S3-721105869,India,0.00880697462707758,Both moderately similar,22,0.5657,0.6856,0.2105,1.0,0.0,0.0,east shivam foods private limited,eastfoodsshivam com,level 13 platinum techno park plot no 17 18 sector 30a vashi navi m umbai mumbai mumbai city maharashtra,level 13 mumbai mumbai city mh
S1-944095393,S3-410169586,US,0.00879952684044838,Transliteration / phonetic variation,5,0.8581,0.7325,0.0909,1.0,0.0,0.0,quantora fortune co,company quantora fortune,warren county 221 hickory road va,221 hicory rd front royal virginia
S1-303678304,S2-815395327,India,0.008752749301493168,Both moderately similar,7,0.8038,0.7055,0.4286,1.0,0.0,0.0,future care limited,phyucr keyr limited,mumbai 1019cwing215atriumnextto courtyard marriottakroad maharashtra,no 34 1019cwing215atriumnextto mumbai maharashtra
S1-303678304,S2-741125216,India,0.008752749301493168,Both moderately similar,6,0.8038,0.7055,0.4286,1.0,0.0,0.0,future care limited,phyucr keyr limited,mumbai 1019cwing215atriumnextto courtyard marriottakroad maharashtra,no 34 1019cwing215atriumnextto mumbai maharashtra
S1-770728166,S2-319137243,India,0.008722607977688313,Missing address,4,0.7181,0.765,0.0,0.0,0.0,0.0,caravan brothers private limited,dr caravan private limited center,plot no r 257 rabale thane maharashtra,
S1-1530584,S2-909716954,India,0.008660157211124897,Name weak / address strong,3,0.6436,0.478,0.56,1.0,0.0,0.0,bhavya ram india center,tavodovakelo,plot no 15 khasra no 216 and 148 floor ground shani bazar road ph 3 prem nagar ph 3 new delhi north west delhi,plot no 15 khasra no 216 and 148 floor ground shani bazar road ph 3 rohtak rd indtl complex dilli
S1-277816183,S3-948910022,India,0.008616920560598373,Address weak / name strong,3,0.9822,0.9467,0.0625,1.0,0.0,0.0,mumbai crusher private limited,mumbai crusher private,101 a wing om sagar chandawarkar road borivli w mumbai mumbai city maharashtra,501 bombay mumbai suburban mh
S1-916288110,S3-791681855,US,0.008596512489020824,Acronym / name truncation,8,0.6766,0.4971,0.4,1.0,0.0,0.0,gutierrez prime chs,gpchs com,tucson az 16020 canada,canada tucson arizona
S1-823486871,S3-924612237,US,0.008585489355027676,Other residual,5,0.6111,0.4957,0.4,1.0,0.0,1.0,bright ubs inc,veraonyxsyn,4020 82nd avenue mercer island wa,4020 82st avenue mercer island washington pmb 6245
S1-147268029,S2-812126610,India,0.008351610973477364,Other residual,25,0.6584,0.4912,0.2778,1.0,0.0,0.0,sh investment private limited,zetaveosol,office number 417 ghaziabad uttar pradesh ghaziabad 4th floor plot number 6 signature global mall sector 3 vaishal i,ghaziabad office nufber 417 uttar pradesh ghaziabad
S1-758228635,S3-413141922,India,0.008335104212164879,Both moderately similar,5,0.7594,0.7032,0.4737,1.0,0.0,0.0,imperial and co care,www imperiala com and imperial,h no 19 145b block a phase ii near inderlok quarter sarai rohilla delhi north west delhi,north west dl delhi block b 334 h no 19 145b block a
S1-669293263,S3-525408243,India,0.008323599584400654,Name weak / address strong,7,0.7597,0.572,0.5294,1.0,0.0,0.0,aurangabad web pvt ltd,dovavantage,f no 302 b p no 7 kailash arcade aurangabad aurangabad maharashtra,mh h no 9 475 f no 302 b p no 7 aurangabad chhatrapati sambhaji nagar kailash arcade aurangabad
S1-703908805,S3-693099391,US,0.008068511262536049,Missing address,9,0.7146,0.8762,0.0,0.0,0.0,0.0,hamilton spark,hamilton center,8460 k 39 highway ks chanute,
S1-912934525,S2-15303478,India,0.00805839616805315,Missing address,11,0.7759,0.7841,0.0,0.0,0.0,0.0,universal it llp,smt universal it l l p,d 1 40 sec 7 palam extn dwarka new delhi south west delhi delhi,
S1-871011723,S2-276507800,India,0.007920724339783192,Other residual,8,0.5955,0.4312,0.4545,1.0,0.0,1.0,xu eduventures llp,exu com,17 152 5 dodda thogr village begur hobli bangalore south bangalore karnataka,17 152 5 bangalore karnataka
S1-319254528,S3-844113835,India,0.007636024616658688,Address weak / name strong,10,0.6028,0.9086,0.1765,1.0,0.0,0.0,xfk powers ltd,xfk p0wers,b 1215 1216 1217 sun west bank ashram road ahmadabad city ahmedabad gujarat,b d 1215 ahmedabad hq region ahmedabad gj
S1-155683792,S2-786796826,US,0.007576369680464268,Missing address,23,0.3788,0.867,0.0,0.0,0.0,0.0,primary care creative center inc,primary creative center inc partners id 76253,903 lucien avenue ar corning,
S1-829525933,S3-76709782,India,0.00756856519728899,Address weak / name strong,2,0.8906,0.878,0.0714,1.0,0.0,0.0,jaihind and sons private limited,jaihind sons private limited center,2 sri balaji hbcs layout near vidyapeeta bsk 3rd stage bangalore karnataka,02 bangalore ka
S1-622218504,S3-127948835,US,0.0075125363655388355,Other residual,4,0.6746,0.5788,0.3333,1.0,0.0,0.0,richardson and howard tankers llc,trhoward com,16 kennedy boulevard east machias me,16d kennedy blvd east machias maine
S1-45653136,S3-302243746,India,0.00740260723978281,Other residual,13,0.5369,0.7858,0.1053,1.0,0.0,0.0,amidhara threads limited,shri amidhara tihresads limited,276 ii main road nehru nagar kottivakkam old mahabalipuram road kancheepuram dist rict chennai tamil nadu,h no 00334 276 chennai tn
S1-957410769,S2-110146406,India,0.0073620956391096115,Missing address,19,0.6465,0.8453,0.0,0.0,0.0,0.0,st advisors partners,st advisors www stadvisor com,mumbai city sai ashram pvt sai road pali naka bandra west maharashtra mumbai 122 b,
S1-210618222,S3-736477773,US,0.007305809762328863,Missing address,30,0.435,0.6377,0.0,0.0,0.0,0.0,ik santander llc,ik llc llc center,99 keener lane barboursville wv,
S1-644522895,S2-441143249,India,0.007266691420227289,Other residual,6,0.6247,0.3631,0.3125,1.0,0.0,0.0,vaibhav labs pvt ltd,miranovikor,201 202 lalita complex near vijaya bank 352 3 rasala road navrangpura ahmedabad gujarat,ahmedabad hn 104 201 202 navrangpura gujarat
S1-408120041,S2-419583713,India,0.007240619044750929,Both moderately similar,25,0.6021,0.661,0.2857,1.0,0.0,0.0,great foundation,gret phaumdesn,569 165 ka bara birwa kanpur road lucknow uttar pradesh,door no 569 165 ka lucknow uttr prdes
S1-887268666,S2-395299818,India,0.007092938758432865,Missing address,9,0.4511,0.6829,0.0,0.0,0.0,0.0,bl fats llp,bl llp service,d 384 yoginagar near ambika nagar gotri vadodara gujarat,
S1-816716879,S3-991635801,US,0.007013916969299316,Both moderately similar,4,0.6677,0.6748,0.25,1.0,0.0,0.0,kc harbor mitsui llc,kcharbormitsui com 8985093252,camas wa 2642 logan street,264 logan st camas washington
S1-155345634,S3-115417237,India,0.006997378077358007,Acronym / name truncation,11,0.6952,0.6746,0.2727,1.0,0.0,0.0,fate academy,fate service,x711 s2 adam star building kalangatu road kakkanad ernakulam kerala ernakulam,x711 s2 kl ernakulam
S1-17664805,S3-793418488,US,0.006989831104874611,Other residual,10,0.6688,0.0,0.3,1.0,0.0,0.0,gevue inc,halojaxsol,wichita 2625 west street ks unit lot 111,2625 west st wichita kansas
S1-86286291,S3-581977471,US,0.0069595035165548325,Other residual,5,0.5789,0.3712,0.3,1.0,0.0,0.0,solyx hills pllc,calokorzeph,3585 olde falls road zanesville oh,ohio znaesville city 3585 olde falls rd
S1-163047550,S2-676050757,US,0.006867783144116402,Other residual,4,0.6512,0.4392,0.4286,1.0,0.0,0.0,nguyen irenic llc,dovasolnex,605 1st street toledo or,or 605 1nd saint toledo
S1-904320767,S3-320631454,India,0.0065916357561945915,Other residual,29,0.6085,0.6025,0.4545,1.0,0.0,0.0,el consultants,el services,s f no 341 mettupalayam road narasimhanaickenpalayam coimbatore tamil nadu,s f no 341 coimbatore tn
S1-770967591,S2-527863813,US,0.006504691671580076,Name weak / address strong,7,0.7694,0.6222,0.5,1.0,0.0,0.0,pediatric dental innovative care llc,dentalpediatric com 64460,tn unit 506 111 17th avenue nashville,nashville tn 0111 17th avenue
S1-796892289,S3-698897545,US,0.006497093942016363,Address weak / name strong,2,0.9187,0.9125,0.1111,1.0,0.0,0.0,jolley and bermel l l c,jolley bermel llc,10302 gazelle court spotsylvania county va,gazelle ct fredericksburg virginia
S1-298353031,S2-673616628,US,0.006459635682404041,Other residual,22,0.5732,0.4619,0.3636,1.0,0.0,0.0,q 9 classic alphabet,nylawex,ut 2060 delmont drive city of holladay,ut salt lake ccity 2060 2064 delmont drive
S1-435016685,S2-730367553,India,0.00643117306753993,Both moderately similar,23,0.5647,0.7344,0.2667,1.0,0.0,0.0,creative construction private limited,krietiv kmstrksn praivet limited,maharashtra flat no 11 deodatta co op hsg society ltd ambad link road cidco nashik nashik,no 11 nashik maharashtra
S1-391700962,S2-641525551,India,0.006373860407620668,Other residual,20,0.4929,0.5841,0.3214,1.0,0.0,0.0,radiant singh center,rcsingh c0m,h o mr ravinesh kumar kh 163 flat no 001 tower a arsh green hieghtes shaveri greater noi da gautam buddha nagar uttar pradesh,hn 145 h o mr ravinesh kumar da gautam buddha nagar uttr prdes
S1-934780382,S3-390888550,US,0.006330631207674742,Address weak / name strong,5,0.7361,0.8883,0.0909,1.0,0.0,0.0,horizon freight systems,horizon systems service,165 valley street sleepy hollow ny,new york tarrytown 65 valley st
S1-597158511,S2-342039482,US,0.006329063326120377,Other residual,7,0.7935,0.5892,0.25,1.0,0.0,0.0,humphrey global lp,globalhumphrey com,75 coventry court hillsboro tn,075 coventry ct hillsbro tn
S1-284854857,S2-903591729,India,0.006308882962912321,Other residual,26,0.4587,0.381,0.3125,1.0,0.0,0.0,vn industries pvt ltd,umbracira,survey no 211 paiki 1 plot no 5 halvad road at nichi mandal halvad road morbi rajkot gujarat,door no 211 morbi rajkot gujarat
S1-679475111,S3-630206647,US,0.0062284693121910095,Missing address,4,0.7483,0.6561,0.0,0.0,0.0,0.0,hdg summit integrated l l c,hdg hdg summit,4220 belknap hill road jerusalem ny,
S1-361734641,S2-68322778,India,0.00621243380010128,Transliteration / phonetic variation,2,0.9591,0.7678,0.0667,1.0,0.0,0.0,rahul brothers private limited,private rahul brothers ltd,762 housing board colony in front of sai mandir narsinghpur madhya pradesh,narsinghpur mdhy prdes 62
S1-348424826,S3-188114856,US,0.006186510436236858,Other residual,9,0.6873,0.4556,0.2857,1.0,0.0,0.0,lyons strategic iron works llc,irinexevo,3712 miranda avenue gillette wy,miranda ave wyoming gillette
S1-122111692,S3-397335081,US,0.006151137873530388,Address weak / name strong,1,1.0,1.0,0.0769,1.0,0.0,0.0,pedro molinaro and turner inc,pedro molinaro and turner inc,418 7th street washington nc,washington 18 7st st po box 907 north carolina
S1-110815811,S3-130807633,US,0.006098995450884104,Other residual,5,0.8085,0.45,0.3333,1.0,0.0,0.0,beacon elite sim inc,arialumlum,1250 bailey avenue unit suite 304 buffalo ny,001250 bailey ave suite 304 buffalo new york
S1-583864338,S2-857370721,India,0.005856297444552183,Missing address,14,0.677,0.7921,0.0,0.0,0.0,0.0,shreehari welfare society ltd,dr shreehari weftare society ltd,2e 18 20th cross road 31a main road sector 2 bangalore south bangalore karnataka,
S1-993272721,S3-804481423,US,0.0056058429181575775,Address weak / name strong,9,0.6209,0.8821,0.1111,1.0,0.0,0.0,quex llc,qax llc,al kennedy 1303 kincaid road,1211 kincaid rd knnedy alabama
S1-247261884,S3-308874493,India,0.005545218475162983,Missing address,24,0.6683,0.7172,0.0,0.0,0.0,0.0,lakshmi international private limited,m s lakshmi private limited center,gautambuddhanagar g 02 grd floor amrapali zodiac sector 120 noida uttar pradesh gautam buddha nagar,
S1-606044946,S3-186311969,US,0.005523203406482935,Other residual,14,0.6814,0.5495,0.2857,1.0,0.0,0.0,highland federation iii inc,orbivantage,19 glover circle wilmington de,glover cir wilmington delaware
S1-64002014,S3-184308284,India,0.005411569029092789,Other residual,25,0.4611,0.7761,0.125,1.0,0.0,0.0,best logistics private limited,mr best lsgciisims private limited,pune shop no 7 maharashtra sagar plaza 4a tukaramnagar talegaon d telegaon pune,1 null pune talegaon dabhad mh
S1-995209971,S3-426728050,India,0.005368276499211788,Address weak / name strong,6,0.634,0.8679,0.1,1.0,0.0,0.0,canara hire limited,canara limited partners,27g abhedananda road kolkata howrah west bengal,27 calcutta howrah wb
S1-935505415,S3-208899775,US,0.00535546476021409,Address weak / name strong,22,0.4813,0.8667,0.1111,1.0,0.0,0.0,g e varela championsgate group,g e varela,lyman me 147 huff road,147a huff rd alfred maine
S1-889339013,S3-685930181,US,0.005351673346012831,Acronym / name truncation,9,0.7321,0.7001,0.2857,1.0,0.0,0.0,premier design laboratories llc,laboratoriespremierdesign com,75 chester road springfield vt,chester rd springfield vermont
S1-757083358,S3-743492888,India,0.005286145489662886,Both moderately similar,21,0.5664,0.6944,0.3158,1.0,0.0,0.0,indra clinic,indra partners,shed no 115 ahmadabad city ahmedabad gujarat ashirwad ind estate nr forge and blower opp fruit market,shed no a 115 ahmadabad city ahmedabad gujrat
S1-624792125,S3-430084802,US,0.005253944545984268,Other residual,6,0.7417,0.5676,0.375,1.0,0.0,0.0,ruiz s advertising,pyradrex,34 sadie bevins road sidney ky,sadie bevins road sidneey kentucky
S1-331104371,S3-736680915,India,0.005236327648162842,Address weak / name strong,2,1.0,1.0,0.0625,1.0,0.0,0.0,sahyadri finance pvt ltd,sahyadri finance pvt ltd,r21 orion bhulabhai desai road omer park a k marg mumbai maharashtra,r 21 null mumbai mh
S1-951740683,S3-717175138,US,0.005085587967187166,Other residual,22,0.499,0.6342,0.2222,1.0,0.0,1.0,urology health,healthurology com,136 lighthouse road aquinnah ma,136 lighthouse rd chilark city massachusetts
S1-48997637,S3-628236686,India,0.005007366184145212,Other residual,20,0.5589,0.6326,0.1818,1.0,0.0,0.0,yg teja private limited,ygteja com,kokarya business synergy center bangalore south bangalore karnataka,hn 34 kokarya bangalore bangalore urban ka
S1-255425133,S3-271941815,India,0.004958620760589838,Address weak / name strong,2,0.7579,0.919,0.0833,1.0,0.0,0.0,global aslam airconditioners company,global atosm airconditioners company,502 harmony prestige garden near nitin company panchpakhadi thane maharashtra,02 thane mh
S1-641950853,S3-910656221,India,0.004914095159620047,Other residual,10,0.6811,0.573,0.2857,1.0,0.0,0.0,astron india hire llp,miranexvio,b 69 2 a main road 2nd kerestage peenya industrial estate bangalore estate bangalore karnataka,b 69 estate bangalore ka
S1-406872650,S3-652574573,India,0.004898720420897007,Other residual,25,0.421,0.6127,0.25,1.0,0.0,0.0,city infotech pvt ltd,siti imphotek pra li,house no 29 9 ward no 7 infront of jeening complex makdi mata road teh shamgarh mandsaur madhya pradesh,house no g 29 9 mandsaur mp
S1-248752200,S3-42787510,US,0.004898044280707836,Other residual,4,0.7032,0.3702,0.3333,1.0,0.0,0.0,ditzler babette esq,korvantage,2300 31st avenue ar pine bluff,1300 31st ave pine bluff arkansas
S1-837939750,S3-787434300,India,0.004879007115960121,Address weak / name strong,12,0.6917,0.8749,0.0938,1.0,0.0,0.0,first trading pvt ltd,first pvt ltd center,ward no 37 door no 2963 old 50 926 a sy no 65 1 b and 1 a 2 tfi business bpo total tower near devankulangara elamakkara dotspace business center ernakulam kerala,dotspace business center sahodaran ayyappan road vytila kl
S1-500066481,S3-891500806,US,0.004856666084378958,Address weak / name strong,18,0.7201,0.8514,0.0909,1.0,0.0,0.0,ranger property solutions,ranger solutions services,unit unit 102 ny ramapo 5 sunrise drive,sunrise dr monsey new york
S1-556016378,S3-625330907,India,0.004802506882697344,Name weak / address strong,3,0.7736,0.5338,0.7,1.0,0.0,0.0,droit metals,shri fayeonyx,gat no 11 2 nere mulshi pune maharashtra,no 858 gat no 11 2 nere mulshi pune mharastr
S1-583864338,S3-960551285,India,0.004788177087903023,Address weak / name strong,10,0.7371,0.945,0.1176,1.0,0.0,0.0,shreehari welfare society ltd,shreehari welfare society ltd 3449563613,2e 18 20th cross road 31a main road sector 2 bangalore south bangalore karnataka,door no 758 2e bangalore urban bangalore ka
S1-204167162,S3-60880355,India,0.004745882004499435,Address weak / name strong,8,0.6895,0.8507,0.125,1.0,0.0,0.0,tirupati solutions,tirupati center,s 106 v jai residency plot no a2 354 sector 2 chitrakoot jaipur rajasthan,s 106 divreportingcircle rj
S1-848964281,S3-317127451,US,0.004665957298129797,Other residual,22,0.489,0.4907,0.1818,1.0,0.0,1.0,lund investors llc,ariakelo,3384 moon road ellicott ny,3384 1 2 moon rd new york jamestown
S1-818434176,S3-972533574,US,0.004641519859433174,Other residual,19,0.6222,0.6044,0.1111,1.0,0.0,0.0,a premier silver,silver prnmtiri a,tx whitehouse 506 pearl court,06 pearl ct witehouse texas
S1-303678304,S3-623285077,India,0.004629322327673435,Both moderately similar,9,0.7878,0.7055,0.2857,1.0,0.0,0.0,future care limited,phyucr keyr limited,mumbai 1019cwing215atriumnextto courtyard marriottakroad maharashtra,a 1019cwing215atriumnextto mumbai mh
S1-916699973,S2-218285444,India,0.0046070939861238,Other residual,3,0.6839,0.5139,0.3,1.0,0.0,0.0,navabharat polytechnic,jaxpyra,shaikpet hyderabad naidunagarguttalabegumpet pno537syno33to39 sarojini telangana,hyderabad urban null pno537syno33to39 sarojini andhra pradesh
S1-614627232,S3-274232123,US,0.004562004003673792,Other residual,16,0.6512,0.4273,0.375,1.0,0.0,0.0,pacific council llc,caloavi,21552 dallas street tx new caney,texas dallas st new caney
S1-790793844,S3-413813009,US,0.004546269308775663,Other residual,5,0.7525,0.5627,0.25,1.0,0.0,0.0,brown international,novipyra,712 speedway street trumann ar,speedway st trumann cty arkansas
S1-585016410,S2-940886954,India,0.0045360540971159935,Other residual,5,0.5699,0.4234,0.4615,1.0,0.0,0.0,bhawanipatna marktech pvt ltd,wexarc,c o mangilal sharma orissa kalahandi bhawanipatna mandarbagicha para near chinmaya mission,c o mangilal sharma kalahandi dist kalahandi orissa
S1-959166745,S2-462545970,India,0.004486831836402416,Both moderately similar,4,0.6772,0.6622,0.4167,1.0,0.0,0.0,japs holdings,shri jagrps holdings holdings,b136 1a block b shalimar garden ext 2 shahibabad ghaziabad uttar pradesh,b136 1a ghaziabad uttar pradesh
S1-475570713,S3-949281991,US,0.004481776151806116,Other residual,5,0.7505,0.5294,0.25,1.0,0.0,0.0,grand hotel inc,evozeta,15832 113th court redmond wa,0015832 113th ct redmond washington
S1-646321074,S2-433166438,US,0.004365027416497469,Other residual,15,0.587,0.0,0.25,1.0,0.0,0.0,gad pioneer offshore,fluxlum,1118 fircrest drive fl 1 fircrest wa,tcaoma wa fircrest dr
S1-121104518,S2-670549996,India,0.004344278946518898,Missing address,5,0.7055,0.7605,0.0,0.0,0.0,0.0,advaita overseas private limited,shri advaita overseas pvithit limited,c o gobinda chandra saha n h 34 no 2 govt colony p o mokdampur malda west bengal,
S1-27399107,S2-391011372,US,0.004336310550570488,Both moderately similar,26,0.3772,0.7804,0.25,1.0,0.0,0.0,c and o diana llc,c o,n669 x town of lind wi,669 x weyauwega wi
S1-501595887,S2-453923229,India,0.004331724252551794,Other residual,26,0.4453,0.5858,0.4,1.0,0.0,0.0,future consultancy pvt ltd,phyucr kmsltemsi pra li,1st floor bamboo house saraswati rd linking rd mumbai maharashtra,c 1st floor mumbai maharashtra
S1-69191854,S3-647087397,India,0.004243637900799513,Address weak / name strong,3,0.9578,0.968,0.05,1.0,0.0,0.0,seth india import limited,seth india import ltd,301 302 jyoti estate plot no 14 behind bank of maharashtra sahar road andheri east mumbai maharashtra,c 301 greator bombay mh
S1-608297433,S2-579187142,India,0.004241760354489088,Other residual,23,0.6447,0.6193,0.2308,1.0,0.0,0.0,herbs trading private limited,m s herbstrading,noida uttar pradesh gautam buddha nagar d 40 sector 30,d 40 sectors30 noida uttr prdes
S1-44430980,S3-549473380,India,0.004203363321721554,Other residual,6,0.749,0.491,0.4,1.0,0.0,0.0,curio and brothers corp,violyrazeph,d no 54 14 6 2c road no 12 bharathi nagar vijayawada krishna andhra pradesh,54 14 6 2c vijayawada krishna ap
S1-926153176,S3-871867754,US,0.004144653212279081,Both moderately similar,17,0.5885,0.6818,0.2857,1.0,0.0,0.0,feix islands,feix center,ny 3440 44 millbrook,3440 44 millrook new york
S1-779688768,S2-33942997,India,0.004138249903917313,Other residual,24,0.5287,0.5389,0.3182,1.0,0.0,0.0,shyam infotech private limited,miraaria,8 2 686 b 6 ph space no 1c 1st floor 12th square complex mall rd no 12 banj ara hills telangana hyderabad,2 686 b 6 ph hyderabad telangana
S1-899333002,S3-176237297,US,0.004137510899454355,Both moderately similar,4,0.6478,0.6806,0.3,1.0,0.0,0.0,lea graf,lea services,9115 cherie drive fl 1 olympia wa,cherie dr floor 1 olympia washington
S1-890664752,S3-33519063,US,0.004120304249227047,Address weak / name strong,8,0.514,0.887,0.0769,1.0,0.0,0.0,snell fresh allegro llc,snellfresh,ma 125 seminary avenue newton unit 330,auburndale city massachusetts 125d seminary ave null
S1-969074002,S2-681128499,India,0.00403828639537096,Acronym / name truncation,5,0.6762,0.5616,0.4545,1.0,0.0,0.0,datta academy,smt datta partners,4 banstalla lane 2nd floor kolkata howrah west bengal,004 banstalla lane 2nd floor kolkata pscimbng
S1-34843145,S3-378101992,India,0.003966580145061016,Address weak / name strong,5,0.9484,0.9571,0.0556,1.0,0.0,0.0,eastern and co,eastern and,no 25 sir m v complex 1st floor above idbi bank nttf circle peenya bangalore karnataka,bangalore ka bangalore 025
S1-29068022,S3-476294447,US,0.003898278344422579,Address weak / name strong,4,0.9153,0.919,0.1111,1.0,0.0,0.0,polaris paceline llc,polaris paceline paceline l l c,yates ny 10816 millers road,new york lyndonville millers rd
S1-406872650,S3-358362638,India,0.0038832370191812515,Other residual,24,0.4213,0.6127,0.25,1.0,0.0,0.0,city infotech pvt ltd,siti imphotek pra li,house no 29 9 ward no 7 infront of jeening complex makdi mata road teh shamgarh mandsaur madhya pradesh,mandsaur house no g 29 9 mp mandsaur
S1-561362479,S3-444752807,US,0.003871437394991517,Transliteration / phonetic variation,4,0.8752,0.7786,0.0909,1.0,0.0,0.0,cornerstone precision snow inc,incorporated cornerstone precision snow,8011 40th street university place wa,08011 40th st tacoma township washington
S1-559231454,S2-808149399,US,0.0038330440875142813,Other residual,9,0.5865,0.3981,0.3333,1.0,0.0,0.0,bay bain p c,deltadrex,tn unit 307 nashville 111 10th avenue,111 tenth ave nashville tn
S1-641898538,S3-80804025,India,0.0038261646404862404,Other residual,5,0.6918,0.6079,0.1818,1.0,0.0,0.0,sangli international,isangli com,belvade h n 337 tal kadegaon belvade sangli maharashtra,no 389 belvade sangli mharastr
S1-95042678,S3-528325499,US,0.0037484378553926945,Missing address,10,0.5668,0.8806,0.0,0.0,0.0,0.0,cross federal chicago llc,cross federa1,2118 river bend trail mayer mn,
S1-940939587,S3-554840454,India,0.0037425553891807795,Name weak / address strong,19,0.7083,0.6632,0.6,1.0,0.0,0.0,apex foundation pvt ltd,apex phaumdesn pra li,b 1 new shakti nagar udaipur rajasthan,no 826 b 1 new shakti nagar udaipur rj
S1-343815149,S3-861682982,US,0.0037417644634842873,Other residual,21,0.7337,0.5223,0.25,1.0,0.0,0.0,cornerstone pllc,solumbrasol,1601 meadow lane glenview il,160 meadow ln glenview illinois
S1-406872650,S2-695596205,India,0.0037317329552024603,Other residual,26,0.3891,0.6127,0.25,1.0,0.0,0.0,city infotech pvt ltd,siti imphotek pra li,house no 29 9 ward no 7 infront of jeening complex makdi mata road teh shamgarh mandsaur madhya pradesh,mdhy prdes mandsaur house no 29 9
S1-244668764,S3-559075768,India,0.0035189075861126184,Both moderately similar,22,0.6223,0.7005,0.2308,1.0,0.0,0.0,blg international school private limited,shri blginternationalschool com,nsc 291 ward no 28 nice chouk ke paas chhindwara madhya pradesh,nsc 291 chhindwara mp
S1-247011365,S3-28753028,US,0.003467555157840252,Other residual,23,0.3795,0.6635,0.1111,1.0,0.0,0.0,givens logistics,6ivens center,2259 6th place camas wa,2259b sixth place cmas washington
S1-125310142,S3-545615891,US,0.0033468236215412617,Other residual,8,0.6548,0.4071,0.25,1.0,0.0,0.0,federal american institutions,xylopyrazeph,256 netherlands boulevard lebanon tn,lebanon 256d netherlands blvd tennessee
S1-756952460,S3-736957551,India,0.00334062147885561,Name weak / address strong,30,0.514,0.5103,0.5,1.0,0.0,0.0,jaipur studies private limited,ciratavonovi,plot no c 133 gali no kumawat colony jaipur rajasthan,plot no c 133 jaipur rj
S1-736677404,S3-298147656,India,0.003320451593026519,Address weak / name strong,10,0.7287,0.9412,0.0625,1.0,0.0,0.0,lyra infotech llp,lyrainfotech,677 1st floor 13th cross 27th main road 1st sector bangalore south bangalore karnataka,door no 677 agara krnatk
S1-127093428,S2-302276793,India,0.0032836711034178734,Other residual,30,0.4751,0.4833,0.3636,1.0,0.0,0.0,software numero producer private limited,orbixylo,10 172 kavya castle vasanth puri colony malkajgiri hyderabad telangana,b3 10 172 hyderabad telangana
S1-827045334,S3-436280976,US,0.0032392838038504124,Both moderately similar,23,0.5983,0.6594,0.4,1.0,0.0,0.0,safe digital enterprises,dsenterprises com,wi city of merrill 1005 8th street,1005 eighth st city of merrill wisconsin
S1-879999489,S3-869089540,India,0.0032248850911855698,Other residual,6,0.5834,0.6079,0.3529,1.0,0.0,0.0,pop it private limited,sri popit com,door no 18 331 16 2nd floor edens complex kanjani road chungam west fort thrissur kerala,door no 18 331 16 thrissur keralam
S1-422585684,S3-990722435,US,0.003222493687644601,Other residual,3,0.7286,0.7891,0.1111,1.0,0.0,0.0,cooperative analytics concepts inc,inc cooperative analytics cmorpts,7612 onyx avenue massillon oh,jackson twp onyx ave ohio
S1-426534917,S3-533373514,US,0.003154564183205366,Other residual,7,0.5939,0.4643,0.3,1.0,0.0,0.0,seis,wexnovi,4226 25th avenue rock island il,rock island city illinois 4226 25nd ave
S1-969021002,S2-27168010,India,0.0031144353561103344,Missing address,16,0.5127,0.7893,0.0,0.0,0.0,0.0,escorts products limited,sri escorts poceucs limited,c o harikesh tyagi v bhidawali iradat nagar kheragarh agra uttar pradesh,
S1-500575881,S3-634750809,India,0.0031068117823451757,Other residual,5,0.8788,0.6488,0.0769,1.0,0.0,0.0,gx solutions private limited,gx gx solutions,no 39 tamil nadu chennai andal nagar first main road adambakkam chennai,1 chennai tn
S1-580140920,S3-122173977,US,0.0030420219991356134,Transliteration / phonetic variation,10,0.6978,0.7716,0.0909,1.0,0.0,0.0,eastern clear chesapeake inc,clearchesapeakeeastern com,312 8th street gulf shores al,31 8th st baldwin county alabama
S1-548528648,S2-433407148,US,0.0030180613975971937,Other residual,5,0.6653,0.3965,0.2727,1.0,0.0,0.0,wjf hartford,viozephlyra,512 bingham court fl 0 millersville md,bingham ct po box 7506 millersville md
S1-242850809,S3-333025713,US,0.002995886607095599,Other residual,8,0.6001,0.4325,0.2,1.0,0.0,0.0,safe property networks corp,drexfluxvantage,nc 807 kingswood drive cary,kingswood dr null cary township north carolina
S1-630246246,S3-358117181,US,0.002975130220875144,Other residual,24,0.7655,0.5278,0.2857,1.0,0.0,0.0,cardinal inc,miraflux,1106 vermillion street plano il,vermillion st plano illinois
S1-120232159,S3-235930522,India,0.002933686366304755,Address weak / name strong,4,0.9089,0.9385,0.0769,1.0,0.0,0.0,all impex llp,all impex,676 kishanu square viyyur ph jn opp kseb thrissur kerala,thrissur 6 76 thrissur kerlm
S1-384269656,S3-176991823,US,0.002914621727541089,Missing address,19,0.5809,0.8833,0.0,0.0,0.0,0.0,jefferson regional arcelormittal llc,jefferson regiona1,5209 51st drive az phoenix,
S1-826717128,S3-831358083,India,0.0028907021041959524,Other residual,25,0.5604,0.4835,0.3571,1.0,0.0,0.0,new delhi india private limited,synnovi,west delhi new delhi delhi m i g flats vatika apartments mayapuri e 29b,e 29b new delhi south west delhi dilli
S1-515212338,S3-243974321,US,0.002848915057256818,Other residual,5,0.7084,0.4226,0.2857,1.0,0.0,0.0,rois llc,zetalum,16504 113th avenue surprise az,113th ave surprise arizona
S1-495204722,S2-155834486,US,0.0027307486161589622,Missing address,6,0.5395,0.8532,0.0,0.0,0.0,0.0,renae bayne inpoint partners,renae 8ayne,9719 nina street omaha ne,
S1-275249176,S3-118551853,India,0.0027052024379372597,Missing address,11,0.6226,0.7389,0.0,0.0,0.0,0.0,flying and sons private limited,smt flying and s0ns limited partners,deshmukh lay out near burande lay out arvi naka wardha maharashtra,
S1-558168273,S3-902298807,US,0.0027014140505343676,Other residual,25,0.4993,0.55,0.2727,1.0,0.0,1.0,anvil corp,veramira,619 saint andrews drive gulf shores al,619 saint andrews dr baldwin county alabama
S1-574670454,S3-267130974,US,0.0026969020254909992,Other residual,3,0.6906,0.4952,0.25,1.0,0.0,0.0,ninaor rmg,soldrex,12408 parkhill avenue cleveland oh,1257 parkhill ave cleveland ohio
S1-395556614,S3-732556268,India,0.0026541510596871376,Other residual,29,0.4541,0.4111,0.3333,1.0,0.0,0.0,sarasita shagun,synlum,51 6 canal road thiruvanmiyur madras madras chennai tamil nadu,madras chennai tn no 701 51 6
S1-569553993,S3-645258073,India,0.0026331674307584763,Address weak / name strong,6,0.9002,0.9448,0.0833,1.0,0.0,0.0,ziraendra investments company,ziraendra investments,b304 radiance mercury gandhi nagar perumbakkam kanchipuram tamil nadu,b 304 kanchipuram tmilnatu
S1-380760117,S3-815489963,India,0.002551400102674961,Missing address,12,0.657,0.7323,0.0,0.0,0.0,0.0,dunamis coating ltd,mr dunamis ciading ltd,plot no 605 industrial area phase 9 sector 66 mohali punjab,
S1-569197906,S3-319904131,India,0.002532357582822442,Missing address,4,0.6398,0.6944,0.0,0.0,0.0,0.0,neesa advisors,neesa center,darya ganj ansari road 4827 24 new delhi delhi,
S1-819465065,S3-853618785,US,0.0024526126217097044,Other residual,26,0.499,0.6079,0.1,1.0,0.0,0.0,pr capital madison inc,pcmadison com,3722 68th avenue portland or,722 68th ave portladn township oregon
S1-331104371,S3-438239560,India,0.002349760616198182,Address weak / name strong,4,0.7972,0.9006,0.0625,1.0,0.0,0.0,sahyadri finance pvt ltd,sahyadri pvt ltd center,r21 orion bhulabhai desai road omer park a k marg mumbai maharashtra,r 21 null mumbai mh
S1-179906553,S3-356023957,India,0.0023443633690476418,Name weak / address strong,17,0.7825,0.6464,0.5,1.0,0.0,0.0,big constructions pvt ltd,big kmstrksms pra li,maharashtra gidney park penninsula apartments 38 pune g01,g01 penninsula apartments 38 mumbai pune mh
S1-179906553,S3-156622196,India,0.0023443633690476418,Name weak / address strong,16,0.7825,0.6464,0.5,1.0,0.0,0.0,big constructions pvt ltd,big kmstrksms pra li,maharashtra gidney park penninsula apartments 38 pune g01,g01 penninsula apartments 38 mumbai pune mh
S1-495537038,S3-663513266,India,0.0022279147524386644,Missing address,12,0.5539,0.6263,0.0,0.0,0.0,0.0,vsv housing,vsv partners,441 441 942 1942 t p no 66 nr bhimnath bridge sayajigunj vadodara gujarat,
S1-846194279,S3-605234849,India,0.0021968819200992584,Other residual,21,0.5479,0.4542,0.2,1.0,0.0,0.0,pankh hospitality partners,yumajax,neelanjanam kera nagar 7 chanthakkada murunthal b kerala kollam,neelanjanam kollam kl
S1-437529425,S3-286912493,India,0.002189209684729576,Other residual,23,0.4648,0.6386,0.1739,1.0,0.0,0.0,mumbai exports private limited,exportsmumbai com,a g002 ground floor plot 8 pt tower no 7 lodha estrella salt pan road wadala truc k terminal mumbai mumbai city maharashtra,a g002 mumbai mumbai city mh
S1-405395735,S3-952860731,US,0.0020025793928653,Other residual,6,0.7248,0.5,0.2857,1.0,0.0,0.0,bc modern graf inc,umbramiraquo,2 grace lane cromwell ct,connecticut cromwell grace ln
S1-18557376,S3-64402084,India,0.0019350023940205574,Both moderately similar,30,0.4187,0.6739,0.2632,1.0,0.0,0.0,foyer synthetics private limited,fsprivate com,d no 16 ashirwad bunglows bh rivera arcade prahlad nagar road s atellite ahmedabad gujarat,block b 231 d no 16 atellite ahmedabad gj
S1-903218114,S3-554409659,India,0.001879149698652327,Missing address,22,0.6338,0.7301,0.0,0.0,0.0,0.0,kamath labs pvt ltd,sri kamath labs pvt ltd 7784174650,noida uttar pradesh gautam buddha nagar kh no 832 vill gulawati sector 162 gautam budh nagar,
S1-539154089,S2-391725094,India,0.0018712618621066213,Transliteration / phonetic variation,26,0.3891,0.8026,0.1429,1.0,0.0,0.0,balaji food private limited,private balaji f0od ltd,bl ii kkrs smr vinay fountain head vasanthanagar telangana hyderabad flat no 1206,hyderabad 01206 telangana hyderabad
S1-212571952,S2-700848772,India,0.001866291742771864,Other residual,14,0.7033,0.5188,0.1429,1.0,0.0,0.0,balaji consultants private limited,sri korgild,14 jaldhara apartment 2nd floor near surdhara circle thaltej ahmedabad ahmedabad 13 ahmedabad gujarat,ahmedabad gujarat ahmedabad 1 3
S1-772914321,S2-456930275,US,0.0018518478609621525,Other residual,26,0.492,0.4273,0.2727,1.0,0.0,0.0,heart trust partners,nylagildavi,4717 rock pipit court highlands ranch co,717 rock pipit ct littleton cty co
S1-993557744,S3-102567008,US,0.0018500154837965965,Other residual,24,0.5444,0.5015,0.2222,1.0,0.0,0.0,36 hour homecare llc,verazetaarc,5509 traders way greensboro nc,550 traders way greensobro north carolina
S1-937995745,S3-701500256,US,0.0018175400327891111,Other residual,14,0.6119,0.6464,0.3,1.0,0.0,0.0,fresh vertical,verticalfreshcom,kansas city 4931 cleveland avenue ks,4882 1 2 cleveland ave kansas city kansas
S1-210425382,S3-444347916,US,0.001785100670531392,Address weak / name strong,2,0.6652,0.8996,0.0909,1.0,0.0,0.0,morse romero and jayne parts,morse rogbrssro and jayne parts,eagan mn 1967 covington lane,1953 covington ln saint palu city minnesota
S1-939760174,S2-712583672,US,0.001754305325448513,Missing address,27,0.3445,0.8581,0.0,0.0,0.0,0.0,family physicians,the family physicians,211 stallion run trail dewey az,
S1-147311061,S3-457107801,India,0.0016975615872070193,Both moderately similar,20,0.7172,0.7599,0.25,1.0,0.0,0.0,shivam ventures private limited,sibm bhencars praibhet limited,2 95 naktal kolkata howrah west bengal,naktal howrah wb
S1-4518450,S3-883194421,US,0.0016909311525523663,Transliteration / phonetic variation,30,0.467,0.8222,0.1,1.0,0.0,0.0,arts council,arts center center,90 cross road la grange ny,cross rd lagrangeville new york
S1-78287168,S3-630426531,India,0.0016748711932450533,Other residual,14,0.6665,0.624,0.4286,1.0,0.0,0.0,my infra pvt ltd,dr myinfra com,16 12 basement araya samajh road karol bagh new delhi central delhi delhi,door no 16 12 basement new delhi central delhi dilli
S1-568275000,S2-322025595,India,0.0016286395257338881,Other residual,22,0.5759,0.5065,0.4615,1.0,0.0,0.0,parivar institute of technology,iptechnology com,graphic house erangal village bus stop fazalbhoywadi madh island malad west mumbai maharashtra,graphic house mumbai malad west maharashtra
S1-873318937,S2-892082764,India,0.0016140214866027236,Both moderately similar,26,0.4549,0.7478,0.3,1.0,0.0,0.0,international dharashiv creations,creations daharsagiv lnternational,flat no 202 etna block f halcyon residential complex padmalaya studios road no 78 jubilee hills hyderabad telangana sy no 403 shaikpet,sy no 403 shaikpet hyderabad telangana
S1-302802764,S3-465900939,US,0.0015918147983029485,Other residual,19,0.559,0.494,0.375,1.0,0.0,0.0,premier property studios llc,ect0flux,8813 sioux trail kansas city mo,sioux trl missouri kansas city
S1-988832754,S3-386785291,India,0.001583824516274035,Other residual,26,0.5004,0.4648,0.3125,1.0,0.0,0.0,bhuj finance limited,haloumbra,office no s 5 shri hari complex opp shri ram kanta village madhapar bhuj kachchh gujarat,office no s 5 kachchh gujrat
S1-734288111,S3-197087539,India,0.0015602264320477843,Other residual,5,0.6104,0.2937,0.2222,1.0,0.0,0.0,realize communication,synnovi,assumption view opp st joseph church off m g road dahanukarwadi kandival i west mumbai mumbai city maharashtra,assumption view mumbai mumbai city mh
S1-923056913,S3-445818170,India,0.0014970973134040833,Other residual,25,0.5629,0.5463,0.3529,1.0,0.0,0.0,surya power private limited,yumanovi,saibaba nagar soc nr r r trivedi school vejalpur ahmadabad city ahmedabad gujarat,door no g 148 saibaba nagar soc nr r r ahmedabad gj
S1-168580042,S2-4851436,US,0.0014858164358884096,Name weak / address strong,11,0.7187,0.5865,0.5,1.0,0.0,0.0,interstate coalition,icoalition com,420 s 3rd st louisville ky,00420 south 3rd st louisville ky
S1-790793844,S3-535437130,US,0.0014360989443957806,Both moderately similar,10,0.7214,0.685,0.25,1.0,0.0,0.0,brown international,brown service,712 speedway street trumann ar,speedway saint trumann cty arkansas
S1-325684495,S3-393013835,India,0.0013939893105998635,Address weak / name strong,22,0.5288,0.8737,0.0833,1.0,0.0,0.0,indian it private limited,imdiyn it private limited,maharashtra cc9013 ce9014 ce9016 9th flr tower c bharat diamond bourse bandra kurla complex ba ndra e mumbai city mumbai ce9010,mumbai city bombay ce90 10 mh
S1-930535454,S3-73064943,India,0.001393075566738844,Other residual,30,0.4548,0.8019,0.0952,1.0,0.0,0.0,real construction private limited,riyl knstrksn praivet limited,bangalore 2nd floor chs 707 opp all india radio qtrs 4th phase main road yelahanka new tow n karnataka 738 bangalore,738 bangalore ka
S1-756952460,S3-674427811,India,0.0013870027614757419,Name weak / address strong,19,0.5575,0.5889,0.5,1.0,0.0,0.0,jaipur studies private limited,psjaipur com,plot no c 133 gali no kumawat colony jaipur rajasthan,plot no c 133 jaipur rajsthan
S1-25216665,S3-509659075,US,0.001358121633529663,Other residual,9,0.6323,0.4306,0.3,1.0,0.0,0.0,nexque,brixaria,309 eighth street unit rm leavenworth wa,washington 8th st leavenworth unit rm
S1-32052390,S3-590831966,US,0.001353928237222135,Other residual,5,0.5454,0.5182,0.3333,1.0,0.0,0.0,holewinski groves and mcclung,hg com,23910 windy valley road leander tx,0023897 windy valley rd leander texas
S1-219962606,S3-581809232,US,0.0013196736108511686,Other residual,7,0.7557,0.4738,0.2857,1.0,0.0,0.0,u and o alpex,uoalpex com,15 midstate drive auburn ma,midstate dr auburn massachusetts
S1-949723328,S3-420024463,India,0.001286494079977274,Both moderately similar,11,0.6214,0.6807,0.2308,1.0,0.0,0.0,prolink vidyalaya,prolink center,03 sagar park shankar nagar gangapur road nashik maharashtra,0 3 sagar park nashik bombay mh
S1-165076454,S3-443918044,US,0.0012357415398582816,Address weak / name strong,8,0.6668,0.9034,0.0769,1.0,0.0,0.0,green preferred digitalbridge,green preferred,390 galloway street unit 513w washington dc,galloway st null washinggton district of columbia
S1-960970504,S3-200129707,India,0.001233761548064649,Missing address,8,0.6677,0.794,0.0,0.0,0.0,0.0,cubes software,sri cubes softwbaor,b4 703 7th floor towerb4 cherry county gh 05b bishrakh gautam buddha nagar uttar pradesh,
S1-759842385,S2-15732401,US,0.001210387796163559,Other residual,19,0.5976,0.5011,0.3333,1.0,0.0,0.0,s t and o eastern corp,st0 com,9817 132nd street court puyallup wa,132st street court null puyalllup wa
S1-947884181,S3-366271970,India,0.0011802088702097535,Both moderately similar,25,0.5791,0.6946,0.25,1.0,0.0,0.0,guru consultancy pvt ltd,guru kmsltemsi pra li,a 55 delhi new delhi second floor fiee o i a phase ii near c lal chowk delhi,new delhi delhi dl a 55
S1-112272615,S3-7966649,US,0.0011800267966464162,Other residual,10,0.6793,0.5669,0.1818,1.0,0.0,0.0,salas heritage security,hssecurity com,295 sebago road naples me,95 sebago rd po box 418 naples maine
S1-489411170,S2-806741541,India,0.0011567798210307956,Other residual,28,0.4425,0.6208,0.3529,1.0,0.0,0.0,creative foundation,krietiv phaumdesn,12 to 15 rainbow hsg society park royal flat no c 1102 rahatani pune city pune maharashtra,no 12 to 15 pune city pune mharastr
S1-837939750,S2-16943332,India,0.001153868855908513,Other residual,23,0.5735,0.667,0.129,1.0,0.0,0.0,first trading pvt ltd,phsrr tredimg praivrr limirrd,ward no 37 door no 2963 old 50 926 a sy no 65 1 b and 1 a 2 tfi business bpo total tower near devankulangara elamakkara dotspace business center ernakulam kerala,block e 963 dotspace business center ernakulam kerlm
S1-690693385,S3-483197604,India,0.0011498344829306006,Other residual,29,0.4973,0.421,0.2727,1.0,0.0,0.0,tiruppur services clinic,cirazetawex,no 60 1st street kallampalayam tiruppur coimbatore tamil nadu,tmilnatu tiruppur mettupalayam no 60
S1-197213488,S3-141495572,US,0.0011420230148360133,Address weak / name strong,3,0.8259,0.9746,0.0,1.0,0.0,0.0,ching gay and christenson source,ching gay and christens0n source,31837 19th lane phoenix az,daisy mountain arizona 1837 19st ln
S1-482200864,S2-748179881,India,0.00109708437230438,Both moderately similar,22,0.73,0.6966,0.3529,1.0,0.0,0.0,future it private limited,phiucar aiti praibhet limited,krishna building 2nd floor room no 207 224 a j c bose road kolkata howrah west bengal,krishna building kolkata howrah west bengal
S1-640529726,S2-631460085,India,0.001086119213141501,Both moderately similar,11,0.4269,0.771,0.2727,1.0,0.0,0.0,trendset and co,sri tfrcenet and co,5th flr runwal and omkar esquare mumbai maharashtra,h no 5th flr mumbai mharastr
S1-620145776,S3-430257474,US,0.0010733415838330984,Other residual,6,0.698,0.5583,0.3333,1.0,0.0,0.0,vius inc,vantagearc,514 del rio lane avondale az,0514 del rio ln avondale arizona
S1-597402099,S3-175074753,US,0.0010722337756305933,Other residual,4,0.6064,0.5896,0.3,1.0,0.0,0.0,orozco s star sciences,ossciences com,2456 osage avenue fl 0 wichita ks,osage ave kansas wichita floor 0
S1-837939750,S3-212938449,India,0.0010221797274425626,Other residual,24,0.5227,0.667,0.1333,1.0,0.0,0.0,first trading pvt ltd,phsrr tredimg praivrr limirrd,ward no 37 door no 2963 old 50 926 a sy no 65 1 b and 1 a 2 tfi business bpo total tower near devankulangara elamakkara dotspace business center ernakulam kerala,dotspace business center kochi region ernakulam kerlm
S1-826032796,S3-30078397,India,0.00101871055085212,Other residual,20,0.5715,0.3111,0.3571,1.0,0.0,0.0,rocket mouldings ltd,avievo,room no 205 welcome plaza s 551 school block ii shakarpur delhi north delhi delhi,room no 205 delhi north delhi dl
S1-558504706,S3-425749805,US,0.0010064931120723486,Other residual,25,0.4308,0.602,0.3636,1.0,0.0,0.0,pesoft modern bancorporation llc,bpmodern com,306 8th street unit apt 3 pleasanton ks,apt 3 pleasnaton kansas 306 eighth street
S1-621483479,S3-779717331,India,0.000976995681412518,Other residual,24,0.4925,0.4995,0.4444,1.0,0.0,0.0,gases infratech private limited,halodeltaecto,plot no 54 55 gidc matar matar kheda gujarat,no 54 55 kheda gj
S1-815305138,S3-307167651,India,0.0009670591680333018,Both moderately similar,25,0.6554,0.6915,0.4167,1.0,0.0,0.0,pioneer pioneer business private limited,pay oniy ar pay oniy ar bijnes praibhet limited,kolkata 285 b b ganguly st west bengal calcutta,door no 285 b b ganguly st sallopat calcutta wb
S1-221801629,S3-684321152,India,0.0009192024008370936,Other residual,4,0.7161,0.6896,0.1333,1.0,0.0,0.0,ilika brothers private limited,m s ilika 8rothers limited center,plot no 8 shop no b 11 shri ram apartment gandhi path jaipur jaipur rajasthan,plot no 7 rj
S1-769139505,S3-498418797,US,0.0009046256309375167,Other residual,3,0.6315,0.5707,0.3333,1.0,0.0,0.0,eyg quest,questeygcom,5123 red fox trail asheboro nc,red fox trl asheboro north carolina
S1-789798713,S2-603565287,India,0.0008849481819197536,Other residual,23,0.4927,0.4524,0.3846,1.0,0.0,0.0,all constructions pvt ltd,mr fluxzephjax,no 263 180 kodagalahatti village hunasamaranahalli post jala hobli bengaluru bidar karnataka,no 263 180 bengaluru bidar krnatk
S1-982493171,S2-917312459,India,0.0008667330257594585,Other residual,28,0.4822,0.6403,0.2143,1.0,0.0,0.0,vision perfect energy,bhijn prphekt enrji,plot no 6gh 1150 c14 sector 9 cda bidanasi cuttack orissa,h no gh bidanasi cuttack odisha
S1-207709740,S3-13572186,US,0.0008533822256140411,Address weak / name strong,1,1.0,0.9455,0.0,1.0,0.0,0.0,vanguard preferred electrical llc,vanguard electrical preferred llc,968 24th street troutdale or,24rd st troutdalec ity oregon
S1-718345691,S2-576152341,US,0.000820995366666466,Other residual,26,0.6007,0.5553,0.2222,1.0,0.0,0.0,physical therapy cascade care llc,ariajax,dc 711 irving street unit 2 washington,irving st wasington dc
S1-505655648,S2-399416022,India,0.0008166615152731538,Missing address,5,0.7248,0.5924,0.0,0.0,0.0,0.0,sashakt sangh,dr sashakt center,2b apex plaza 3 uttamar gandhi road nungambakkam madras 34 nungambakkam madras 34 tamil nadu,
S1-791191036,S2-224623012,US,0.0008105128654278815,Other residual,23,0.5192,0.4229,0.3,1.0,0.0,0.0,cornerstone commercial group,fayenylabelo 7418981479,unit apartment 13 southport ny 1281 pennsylvania avenue,pennsylvania avenue pine city ny
S1-408120041,S3-833402442,India,0.0007462686044164002,Both moderately similar,26,0.6021,0.7111,0.2857,1.0,0.0,0.0,great foundation,dr great fiadon,569 165 ka bara birwa kanpur road lucknow uttar pradesh,door no 569 165 ka uttr prdes lucknow
S1-107415707,S2-929849218,India,0.0007434478029608727,Both moderately similar,24,0.3915,0.6563,0.3077,1.0,0.0,0.0,om care,om services,no 501 5th floor retreat signals belathur main road krishnarajapura bangalore karnataka,no 501 bengaluru bangalore karnataka
S1-897232367,S3-230574504,US,0.0007314970716834068,Other residual,22,0.6093,0.6178,0.2222,1.0,0.0,0.0,foot and ankle highland group,f0ot,638 111th lane avondale az,0638 111th ln avondale toownship arizona
S1-22588253,S3-436541785,India,0.0006911412929184735,Acronym / name truncation,12,0.5661,0.6167,0.1875,1.0,0.0,0.0,vaayutech rollers center,vrcenter com,plot no 3 r s no 36p 3 and 4 village kobdi tal bhavnagar bhavnagar gujarat,plot no 5 null bhavnagar gujrat
S1-639800244,S2-993049110,US,0.0006609036354348063,Other residual,21,0.4326,0.3712,0.3,1.0,0.0,0.0,empire farms inc,vantagepyra,114 windridge road beech mountain nc,1 windridge road null banner elk nc
S1-920353183,S2-605865426,India,0.0006494317203760147,Other residual,7,0.5318,0.4952,0.3636,1.0,0.0,0.0,ask and co,tavonex,d11 khasra no 2226 sarswati enclave sarvana nagar lucknow uttar pradesh,lucknow d11 uttar pradesh lucknow
S1-644584592,S2-236660414,US,0.0005887016304768622,Other residual,8,0.6499,0.4852,0.4286,1.0,0.0,0.0,coastal midwest safeguard llc,miraorbi www miraorbi com,20400 79 jacksonville tx,79 po box 2032 jacksonville tx
S1-419580931,S2-44022597,US,0.0005587091436609626,Other residual,14,0.5575,0.4907,0.3636,1.0,0.0,0.0,g and g rocket llc,gildtavo,3845 119th avenue unit apartment 7 coon rapids mn,mn 4845 119st avenue coon rapids
S1-648959984,S2-392539949,India,0.0005201809690333903,Other residual,22,0.4214,0.4327,0.125,1.0,0.0,0.0,burj centre private limited,veojaxflux,bhive ramanshree no 2 1 brunton rd off mahatma gandhi road opposite old passport office craig park layout ashok nagar bangalore north bangalore karnataka,bhive bangalore north bangalore krnatk
S1-317072770,S2-74203889,US,0.0005061457632109523,Name weak / address strong,10,0.5836,0.4286,0.5,1.0,0.0,0.0,ace ncr,brixsyn,1104 3rd street luzerne township pa,01104 3rd street hiller township pa
S1-661118553,S3-432564005,India,0.0004854708386119455,Transliteration / phonetic variation,5,0.5247,0.7378,0.1538,1.0,0.0,0.0,pjr knight private limited,privateknight com,449 455 orange textile park 1 lindiat karanj mandvi surat gujarat,00449 455 surat gj
S1-338741452,S3-273630144,US,0.00047271762741729617,Other residual,22,0.5808,0.6961,0.1,1.0,0.0,0.0,dermatology medicine inc,medicinedermatology com,2121 legacy lane city of madison wi,legacy ln madisson wisconsin
S1-307652972,S2-966553076,India,0.0004606283036991954,Other residual,21,0.5821,0.442,0.1818,1.0,0.0,0.0,shree foundation india private limited,lumvantagekor,dispensary health services yojna sector 4 lucknow uttar pradesh,dispensary lucknow uttr prdes
S1-698003874,S2-131185409,India,0.00044384185457602143,Transliteration / phonetic variation,3,0.663,0.7372,0.0667,1.0,0.0,0.0,sarasora infrastructure limited,service sarasora limited,502 glen eagle tata colony g d ambedkar marg parel mumbai mumbai city maharashtra,500 bombay maharashtra
S1-147806819,S2-669527306,India,0.00044295613770373166,Other residual,27,0.3776,0.4808,0.2143,1.0,0.0,0.0,hari ventures private limited,shri zephquo,at daitapada sahi near hatajodi thakurani ps puri town dist puri puri puri orissa,at datiapada sahi puri od isa
S1-42628744,S3-943235730,India,0.00043833753443323076,Other residual,26,0.3616,0.3849,0.1765,1.0,0.0,0.0,south tech llp,calonovibrix,shree mansion laxmi dharam kanta lane opposite old ioc depot 22 godam jaipur rajasthan,no 756 shree mansion jaipur rj
S1-590041123,S3-231180113,India,0.00043312396155670285,Other residual,6,0.6519,0.6202,0.0952,1.0,0.0,0.0,sg homes partners,m s sg homes services,1 hospital street 2nd floor satyam market opposite hanuman mandir po princep street ps bo wbazar kolkata kolkata howrah west bengal,126 1 kolkata wb
S1-803350004,S3-609438724,India,0.00038590095937252045,Acronym / name truncation,21,0.503,0.6852,0.1176,1.0,0.0,0.0,apex exports,aexports com,guriya p c no 17 old 4 new settlement no 129 bearing no 175 2 chhindwara madhya pradesh,guriya chhindwara mp
S1-367182215,S3-705153078,US,0.00037817706470377743,Address weak / name strong,8,0.8495,0.9381,0.0,1.0,0.0,0.0,memorial committee,memorialcommittee com,822 138th street unit lot 38 town of garfield wi,822c 138st st amery wisconsin
S1-623562078,S3-24619074,India,0.00034542885259725153,Other residual,15,0.5462,0.547,0.2857,1.0,0.0,0.0,entity nirman,sri lumdelta,no 32 kanakadas complex hale antravalli road ranebennur haveri karnataka,dnor no 32 n a ranebennur haveri krnatk
S1-192429874,S3-612109455,India,0.00034496482112444937,Other residual,13,0.5419,0.5905,0.2,1.0,0.0,0.0,aone stock,dr aone center,office no 1902 panvel floor no 19th kamdhenu commerz kharghar navi mumbai sector 14 plot no 2 raigarh mh maharashtra,ofice no 902 panvel raigarh mh mh
S1-364592600,S3-850321194,US,0.00033161736791953444,Other residual,22,0.7078,0.5873,0.3636,1.0,0.0,0.0,c 2 a advisors,c2 www c com,5378 highway 146 holly grove ar,05378 highway 146 po box 8206 holly grove arkansas
S1-423833226,S3-740540004,India,0.000316261692205444,Other residual,24,0.4942,0.5963,0.2308,1.0,0.0,0.0,mj and brothers pvt ltd,mjbrothers com id 38398,flat 158ff lumbini app kaushambi sec14 ghaziabad uttar pradesh,door no 325 flat 158ff ghaziabad up
S1-54139052,S3-986476013,India,0.00030747707933187485,Address weak / name strong,2,1.0,1.0,0.0,1.0,0.0,0.0,gurus infrastructure limited,gurus infrastructure limited,205 golf links new delhi delhi,0205 south dl
S1-599170640,S3-557122677,India,0.0002723407233133912,Other residual,8,0.5685,0.579,0.3077,1.0,0.0,0.0,mango metal private limited,smt avilyrabrix,flat no 1301 buddha tower rohit heights lucknow uttar pradesh,door no 130 buddha tower lucknow up
S1-42796614,S3-465774486,India,0.0002338119229534641,Other residual,25,0.3747,0.6932,0.0909,1.0,0.0,0.0,ecolife academy corporation,ectomiraarc,361a puthuparampil house areepparambu p o kottayam kerala,3 61a kottayam kl
S1-523292004,S3-480518061,India,0.00019906637317035347,Other residual,21,0.4519,0.4266,0.2143,1.0,0.0,0.0,newwave enterprises,m s umbrawex,door no xv 395e 2 floor valayil bldng kalathipady kottayam kerala,deor no xv 0395e kottayam kl
S1-811658474,S3-948388234,US,0.0001907207624753937,Address weak / name strong,2,0.9665,0.9655,0.0,1.0,0.0,0.0,eggers secure integrated corp,eggers secure integrated,monroe 21732 144th street wa,washington woods creek 21731 144rd st
S1-175543081,S3-541236901,US,0.00018046953482553363,Other residual,10,0.5366,0.528,0.2222,1.0,0.0,0.0,sylvester smart industries inc,sismart com,tx 133 honopu drive bastrop,133 honpou dr null texas bastrop
S1-923393038,S3-572764268,US,0.0001377747830701992,Other residual,21,0.5489,0.4425,0.1429,1.0,0.0,0.0,zephial costamare llc,ciraquo id 23974,380 fulton street unit apartment b2 farmingdale ny,fulton st po box 7180 farmingdale new york
S1-251905721,S2-619183178,India,0.00012064124894095585,Missing address,26,0.5647,0.5333,0.0,0.0,0.0,0.0,sr and co,mr sr,mig flat no 492 south delhi delhi t f block d 5 vasant kunj new delhi delhi,
S1-447026153,S2-75427178,India,8.179240103345364e-05,Other residual,23,0.4452,0.5539,0.3333,1.0,0.0,0.0,absolute india india pvt ltd,m s veranylazeph,302 303 third floor icon market 52 street mahesana gujarat,0302 303 third floor panchot gujarat
S1-820510216,S3-274737374,India,3.711928366101347e-05,Other residual,23,0.3161,0.5576,0.1765,1.0,0.0,0.0,si and sons limited,5i sons,a 701 emporio cts no 360 etc opp erla nursing home irla sv road mumbai maharashtra,a 701 mumbai mh
